timestamp_us,op_type,chunk_id,latency_us,ok,bytes
1776916149761422,GET,chunk_0,31,0,0
1776916149761422,GET,chunk_0,33,0,0
1776916149761437,GET,chunk_0,19,0,0
1776916149761428,PUT,chunk_0,35,0,4096
1776916149761492,PUT,chunk_0,10,0,4096
1776916149761480,GET,chunk_0,13,0,0
1776916149761469,PUT,chunk_0,12,0,4096
1776916149761503,GET,chunk_0,14,0,0
1776916149761509,GET,chunk_0,10,0,0
1776916149761516,GET,chunk_4,10,0,0
1776916149761523,GET,chunk_0,10,0,0
1776916149761531,GET,chunk_3,11,0,0
1776916149761538,PUT,chunk_4,9,0,4096
1776916149761544,GET,chunk_0,9,0,0
1776916149761551,GET,chunk_0,9,0,0
1776916149761558,PUT,chunk_3,9,0,4096
1776916149761564,GET,chunk_0,9,0,0
1776916149761570,GET,chunk_0,11,0,0
1776916149761577,PUT,chunk_0,10,0,4096
1776916149761583,GET,chunk_0,10,0,0
1776916149761590,GET,chunk_0,9,0,0
1776916149761596,GET,chunk_0,9,0,0
1776916149761602,GET,chunk_0,9,0,0
1776916149761608,GET,chunk_0,9,0,0
1776916149761614,GET,chunk_0,9,0,0
1776916149761620,PUT,chunk_0,9,0,4096
1776916149761626,GET,chunk_0,9,0,0
1776916149761632,GET,chunk_0,9,0,0
1776916149761638,PUT,chunk_4,9,0,4096
1776916149761644,GET,chunk_0,9,0,0
1776916149761650,GET,chunk_0,9,0,0
1776916149761657,GET,chunk_0,9,0,0
1776916149761664,GET,chunk_0,8,0,0
1776916149761670,GET,chunk_0,9,0,0
1776916149761676,GET,chunk_0,9,0,0
1776916149761682,GET,chunk_0,9,0,0
1776916149761688,PUT,chunk_3,9,0,4096
1776916149761693,GET,chunk_0,9,0,0
1776916149761699,GET,chunk_0,9,0,0
1776916149761705,PUT,chunk_0,9,0,4096
1776916149761711,PUT,chunk_0,9,0,4096
1776916149761716,GET,chunk_0,8,0,0
1776916149761722,PUT,chunk_0,9,0,4096
1776916149761727,GET,chunk_0,9,0,0
1776916149761733,PUT,chunk_0,9,0,4096
1776916149761739,GET,chunk_0,9,0,0
1776916149761744,PUT,chunk_0,9,0,4096
1776916149761750,PUT,chunk_0,8,0,4096
1776916149761755,GET,chunk_0,9,0,0
1776916149761761,PUT,chunk_0,9,0,4096
1776916149761766,GET,chunk_0,9,0,0
1776916149761772,GET,chunk_4,8,0,0
1776916149761778,GET,chunk_0,9,0,0
1776916149761783,PUT,chunk_0,9,0,4096
1776916149761788,GET,chunk_0,9,0,0
1776916149761794,GET,chunk_0,8,0,0
1776916149761800,PUT,chunk_0,9,0,4096
1776916149761805,GET,chunk_0,9,0,0
1776916149761811,PUT,chunk_0,9,0,4096
1776916149761817,GET,chunk_0,8,0,0
1776916149761827,GET,chunk_0,9,0,0
1776916149761822,GET,chunk_0,9,0,0
1776916149761833,PUT,chunk_0,9,0,4096
1776916149761842,GET,chunk_1,10,0,0
1776916149761847,PUT,chunk_0,9,0,4096
1776916149761838,GET,chunk_0,10,0,0
1776916149761856,PUT,chunk_0,10,0,4096
1776916149761861,GET,chunk_1,9,0,0
1776916149761852,GET,chunk_0,10,0,0
1776916149761866,GET,chunk_0,9,0,0
1776916149761875,PUT,chunk_0,10,0,4096
1776916149761880,GET,chunk_0,9,0,0
1776916149761871,PUT,chunk_0,10,0,4096
1776916149761890,GET,chunk_3,10,0,0
1776916149761894,GET,chunk_0,9,0,0
1776916149761899,GET,chunk_0,9,0,0
1776916149761885,PUT,chunk_0,9,0,4096
1776916149761908,GET,chunk_0,11,0,0
1776916149761913,GET,chunk_3,10,0,0
1776916149761918,GET,chunk_0,9,0,0
1776916149761923,GET,chunk_4,9,0,0
1776916149761928,PUT,chunk_0,9,0,4096
1776916149761932,GET,chunk_0,9,0,0
1776916149761904,GET,chunk_0,10,0,0
1776916149761941,GET,chunk_0,10,0,0
1776916149761946,GET,chunk_1,9,0,0
1776916149761937,GET,chunk_0,9,0,0
1776916149761951,GET,chunk_2,10,0,0
1776916149761955,GET,chunk_0,10,0,0
1776916149761960,GET,chunk_0,11,0,0
1776916149761965,PUT,chunk_4,13,0,4096
1776916149761975,PUT,chunk_2,9,0,4096
1776916149761980,PUT,chunk_0,9,0,4096
1776916149761970,GET,chunk_0,12,0,0
1776916149761986,PUT,chunk_2,10,0,4096
1776916149761994,PUT,chunk_0,10,0,4096
1776916149761999,GET,chunk_0,9,0,0
1776916149761989,GET,chunk_2,11,0,0
1776916149762004,PUT,chunk_0,9,0,4096
1776916149762012,PUT,chunk_0,10,0,4096
1776916149762017,GET,chunk_0,9,0,0
1776916149762022,GET,chunk_0,9,0,0
1776916149762009,PUT,chunk_0,9,0,4096
1776916149762031,GET,chunk_0,10,0,0
1776916149762036,PUT,chunk_4,9,0,4096
1776916149762027,GET,chunk_0,10,0,0
1776916149762045,PUT,chunk_0,10,0,4096
1776916149762050,GET,chunk_0,9,0,0
1776916149762055,GET,chunk_0,9,0,0
1776916149762041,GET,chunk_4,9,0,0
1776916149762063,GET,chunk_0,10,0,0
1776916149762068,PUT,chunk_0,9,0,4096
1776916149762059,PUT,chunk_3,10,0,4096
1776916149762073,GET,chunk_0,9,0,0
1776916149762078,PUT,chunk_1,9,0,4096
1776916149762089,PUT,chunk_0,8,0,4096
1776916149762094,GET,chunk_1,9,0,0
1776916149762105,GET,chunk_0,10,0,0
1776916149762110,GET,chunk_0,9,0,0
1776916149762099,GET,chunk_0,9,0,0
1776916149762115,GET,chunk_0,10,0,0
1776916149762124,GET,chunk_3,10,0,0
1776916149762129,PUT,chunk_0,9,0,4096
1776916149762134,GET,chunk_0,9,0,0
1776916149762119,GET,chunk_0,10,0,0
1776916149762138,GET,chunk_0,10,0,0
1776916149762142,PUT,chunk_0,12,0,4096
1776916149762152,GET,chunk_0,10,0,0
1776916149762157,GET,chunk_0,9,0,0
1776916149762163,GET,chunk_0,11,0,0
1776916149762147,GET,chunk_0,12,0,0
1776916149762173,GET,chunk_0,9,0,0
1776916149762178,GET,chunk_0,9,0,0
1776916149762166,GET,chunk_0,10,0,0
1776916149762183,GET,chunk_0,10,0,0
1776916149762191,GET,chunk_1,10,0,0
1776916149762196,GET,chunk_0,9,0,0
1776916149762201,PUT,chunk_0,9,0,4096
1776916149762206,PUT,chunk_0,9,0,4096
1776916149762210,PUT,chunk_0,10,0,4096
1776916149762215,PUT,chunk_2,9,0,4096
1776916149762220,PUT,chunk_0,9,0,4096
1776916149762224,GET,chunk_0,9,0,0
1776916149762228,PUT,chunk_0,10,0,4096
1776916149762233,GET,chunk_0,9,0,0
1776916149762238,PUT,chunk_0,9,0,4096
1776916149762242,PUT,chunk_0,10,0,4096
1776916149762247,PUT,chunk_0,10,0,4096
1776916149762252,PUT,chunk_0,9,0,4096
1776916149762257,GET,chunk_4,9,0,0
1776916149762261,PUT,chunk_0,9,0,4096
1776916149762187,GET,chunk_0,11,0,0
1776916149762266,GET,chunk_0,10,0,0
1776916149762270,GET,chunk_4,13,0,0
1776916149762280,GET,chunk_0,11,0,0
1776916149762285,GET,chunk_0,10,0,0
1776916149762290,PUT,chunk_0,9,0,4096
1776916149762275,PUT,chunk_0,12,0,4096
1776916149762295,GET,chunk_0,11,0,0
1776916149762304,GET,chunk_0,10,0,0
1776916149762309,GET,chunk_0,9,0,0
1776916149762299,GET,chunk_0,13,0,0
1776916149762318,GET,chunk_0,10,0,0
1776916149762322,GET,chunk_0,10,0,0
1776916149762327,GET,chunk_0,10,0,0
1776916149762332,GET,chunk_4,9,0,0
1776916149762337,GET,chunk_0,9,0,0
1776916149762341,GET,chunk_0,9,0,0
1776916149762315,PUT,chunk_0,10,0,4096
1776916149762346,GET,chunk_0,10,0,0
1776916149762355,PUT,chunk_0,10,0,4096
1776916149762360,GET,chunk_0,9,0,0
1776916149762365,GET,chunk_2,9,0,0
1776916149762350,GET,chunk_3,10,0,0
1776916149762369,GET,chunk_0,11,0,0
1776916149762378,GET,chunk_0,10,0,0
1776916149762384,PUT,chunk_0,9,0,4096
1776916149762374,PUT,chunk_1,11,0,4096
1776916149762389,PUT,chunk_0,9,0,4096
1776916149762393,GET,chunk_0,10,0,0
1776916149762402,GET,chunk_0,11,0,0
1776916149762407,PUT,chunk_0,10,0,4096
1776916149762413,GET,chunk_0,9,0,0
1776916149762417,GET,chunk_1,9,0,0
1776916149762397,GET,chunk_3,11,0,0
1776916149762426,GET,chunk_0,10,0,0
1776916149762431,PUT,chunk_0,9,0,4096
1776916149762422,GET,chunk_4,10,0,0
1776916149762436,PUT,chunk_0,10,0,4096
1776916149762445,PUT,chunk_4,10,0,4096
1776916149762450,PUT,chunk_0,9,0,4096
1776916149762441,GET,chunk_3,10,0,0
1776916149762455,GET,chunk_0,9,0,0
1776916149762463,GET,chunk_0,11,0,0
1776916149762468,PUT,chunk_0,10,0,4096
1776916149762474,GET,chunk_0,9,0,0
1776916149762478,PUT,chunk_0,9,0,4096
1776916149762483,GET,chunk_0,9,0,0
1776916149762459,PUT,chunk_0,10,0,4096
1776916149762492,GET,chunk_0,10,0,0
1776916149762496,GET,chunk_0,10,0,0
1776916149762488,PUT,chunk_0,9,0,4096
1776916149762506,GET,chunk_0,9,0,0
1776916149762510,PUT,chunk_1,9,0,4096
1776916149762515,GET,chunk_0,9,0,0
1776916149762501,GET,chunk_0,10,0,0
1776916149762524,PUT,chunk_0,11,0,4096
1776916149762529,GET,chunk_0,10,0,0
1776916149762535,GET,chunk_0,9,0,0
1776916149762539,GET,chunk_0,10,0,0
1776916149762520,GET,chunk_0,10,0,0
1776916149762554,GET,chunk_0,11,0,0
1776916149762548,GET,chunk_0,11,0,0
1776916149762543,PUT,chunk_0,11,0,4096
1776916149762569,PUT,chunk_0,8,0,4096
1776916149762574,GET,chunk_0,10,0,0
1776916149762580,GET,chunk_0,10,0,0
1776916149762584,GET,chunk_2,11,0,0
1776916149762565,GET,chunk_0,25,0,0
1776916149762588,GET,chunk_3,9,0,0
1776916149762595,GET,chunk_0,9,0,0
1776916149762600,GET,chunk_0,8,0,0
1776916149762612,GET,chunk_0,9,0,0
1776916149762618,GET,chunk_0,9,0,0
1776916149762626,GET,chunk_3,9,0,0
1776916149762623,GET,chunk_0,9,0,0
1776916149762636,PUT,chunk_0,8,0,4096
1776916149762640,PUT,chunk_0,9,0,4096
1776916149762607,PUT,chunk_0,13,0,4096
1776916149762649,GET,chunk_0,11,0,0
1776916149762654,GET,chunk_0,10,0,0
1776916149762645,GET,chunk_0,10,0,0
1776916149762660,GET,chunk_0,12,0,0
1776916149762665,GET,chunk_0,11,0,0
1776916149762672,GET,chunk_0,10,0,0
1776916149762668,GET,chunk_0,11,0,0
1776916149762678,GET,chunk_0,10,0,0
1776916149762687,PUT,chunk_0,10,0,4096
1776916149762692,PUT,chunk_0,9,0,4096
1776916149762683,GET,chunk_0,10,0,0
1776916149762701,GET,chunk_0,10,0,0
1776916149762705,GET,chunk_4,10,0,0
1776916149762710,GET,chunk_3,9,0,0
1776916149762698,GET,chunk_0,11,0,0
1776916149762720,GET,chunk_0,9,0,0
1776916149762724,PUT,chunk_0,9,0,4096
1776916149762715,PUT,chunk_0,9,0,4096
1776916149762733,PUT,chunk_0,10,0,4096
1776916149762738,GET,chunk_0,9,0,0
1776916149762730,PUT,chunk_0,11,0,4096
1776916149762748,PUT,chunk_0,10,0,4096
1776916149762752,GET,chunk_0,10,0,0
1776916149762743,PUT,chunk_2,10,0,4096
1776916149762758,PUT,chunk_0,9,0,4096
1776916149762766,GET,chunk_0,10,0,0
1776916149762771,GET,chunk_0,9,0,0
1776916149762762,PUT,chunk_0,11,0,4096
1776916149762777,GET,chunk_0,10,0,0
1776916149762781,PUT,chunk_0,11,0,4096
1776916149762785,GET,chunk_0,10,0,0
1776916149762793,GET,chunk_2,9,0,0
1776916149762799,GET,chunk_0,9,0,0
1776916149762805,GET,chunk_0,8,0,0
1776916149762810,GET,chunk_0,9,0,0
1776916149762816,PUT,chunk_0,9,0,4096
1776916149762821,GET,chunk_0,9,0,0
1776916149762827,GET,chunk_0,8,0,0
1776916149762832,GET,chunk_0,9,0,0
1776916149762837,GET,chunk_0,8,0,0
1776916149762843,GET,chunk_0,9,0,0
1776916149762849,GET,chunk_0,8,0,0
1776916149762854,PUT,chunk_1,9,0,4096
1776916149762859,GET,chunk_0,8,0,0
1776916149762865,GET,chunk_0,9,0,0
1776916149762871,GET,chunk_0,8,0,0
1776916149762876,GET,chunk_2,8,0,0
1776916149762881,PUT,chunk_0,9,0,4096
1776916149762887,GET,chunk_2,9,0,0
1776916149762898,GET,chunk_0,10,0,0
1776916149762903,GET,chunk_0,9,0,0
1776916149762893,GET,chunk_1,8,0,0
1776916149762908,PUT,chunk_0,10,0,4096
1776916149762916,GET,chunk_0,10,0,0
1776916149762922,GET,chunk_0,9,0,0
1776916149762912,GET,chunk_0,11,0,0
1776916149762927,PUT,chunk_4,10,0,4096
1776916149762936,GET,chunk_0,10,0,0
1776916149762941,PUT,chunk_3,9,0,4096
1776916149762932,GET,chunk_0,10,0,0
1776916149762946,GET,chunk_2,10,0,0
1776916149762955,GET,chunk_0,10,0,0
1776916149762960,GET,chunk_0,9,0,0
1776916149762950,PUT,chunk_0,10,0,4096
1776916149762965,PUT,chunk_0,10,0,4096
1776916149762974,GET,chunk_0,10,0,0
1776916149762979,GET,chunk_1,9,0,0
1776916149762969,PUT,chunk_3,11,0,4096
1776916149762984,GET,chunk_0,9,0,0
1776916149762992,GET,chunk_0,11,0,0
1776916149762997,GET,chunk_2,10,0,0
1776916149763002,PUT,chunk_0,9,0,4096
1776916149762988,GET,chunk_0,11,0,0
1776916149763011,GET,chunk_0,10,0,0
1776916149763017,GET,chunk_0,9,0,0
1776916149763022,GET,chunk_0,10,0,0
1776916149763007,GET,chunk_0,11,0,0
1776916149763027,GET,chunk_0,12,0,0
1776916149763030,GET,chunk_0,14,0,0
1776916149763045,PUT,chunk_0,9,0,4096
1776916149763051,GET,chunk_0,9,0,0
1776916149763038,GET,chunk_0,10,0,0
1776916149763056,PUT,chunk_0,10,0,4096
1776916149763064,GET,chunk_0,10,0,0
1776916149763069,PUT,chunk_2,9,0,4096
1776916149763060,PUT,chunk_0,11,0,4096
1776916149763078,GET,chunk_0,10,0,0
1776916149763083,GET,chunk_2,10,0,0
1776916149763088,GET,chunk_4,9,0,0
1776916149763093,GET,chunk_3,10,0,0
1776916149763097,PUT,chunk_0,9,0,4096
1776916149763102,PUT,chunk_2,9,0,4096
1776916149763107,GET,chunk_0,10,0,0
1776916149763111,GET,chunk_2,10,0,0
1776916149763116,GET,chunk_4,9,0,0
1776916149763121,GET,chunk_0,9,0,0
1776916149763074,GET,chunk_0,10,0,0
1776916149763130,GET,chunk_0,10,0,0
1776916149763134,GET,chunk_0,9,0,0
1776916149763126,PUT,chunk_4,9,0,4096
1776916149763140,PUT,chunk_0,9,0,4096
1776916149763148,GET,chunk_0,10,0,0
1776916149763153,PUT,chunk_0,9,0,4096
1776916149763159,GET,chunk_0,9,0,0
1776916149763163,GET,chunk_0,10,0,0
1776916149763168,GET,chunk_0,9,0,0
1776916149763173,GET,chunk_0,9,0,0
1776916149763177,GET,chunk_4,10,0,0
1776916149763187,GET,chunk_4,9,0,0
1776916149763182,GET,chunk_0,10,0,0
1776916149763196,GET,chunk_0,8,0,0
1776916149763200,GET,chunk_3,9,0,0
1776916149763144,PUT,chunk_4,10,0,4096
1776916149763205,GET,chunk_0,10,0,0
1776916149763214,GET,chunk_0,11,0,0
1776916149763219,GET,chunk_0,10,0,0
1776916149763224,GET,chunk_0,9,0,0
1776916149763209,GET,chunk_0,11,0,0
1776916149763229,GET,chunk_0,10,0,0
1776916149763238,PUT,chunk_0,10,0,4096
1776916149763243,PUT,chunk_0,9,0,4096
1776916149763233,GET,chunk_0,10,0,0
1776916149763253,PUT,chunk_3,10,0,4096
1776916149763257,PUT,chunk_0,10,0,4096
1776916149763262,GET,chunk_0,9,0,0
1776916149763248,GET,chunk_0,9,0,0
1776916149763267,PUT,chunk_0,10,0,4096
1776916149763276,GET,chunk_4,10,0,0
1776916149763281,PUT,chunk_0,9,0,4096
1776916149763271,PUT,chunk_0,11,0,4096
1776916149763291,GET,chunk_4,10,0,0
1776916149763295,PUT,chunk_2,9,0,4096
1776916149763300,GET,chunk_0,9,0,0
1776916149763287,GET,chunk_3,9,0,0
1776916149763309,GET,chunk_0,10,0,0
1776916149763314,PUT,chunk_0,9,0,4096
1776916149763305,GET,chunk_0,10,0,0
1776916149763319,PUT,chunk_3,9,0,4096
1776916149763328,GET,chunk_0,10,0,0
1776916149763333,GET,chunk_0,9,0,0
1776916149763324,GET,chunk_0,10,0,0
1776916149763343,GET,chunk_0,10,0,0
1776916149763347,GET,chunk_0,10,0,0
1776916149763338,PUT,chunk_0,9,0,4096
1776916149763352,GET,chunk_0,11,0,0
1776916149763361,PUT,chunk_0,10,0,4096
1776916149763366,PUT,chunk_0,10,0,4096
1776916149763357,GET,chunk_0,11,0,0
1776916149763372,GET,chunk_0,10,0,0
1776916149763380,PUT,chunk_0,10,0,4096
1776916149763386,GET,chunk_0,9,0,0
1776916149763391,GET,chunk_0,9,0,0
1776916149763375,GET,chunk_0,11,0,0
1776916149763399,GET,chunk_0,11,0,0
1776916149763404,GET,chunk_0,10,0,0
1776916149763410,GET,chunk_0,9,0,0
1776916149763414,GET,chunk_0,10,0,0
1776916149763419,PUT,chunk_0,10,0,4096
1776916149763396,GET,chunk_1,10,0,0
1776916149763422,GET,chunk_4,9,0,0
1776916149763429,GET,chunk_0,8,0,0
1776916149763434,GET,chunk_0,9,0,0
1776916149763439,GET,chunk_1,9,0,0
1776916149763445,PUT,chunk_4,9,0,4096
1776916149763450,PUT,chunk_0,9,0,4096
1776916149763456,GET,chunk_0,8,0,0
1776916149763461,PUT,chunk_4,8,0,4096
1776916149763467,GET,chunk_0,9,0,0
1776916149763472,PUT,chunk_0,9,0,4096
1776916149763477,GET,chunk_0,9,0,0
1776916149763482,GET,chunk_0,9,0,0
1776916149763488,GET,chunk_0,9,0,0
1776916149763493,PUT,chunk_0,9,0,4096
1776916149763498,PUT,chunk_0,9,0,4096
1776916149763504,GET,chunk_0,9,0,0
1776916149763509,GET,chunk_2,8,0,0
1776916149763514,GET,chunk_0,8,0,0
1776916149763520,PUT,chunk_0,9,0,4096
1776916149763525,GET,chunk_0,9,0,0
1776916149763531,GET,chunk_0,9,0,0
1776916149763536,PUT,chunk_0,9,0,4096
1776916149763541,GET,chunk_0,8,0,0
1776916149763547,GET,chunk_0,9,0,0
1776916149763552,PUT,chunk_0,9,0,4096
1776916149763558,GET,chunk_0,9,0,0
1776916149763563,GET,chunk_0,9,0,0
1776916149763569,PUT,chunk_0,8,0,4096
1776916149763574,PUT,chunk_0,9,0,4096
1776916149763580,PUT,chunk_4,9,0,4096
1776916149763585,GET,chunk_0,9,0,0
1776916149763590,GET,chunk_1,8,0,0
1776916149763595,PUT,chunk_0,9,0,4096
1776916149763601,PUT,chunk_0,9,0,4096
1776916149763606,GET,chunk_0,9,0,0
1776916149763611,GET,chunk_0,9,0,0
1776916149763617,GET,chunk_3,8,0,0
1776916149763622,GET,chunk_0,9,0,0
1776916149763629,GET,chunk_1,9,0,0
1776916149763634,GET,chunk_1,9,0,0
1776916149763640,GET,chunk_0,9,0,0
1776916149763646,GET,chunk_0,9,0,0
1776916149763651,GET,chunk_0,9,0,0
1776916149763657,GET,chunk_0,8,0,0
1776916149763664,PUT,chunk_0,9,0,4096
1776916149763669,PUT,chunk_1,9,0,4096
1776916149763674,GET,chunk_0,9,0,0
1776916149763680,GET,chunk_2,9,0,0
1776916149763685,GET,chunk_0,9,0,0
1776916149763690,PUT,chunk_0,9,0,4096
1776916149763701,GET,chunk_1,10,0,0
1776916149763707,GET,chunk_4,9,0,0
1776916149763696,GET,chunk_0,9,0,0
1776916149763716,PUT,chunk_0,11,0,4096
1776916149763720,PUT,chunk_0,10,0,4096
1776916149763726,GET,chunk_0,9,0,0
1776916149763712,GET,chunk_0,9,0,0
1776916149763731,GET,chunk_0,10,0,0
1776916149763740,GET,chunk_0,10,0,0
1776916149763735,GET,chunk_0,11,0,0
1776916149763745,GET,chunk_0,10,0,0
1776916149763759,GET,chunk_0,9,0,0
1776916149763754,PUT,chunk_4,11,0,4096
1776916149763768,GET,chunk_3,9,0,0
1776916149763773,GET,chunk_0,9,0,0
1776916149763750,PUT,chunk_1,10,0,4096
1776916149763778,PUT,chunk_0,10,0,4096
1776916149763787,GET,chunk_0,10,0,0
1776916149763792,GET,chunk_0,9,0,0
1776916149763782,GET,chunk_2,11,0,0
1776916149763797,GET,chunk_3,10,0,0
1776916149763805,GET,chunk_0,11,0,0
1776916149763811,PUT,chunk_0,10,0,4096
1776916149763816,GET,chunk_0,9,0,0
1776916149763821,GET,chunk_0,9,0,0
1776916149763825,GET,chunk_0,10,0,0
1776916149763830,PUT,chunk_1,10,0,4096
1776916149763835,PUT,chunk_0,9,0,4096
1776916149763840,PUT,chunk_0,10,0,4096
1776916149763844,GET,chunk_0,9,0,0
1776916149763849,PUT,chunk_0,9,0,4096
1776916149763854,GET,chunk_0,9,0,0
1776916149763858,GET,chunk_0,10,0,0
1776916149763863,GET,chunk_1,10,0,0
1776916149763868,GET,chunk_0,10,0,0
1776916149763872,GET,chunk_4,9,0,0
1776916149763877,PUT,chunk_0,10,0,4096
1776916149763882,PUT,chunk_4,9,0,4096
1776916149763886,GET,chunk_0,9,0,0
1776916149763801,GET,chunk_4,11,0,0
1776916149763896,GET,chunk_0,10,0,0
1776916149763900,GET,chunk_0,10,0,0
1776916149763905,PUT,chunk_2,10,0,4096
1776916149763910,GET,chunk_0,9,0,0
1776916149763891,GET,chunk_0,10,0,0
1776916149763915,GET,chunk_0,10,0,0
1776916149763923,PUT,chunk_4,10,0,4096
1776916149763929,PUT,chunk_0,9,0,4096
1776916149763934,GET,chunk_2,9,0,0
1776916149763938,GET,chunk_0,10,0,0
1776916149763943,PUT,chunk_0,9,0,4096
1776916149763948,GET,chunk_0,9,0,0
1776916149763952,PUT,chunk_0,9,0,4096
1776916149763957,GET,chunk_0,9,0,0
1776916149763962,PUT,chunk_0,9,0,4096
1776916149763966,GET,chunk_0,9,0,0
1776916149763920,GET,chunk_0,10,0,0
1776916149763976,GET,chunk_0,9,0,0
1776916149763980,GET,chunk_0,10,0,0
1776916149763985,GET,chunk_0,10,0,0
1776916149763990,PUT,chunk_0,9,0,4096
1776916149763995,GET,chunk_0,9,0,0
1776916149763971,PUT,chunk_2,10,0,4096
1776916149764004,GET,chunk_0,10,0,0
1776916149764008,PUT,chunk_0,10,0,4096
1776916149764013,GET,chunk_1,9,0,0
1776916149764018,PUT,chunk_0,9,0,4096
1776916149764022,GET,chunk_3,10,0,0
1776916149764027,GET,chunk_0,9,0,0
1776916149764032,PUT,chunk_4,9,0,4096
1776916149764037,GET,chunk_1,9,0,0
1776916149764041,GET,chunk_0,9,0,0
1776916149764046,GET,chunk_0,9,0,0
1776916149764000,GET,chunk_1,9,0,0
1776916149764055,PUT,chunk_0,10,0,4096
1776916149764051,GET,chunk_0,10,0,0
1776916149764060,GET,chunk_0,9,0,0
1776916149764065,GET,chunk_2,8,0,0
1776916149764078,GET,chunk_4,8,0,0
1776916149764083,PUT,chunk_0,9,0,4096
1776916149764088,PUT,chunk_0,9,0,4096
1776916149764093,PUT,chunk_1,9,0,4096
1776916149764099,PUT,chunk_0,9,0,4096
1776916149764104,GET,chunk_0,9,0,0
1776916149764115,GET,chunk_0,9,0,0
1776916149764120,GET,chunk_0,9,0,0
1776916149764109,GET,chunk_0,9,0,0
1776916149764125,GET,chunk_0,10,0,0
1776916149764133,GET,chunk_0,10,0,0
1776916149764139,PUT,chunk_0,9,0,4096
1776916149764129,GET,chunk_0,11,0,0
1776916149764144,GET,chunk_0,9,0,0
1776916149764152,GET,chunk_0,10,0,0
1776916149764157,PUT,chunk_0,9,0,4096
1776916149764162,GET,chunk_0,9,0,0
1776916149764148,GET,chunk_0,10,0,0
1776916149764167,GET,chunk_0,10,0,0
1776916149764176,GET,chunk_0,10,0,0
1776916149764181,GET,chunk_0,9,0,0
1776916149764186,GET,chunk_0,9,0,0
1776916149764190,PUT,chunk_3,10,0,4096
1776916149764196,GET,chunk_0,10,0,0
1776916149764200,PUT,chunk_0,9,0,4096
1776916149764205,GET,chunk_0,9,0,0
1776916149764171,PUT,chunk_2,11,0,4096
1776916149764214,GET,chunk_0,9,0,0
1776916149764218,GET,chunk_0,9,0,0
1776916149764210,GET,chunk_0,9,0,0
1776916149764228,PUT,chunk_0,9,0,4096
1776916149764232,GET,chunk_0,10,0,0
1776916149764237,GET,chunk_0,10,0,0
1776916149764242,PUT,chunk_0,9,0,4096
1776916149764247,GET,chunk_0,9,0,0
1776916149764224,PUT,chunk_0,9,0,4096
1776916149764252,PUT,chunk_0,9,0,4096
1776916149764260,GET,chunk_0,10,0,0
1776916149764265,PUT,chunk_3,9,0,4096
1776916149764256,PUT,chunk_0,10,0,4096
1776916149764271,GET,chunk_4,11,0,0
1776916149764279,GET,chunk_0,10,0,0
1776916149764284,GET,chunk_2,9,0,0
1776916149764275,GET,chunk_0,11,0,0
1776916149764294,GET,chunk_0,10,0,0
1776916149764298,GET,chunk_3,10,0,0
1776916149764308,PUT,chunk_0,9,0,4096
1776916149764303,GET,chunk_3,9,0,0
1776916149764290,GET,chunk_0,9,0,0
1776916149764316,PUT,chunk_0,8,0,4096
1776916149764322,GET,chunk_2,8,0,0
1776916149764327,PUT,chunk_3,9,0,4096
1776916149764332,GET,chunk_0,9,0,0
1776916149764338,GET,chunk_0,9,0,0
1776916149764343,GET,chunk_0,9,0,0
1776916149764348,GET,chunk_0,9,0,0
1776916149764354,PUT,chunk_0,9,0,4096
1776916149764359,PUT,chunk_0,9,0,4096
1776916149764364,PUT,chunk_0,9,0,4096
1776916149764369,PUT,chunk_0,9,0,4096
1776916149764375,GET,chunk_0,9,0,0
1776916149764380,GET,chunk_0,9,0,0
1776916149764385,PUT,chunk_0,9,0,4096
1776916149764391,PUT,chunk_0,9,0,4096
1776916149764396,GET,chunk_0,9,0,0
1776916149764401,PUT,chunk_0,9,0,4096
1776916149764406,PUT,chunk_0,9,0,4096
1776916149764412,GET,chunk_0,9,0,0
1776916149764417,GET,chunk_0,9,0,0
1776916149764422,PUT,chunk_0,9,0,4096
1776916149764428,GET,chunk_0,8,0,0
1776916149764433,GET,chunk_0,9,0,0
1776916149764444,GET,chunk_0,10,0,0
1776916149764438,GET,chunk_0,9,0,0
1776916149764449,PUT,chunk_0,10,0,4096
1776916149764454,GET,chunk_0,10,0,0
1776916149764463,GET,chunk_0,11,0,0
1776916149764468,GET,chunk_0,9,0,0
1776916149764474,GET,chunk_0,9,0,0
1776916149764486,GET,chunk_0,9,0,0
1776916149764478,GET,chunk_0,29,0,0
1776916149764458,GET,chunk_0,12,0,0
1776916149764483,GET,chunk_0,20,0,0
1776916149764538,PUT,chunk_0,9,0,4096
1776916149764512,GET,chunk_0,11,0,0
1776916149764511,PUT,chunk_4,11,0,4096
1776916149764551,GET,chunk_0,11,0,0
1776916149764557,PUT,chunk_0,12,0,4096
1776916149764548,GET,chunk_0,17,0,0
1776916149764561,GET,chunk_0,10,0,0
1776916149764567,PUT,chunk_0,8,0,4096
1776916149764579,GET,chunk_0,10,0,0
1776916149764584,PUT,chunk_3,9,0,4096
1776916149764589,GET,chunk_0,9,0,0
1776916149764573,GET,chunk_0,9,0,0
1776916149764594,GET,chunk_0,10,0,0
1776916149764598,GET,chunk_0,11,0,0
1776916149764601,PUT,chunk_0,10,0,4096
1776916149764605,GET,chunk_0,11,0,0
1776916149764609,GET,chunk_0,11,0,0
1776916149764612,PUT,chunk_0,10,0,4096
1776916149764616,GET,chunk_0,10,0,0
1776916149764623,GET,chunk_0,9,0,0
1776916149764628,GET,chunk_0,9,0,0
1776916149764620,GET,chunk_0,10,0,0
1776916149764634,GET,chunk_0,10,0,0
1776916149764642,GET,chunk_0,11,0,0
1776916149764647,PUT,chunk_0,9,0,4096
1776916149764637,GET,chunk_1,11,0,0
1776916149764652,GET,chunk_0,9,0,0
1776916149764661,PUT,chunk_0,10,0,4096
1776916149764666,GET,chunk_0,9,0,0
1776916149764657,PUT,chunk_2,10,0,4096
1776916149764675,PUT,chunk_0,10,0,4096
1776916149764680,GET,chunk_0,9,0,0
1776916149764685,GET,chunk_0,9,0,0
1776916149764689,GET,chunk_0,9,0,0
1776916149764694,GET,chunk_0,9,0,0
1776916149764698,PUT,chunk_4,9,0,4096
1776916149764671,GET,chunk_0,9,0,0
1776916149764708,GET,chunk_0,10,0,0
1776916149764712,PUT,chunk_3,10,0,4096
1776916149764703,PUT,chunk_1,9,0,4096
1776916149764717,GET,chunk_0,10,0,0
1776916149764727,PUT,chunk_0,10,0,4096
1776916149764732,GET,chunk_4,9,0,0
1776916149764722,GET,chunk_0,10,0,0
1776916149764737,PUT,chunk_0,10,0,4096
1776916149764745,GET,chunk_0,10,0,0
1776916149764741,GET,chunk_0,10,0,0
1776916149764751,PUT,chunk_0,9,0,4096
1776916149764757,GET,chunk_0,10,0,0
1776916149764759,GET,chunk_0,10,0,0
1776916149764763,GET,chunk_0,9,0,0
1776916149764772,GET,chunk_0,10,0,0
1776916149764777,GET,chunk_4,9,0,0
1776916149764782,GET,chunk_0,9,0,0
1776916149764767,PUT,chunk_0,10,0,4096
1776916149764790,GET,chunk_0,10,0,0
1776916149764795,PUT,chunk_0,9,0,4096
1776916149764786,GET,chunk_0,11,0,0
1776916149764805,GET,chunk_0,10,0,0
1776916149764809,PUT,chunk_0,10,0,4096
1776916149764814,GET,chunk_0,9,0,0
1776916149764801,GET,chunk_0,9,0,0
1776916149764819,GET,chunk_0,11,0,0
1776916149764828,GET,chunk_3,10,0,0
1776916149764833,PUT,chunk_0,9,0,4096
1776916149764838,GET,chunk_0,9,0,0
1776916149764823,GET,chunk_0,11,0,0
1776916149764843,GET,chunk_0,9,0,0
1776916149764847,PUT,chunk_0,10,0,4096
1776916149764851,GET,chunk_0,10,0,0
1776916149764870,GET,chunk_0,8,0,0
1776916149764876,PUT,chunk_0,9,0,4096
1776916149764882,GET,chunk_0,9,0,0
1776916149764887,GET,chunk_1,9,0,0
1776916149764893,GET,chunk_1,9,0,0
1776916149764909,GET,chunk_2,8,0,0
1776916149764904,GET,chunk_2,8,0,0
1776916149764917,GET,chunk_1,10,0,0
1776916149764922,PUT,chunk_0,10,0,4096
1776916149764927,GET,chunk_1,9,0,0
1776916149764898,PUT,chunk_0,9,0,4096
1776916149764932,GET,chunk_0,10,0,0
1776916149764940,GET,chunk_0,10,0,0
1776916149764946,GET,chunk_0,9,0,0
1776916149764936,GET,chunk_0,11,0,0
1776916149764956,PUT,chunk_0,10,0,4096
1776916149764960,PUT,chunk_0,10,0,4096
1776916149764965,GET,chunk_0,9,0,0
1776916149764952,GET,chunk_0,9,0,0
1776916149764970,GET,chunk_0,9,0,0
1776916149764979,GET,chunk_0,10,0,0
1776916149764984,GET,chunk_0,9,0,0
1776916149764975,GET,chunk_0,10,0,0
1776916149764993,GET,chunk_1,11,0,0
1776916149764998,GET,chunk_0,10,0,0
1776916149765003,GET,chunk_0,9,0,0
1776916149765009,GET,chunk_0,9,0,0
1776916149765013,GET,chunk_0,9,0,0
1776916149765018,GET,chunk_0,9,0,0
1776916149765022,GET,chunk_0,9,0,0
1776916149765027,GET,chunk_0,9,0,0
1776916149764989,GET,chunk_0,10,0,0
1776916149765036,GET,chunk_0,10,0,0
1776916149765040,GET,chunk_0,9,0,0
1776916149765032,GET,chunk_0,10,0,0
1776916149765050,GET,chunk_0,10,0,0
1776916149765054,GET,chunk_0,9,0,0
1776916149765060,PUT,chunk_3,9,0,4096
1776916149765065,GET,chunk_0,9,0,0
1776916149765068,PUT,chunk_0,10,0,4096
1776916149765074,PUT,chunk_3,9,0,4096
1776916149765046,GET,chunk_1,10,0,0
1776916149765078,GET,chunk_0,10,0,0
1776916149765087,GET,chunk_0,10,0,0
1776916149765092,GET,chunk_0,9,0,0
1776916149765097,GET,chunk_4,9,0,0
1776916149765083,PUT,chunk_0,10,0,4096
1776916149765106,GET,chunk_0,11,0,0
1776916149765111,GET,chunk_3,10,0,0
1776916149765116,GET,chunk_0,9,0,0
1776916149765102,GET,chunk_0,11,0,0
1776916149765126,GET,chunk_0,9,0,0
1776916149765130,GET,chunk_0,9,0,0
1776916149765121,GET,chunk_0,10,0,0
1776916149765136,PUT,chunk_0,10,0,4096
1776916149765144,GET,chunk_0,11,0,0
1776916149765149,GET,chunk_0,10,0,0
1776916149765154,PUT,chunk_4,9,0,4096
1776916149765159,GET,chunk_0,9,0,0
1776916149765164,GET,chunk_0,9,0,0
1776916149765169,GET,chunk_4,9,0,0
1776916149765173,GET,chunk_2,10,0,0
1776916149765178,GET,chunk_0,10,0,0
1776916149765182,GET,chunk_0,9,0,0
1776916149765187,GET,chunk_0,9,0,0
1776916149765192,GET,chunk_1,9,0,0
1776916149765196,PUT,chunk_0,10,0,4096
1776916149765201,GET,chunk_3,9,0,0
1776916149765206,PUT,chunk_0,9,0,4096
1776916149765211,GET,chunk_4,9,0,0
1776916149765215,GET,chunk_0,9,0,0
1776916149765220,PUT,chunk_3,9,0,4096
1776916149765225,GET,chunk_0,9,0,0
1776916149765229,GET,chunk_0,9,0,0
1776916149765234,GET,chunk_0,9,0,0
1776916149765238,GET,chunk_3,9,0,0
1776916149765244,GET,chunk_0,9,0,0
1776916149765248,GET,chunk_0,9,0,0
1776916149765252,GET,chunk_0,9,0,0
1776916149765140,GET,chunk_0,11,0,0
1776916149765258,GET,chunk_0,9,0,0
1776916149765266,PUT,chunk_0,10,0,4096
1776916149765271,GET,chunk_0,9,0,0
1776916149765276,GET,chunk_1,9,0,0
1776916149765280,GET,chunk_0,9,0,0
1776916149765284,GET,chunk_0,9,0,0
1776916149765290,PUT,chunk_0,9,0,4096
1776916149765294,GET,chunk_0,10,0,0
1776916149765298,GET,chunk_0,10,0,0
1776916149765303,GET,chunk_2,9,0,0
1776916149765262,PUT,chunk_0,10,0,4096
1776916149765309,GET,chunk_0,9,0,0
1776916149765317,GET,chunk_0,9,0,0
1776916149765322,GET,chunk_0,9,0,0
1776916149765312,GET,chunk_0,11,0,0
1776916149765330,GET,chunk_0,10,0,0
1776916149765335,GET,chunk_0,9,0,0
1776916149765327,GET,chunk_4,10,0,0
1776916149765341,PUT,chunk_0,10,0,4096
1776916149765349,PUT,chunk_0,10,0,4096
1776916149765354,GET,chunk_0,10,0,0
1776916149765359,GET,chunk_0,9,0,0
1776916149765345,GET,chunk_0,11,0,0
1776916149765365,PUT,chunk_1,10,0,4096
1776916149765372,GET,chunk_0,10,0,0
1776916149765377,PUT,chunk_0,9,0,4096
1776916149765368,GET,chunk_0,10,0,0
1776916149765383,GET,chunk_0,10,0,0
1776916149765391,PUT,chunk_0,10,0,4096
1776916149765396,GET,chunk_4,9,0,0
1776916149765386,GET,chunk_0,11,0,0
1776916149765402,GET,chunk_0,9,0,0
1776916149765409,GET,chunk_4,10,0,0
1776916149765415,GET,chunk_0,9,0,0
1776916149765405,GET,chunk_0,10,0,0
1776916149765420,GET,chunk_0,10,0,0
1776916149765428,GET,chunk_0,10,0,0
1776916149765433,GET,chunk_3,9,0,0
1776916149765439,GET,chunk_0,9,0,0
1776916149765447,PUT,chunk_0,9,0,4096
1776916149765442,GET,chunk_0,10,0,0
1776916149765424,GET,chunk_0,11,0,0
1776916149765456,PUT,chunk_0,8,0,4096
1776916149765461,GET,chunk_0,8,0,0
1776916149765466,PUT,chunk_0,9,0,4096
1776916149765471,GET,chunk_0,9,0,0
1776916149765477,GET,chunk_0,8,0,0
1776916149765482,PUT,chunk_0,9,0,4096
1776916149765487,GET,chunk_0,8,0,0
1776916149765493,GET,chunk_0,8,0,0
1776916149765498,GET,chunk_4,8,0,0
1776916149765504,GET,chunk_0,9,0,0
1776916149765509,GET,chunk_4,8,0,0
1776916149765515,GET,chunk_0,8,0,0
1776916149765520,GET,chunk_1,8,0,0
1776916149765526,GET,chunk_0,9,0,0
1776916149765531,PUT,chunk_0,9,0,4096
1776916149765537,PUT,chunk_0,9,0,4096
1776916149765542,GET,chunk_0,8,0,0
1776916149765547,GET,chunk_0,8,0,0
1776916149765553,GET,chunk_0,8,0,0
1776916149765558,PUT,chunk_0,8,0,4096
1776916149765563,PUT,chunk_4,9,0,4096
1776916149765569,GET,chunk_0,8,0,0
1776916149765574,GET,chunk_0,8,0,0
1776916149765579,GET,chunk_0,8,0,0
1776916149765584,GET,chunk_3,8,0,0
1776916149765590,GET,chunk_0,9,0,0
1776916149765595,GET,chunk_0,8,0,0
1776916149765600,GET,chunk_3,8,0,0
1776916149765606,PUT,chunk_4,8,0,4096
1776916149765611,GET,chunk_0,8,0,0
1776916149765617,PUT,chunk_2,8,0,4096
1776916149765622,GET,chunk_0,8,0,0
1776916149765628,PUT,chunk_0,8,0,4096
1776916149765634,PUT,chunk_0,9,0,4096
1776916149765639,PUT,chunk_0,8,0,4096
1776916149765644,PUT,chunk_3,8,0,4096
1776916149765649,GET,chunk_0,9,0,0
1776916149765654,GET,chunk_0,8,0,0
1776916149765660,GET,chunk_0,8,0,0
1776916149765665,GET,chunk_4,8,0,0
1776916149765670,GET,chunk_1,9,0,0
1776916149765675,GET,chunk_0,9,0,0
1776916149765686,GET,chunk_0,9,0,0
1776916149765691,PUT,chunk_0,9,0,4096
1776916149765680,GET,chunk_0,8,0,0
1776916149765696,GET,chunk_0,9,0,0
1776916149765704,GET,chunk_0,10,0,0
1776916149765709,GET,chunk_0,9,0,0
1776916149765700,GET,chunk_4,10,0,0
1776916149765714,GET,chunk_0,9,0,0
1776916149765723,PUT,chunk_4,10,0,4096
1776916149765728,GET,chunk_0,9,0,0
1776916149765719,PUT,chunk_2,10,0,4096
1776916149765733,GET,chunk_0,9,0,0
1776916149765741,GET,chunk_0,10,0,0
1776916149765746,GET,chunk_3,10,0,0
1776916149765752,GET,chunk_0,9,0,0
1776916149765756,GET,chunk_0,9,0,0
1776916149765761,GET,chunk_0,9,0,0
1776916149765765,PUT,chunk_2,9,0,4096
1776916149765769,GET,chunk_0,10,0,0
1776916149765774,GET,chunk_0,9,0,0
1776916149765737,GET,chunk_0,10,0,0
1776916149765779,GET,chunk_4,9,0,0
1776916149765787,GET,chunk_0,10,0,0
1776916149765792,GET,chunk_0,10,0,0
1776916149765798,GET,chunk_0,9,0,0
1776916149765802,PUT,chunk_0,9,0,4096
1776916149765807,GET,chunk_0,9,0,0
1776916149765812,PUT,chunk_0,9,0,4096
1776916149765783,GET,chunk_0,10,0,0
1776916149765820,PUT,chunk_0,11,0,4096
1776916149765825,GET,chunk_1,9,0,0
1776916149765830,GET,chunk_0,9,0,0
1776916149765816,GET,chunk_3,10,0,0
1776916149765839,GET,chunk_0,9,0,0
1776916149765843,GET,chunk_0,9,0,0
1776916149765835,GET,chunk_0,9,0,0
1776916149765848,GET,chunk_0,9,0,0
1776916149765857,GET,chunk_2,10,0,0
1776916149765862,GET,chunk_0,9,0,0
1776916149765853,GET,chunk_1,10,0,0
1776916149765867,GET,chunk_0,9,0,0
1776916149765875,GET,chunk_0,10,0,0
1776916149765880,GET,chunk_0,9,0,0
1776916149765871,GET,chunk_0,10,0,0
1776916149765885,GET,chunk_0,10,0,0
1776916149765893,GET,chunk_0,10,0,0
1776916149765898,GET,chunk_0,9,0,0
1776916149765889,GET,chunk_0,10,0,0
1776916149765904,GET,chunk_0,10,0,0
1776916149765912,PUT,chunk_0,10,0,4096
1776916149765917,GET,chunk_1,9,0,0
1776916149765908,PUT,chunk_0,11,0,4096
1776916149765926,GET,chunk_2,9,0,0
1776916149765930,GET,chunk_3,10,0,0
1776916149765935,GET,chunk_1,9,0,0
1776916149765940,GET,chunk_0,9,0,0
1776916149765944,GET,chunk_0,9,0,0
1776916149765949,GET,chunk_0,9,0,0
1776916149765922,GET,chunk_0,9,0,0
1776916149765953,GET,chunk_0,13,0,0
1776916149765958,GET,chunk_0,13,0,0
1776916149765962,PUT,chunk_0,11,0,4096
1776916149765970,GET,chunk_0,9,0,0
1776916149765975,GET,chunk_0,9,0,0
1776916149765966,GET,chunk_0,11,0,0
1776916149765980,GET,chunk_0,10,0,0
1776916149765984,PUT,chunk_0,18,0,4096
1776916149765988,GET,chunk_0,11,0,0
1776916149765994,GET,chunk_4,12,0,0
1776916149766014,GET,chunk_0,9,0,0
1776916149766008,PUT,chunk_0,11,0,4096
1776916149766023,PUT,chunk_0,9,0,4096
1776916149766028,PUT,chunk_0,9,0,4096
1776916149766033,GET,chunk_0,9,0,0
1776916149766004,PUT,chunk_0,12,0,4096
1776916149766041,GET,chunk_0,11,0,0
1776916149766046,GET,chunk_0,10,0,0
1776916149766052,GET,chunk_0,9,0,0
1776916149766057,GET,chunk_0,9,0,0
1776916149766061,GET,chunk_0,9,0,0
1776916149766065,GET,chunk_0,9,0,0
1776916149766070,GET,chunk_0,9,0,0
1776916149766075,GET,chunk_0,9,0,0
1776916149766079,GET,chunk_0,9,0,0
1776916149766084,GET,chunk_0,9,0,0
1776916149766037,PUT,chunk_0,10,0,4096
1776916149766089,GET,chunk_0,9,0,0
1776916149766097,GET,chunk_0,11,0,0
1776916149766102,GET,chunk_0,9,0,0
1776916149766107,GET,chunk_0,9,0,0
1776916149766112,GET,chunk_0,9,0,0
1776916149766116,GET,chunk_0,10,0,0
1776916149766121,PUT,chunk_0,9,0,4096
1776916149766126,GET,chunk_0,9,0,0
1776916149766131,GET,chunk_0,9,0,0
1776916149766093,GET,chunk_0,10,0,0
1776916149766139,PUT,chunk_0,10,0,4096
1776916149766144,GET,chunk_0,9,0,0
1776916149766135,PUT,chunk_0,10,0,4096
1776916149766150,GET,chunk_0,9,0,0
1776916149766158,PUT,chunk_0,10,0,4096
1776916149766163,GET,chunk_0,10,0,0
1776916149766168,PUT,chunk_0,9,0,4096
1776916149766172,GET,chunk_2,10,0,0
1776916149766177,GET,chunk_0,10,0,0
1776916149766182,PUT,chunk_0,9,0,4096
1776916149766187,PUT,chunk_0,9,0,4096
1776916149766154,PUT,chunk_4,10,0,4096
1776916149766191,GET,chunk_0,9,0,0
1776916149766200,PUT,chunk_0,11,0,4096
1776916149766205,GET,chunk_0,9,0,0
1776916149766196,GET,chunk_3,10,0,0
1776916149766210,PUT,chunk_0,10,0,4096
1776916149766219,GET,chunk_2,10,0,0
1776916149766224,PUT,chunk_0,9,0,4096
1776916149766215,GET,chunk_1,10,0,0
1776916149766234,GET,chunk_0,10,0,0
1776916149766238,PUT,chunk_0,10,0,4096
1776916149766243,PUT,chunk_0,9,0,4096
1776916149766248,PUT,chunk_0,9,0,4096
1776916149766253,GET,chunk_0,9,0,0
1776916149766257,GET,chunk_0,9,0,0
1776916149766262,GET,chunk_0,9,0,0
1776916149766266,GET,chunk_0,9,0,0
1776916149766272,PUT,chunk_0,9,0,4096
1776916149766276,GET,chunk_4,9,0,0
1776916149766280,GET,chunk_0,9,0,0
1776916149766229,GET,chunk_0,9,0,0
1776916149766289,GET,chunk_0,10,0,0
1776916149766294,PUT,chunk_0,9,0,4096
1776916149766299,GET,chunk_0,9,0,0
1776916149766304,GET,chunk_0,9,0,0
1776916149766308,GET,chunk_3,9,0,0
1776916149766313,PUT,chunk_4,9,0,4096
1776916149766318,GET,chunk_1,9,0,0
1776916149766322,GET,chunk_4,9,0,0
1776916149766327,GET,chunk_4,9,0,0
1776916149766331,GET,chunk_3,9,0,0
1776916149766285,PUT,chunk_0,9,0,4096
1776916149766341,GET,chunk_0,9,0,0
1776916149766345,PUT,chunk_0,9,0,4096
1776916149766336,GET,chunk_0,9,0,0
1776916149766350,GET,chunk_0,9,0,0
1776916149766355,PUT,chunk_2,10,0,4096
1776916149766358,PUT,chunk_0,12,0,4096
1776916149766364,GET,chunk_0,9,0,0
1776916149766369,GET,chunk_0,9,0,0
1776916149766375,GET,chunk_0,9,0,0
1776916149766380,GET,chunk_0,9,0,0
1776916149766386,GET,chunk_0,9,0,0
1776916149766392,GET,chunk_0,8,0,0
1776916149766398,GET,chunk_4,9,0,0
1776916149766404,GET,chunk_0,8,0,0
1776916149766410,GET,chunk_2,9,0,0
1776916149766416,GET,chunk_0,8,0,0
1776916149766422,GET,chunk_0,9,0,0
1776916149766428,GET,chunk_0,9,0,0
1776916149766434,GET,chunk_0,9,0,0
1776916149766440,PUT,chunk_1,9,0,4096
1776916149766445,GET,chunk_0,9,0,0
1776916149766451,PUT,chunk_0,8,0,4096
1776916149766456,GET,chunk_0,9,0,0
1776916149766462,PUT,chunk_0,9,0,4096
1776916149766467,PUT,chunk_4,9,0,4096
1776916149766472,GET,chunk_0,8,0,0
1776916149766478,GET,chunk_0,9,0,0
1776916149766483,PUT,chunk_4,9,0,4096
1776916149766488,PUT,chunk_3,9,0,4096
1776916149766505,GET,chunk_0,13,0,0
1776916149766500,GET,chunk_0,8,0,0
1776916149766529,PUT,chunk_0,8,0,4096
1776916149766548,PUT,chunk_0,9,0,4096
1776916149766555,GET,chunk_0,8,0,0
1776916149766561,PUT,chunk_1,8,0,4096
1776916149766567,GET,chunk_0,8,0,0
1776916149766573,PUT,chunk_0,8,0,4096
1776916149766579,GET,chunk_0,8,0,0
1776916149766494,GET,chunk_0,8,0,0
1776916149766594,PUT,chunk_0,6,0,4096
1776916149766668,GET,chunk_0,8,0,0
1776916149766586,PUT,chunk_0,47,0,4096
1776916149766511,PUT,chunk_0,114,0,4096
1776916149766675,GET,chunk_0,8,0,0
1776916149766681,GET,chunk_0,8,0,0
1776916149766686,GET,chunk_0,9,0,0
1776916149766694,PUT,chunk_0,8,0,4096
1776916149766700,GET,chunk_0,9,0,0
1776916149766705,GET,chunk_0,9,0,0
1776916149766716,PUT,chunk_0,10,0,4096
1776916149766721,GET,chunk_0,9,0,0
1776916149766711,GET,chunk_0,8,0,0
1776916149766727,GET,chunk_0,11,0,0
1776916149766731,GET,chunk_0,11,0,0
1776916149766735,GET,chunk_0,11,0,0
1776916149766758,GET,chunk_0,9,0,0
1776916149766762,PUT,chunk_0,9,0,4096
1776916149766741,GET,chunk_2,9,0,0
1776916149766767,GET,chunk_0,10,0,0
1776916149766776,GET,chunk_0,10,0,0
1776916149766781,GET,chunk_0,9,0,0
1776916149766771,GET,chunk_0,11,0,0
1776916149766787,GET,chunk_0,9,0,0
1776916149766795,GET,chunk_3,10,0,0
1776916149766800,GET,chunk_1,9,0,0
1776916149766791,PUT,chunk_0,10,0,4096
1776916149766809,GET,chunk_4,10,0,0
1776916149766813,GET,chunk_0,10,0,0
1776916149766819,GET,chunk_2,10,0,0
1776916149766824,GET,chunk_1,9,0,0
1776916149766828,GET,chunk_2,9,0,0
1776916149766833,GET,chunk_0,9,0,0
1776916149766838,GET,chunk_0,9,0,0
1776916149766842,PUT,chunk_0,10,0,4096
1776916149766847,GET,chunk_0,9,0,0
1776916149766852,PUT,chunk_0,9,0,4096
1776916149766856,PUT,chunk_0,10,0,4096
1776916149766860,GET,chunk_2,10,0,0
1776916149766865,PUT,chunk_0,9,0,4096
1776916149766805,PUT,chunk_3,9,0,4096
1776916149766870,PUT,chunk_0,9,0,4096
1776916149766879,PUT,chunk_0,10,0,4096
1776916149766884,PUT,chunk_0,9,0,4096
1776916149766875,PUT,chunk_0,10,0,4096
1776916149766893,PUT,chunk_0,10,0,4096
1776916149766897,GET,chunk_0,9,0,0
1776916149766889,PUT,chunk_3,9,0,4096
1776916149766907,GET,chunk_1,10,0,0
1776916149766911,GET,chunk_0,10,0,0
1776916149766916,PUT,chunk_4,9,0,4096
1776916149766921,GET,chunk_0,9,0,0
1776916149766926,PUT,chunk_0,9,0,4096
1776916149766930,GET,chunk_0,9,0,0
1776916149766935,GET,chunk_0,9,0,0
1776916149766939,GET,chunk_0,10,0,0
1776916149766944,GET,chunk_0,10,0,0
1776916149766949,GET,chunk_0,9,0,0
1776916149766903,PUT,chunk_3,10,0,4096
1776916149766958,GET,chunk_4,10,0,0
1776916149766962,GET,chunk_0,10,0,0
1776916149766967,PUT,chunk_0,9,0,4096
1776916149766954,GET,chunk_0,9,0,0
1776916149766977,PUT,chunk_4,9,0,4096
1776916149766981,GET,chunk_0,9,0,0
1776916149766972,GET,chunk_0,11,0,0
1776916149766990,PUT,chunk_0,10,0,4096
1776916149766995,PUT,chunk_0,9,0,4096
1776916149766986,GET,chunk_0,9,0,0
1776916149767000,PUT,chunk_0,10,0,4096
1776916149767009,GET,chunk_4,10,0,0
1776916149767014,GET,chunk_0,10,0,0
1776916149767019,GET,chunk_0,9,0,0
1776916149767005,PUT,chunk_0,10,0,4096
1776916149767024,PUT,chunk_0,11,0,4096
1776916149767032,PUT,chunk_0,11,0,4096
1776916149767038,GET,chunk_0,10,0,0
1776916149767043,GET,chunk_0,9,0,0
1776916149767047,GET,chunk_0,9,0,0
1776916149767052,GET,chunk_0,9,0,0
1776916149767057,GET,chunk_4,9,0,0
1776916149767061,GET,chunk_0,10,0,0
1776916149767065,PUT,chunk_0,10,0,4096
1776916149767070,PUT,chunk_0,9,0,4096
1776916149767028,GET,chunk_0,11,0,0
1776916149767075,PUT,chunk_0,9,0,4096
1776916149767084,GET,chunk_0,10,0,0
1776916149767089,PUT,chunk_0,9,0,4096
1776916149767080,PUT,chunk_0,10,0,4096
1776916149767094,GET,chunk_1,9,0,0
1776916149767102,GET,chunk_4,10,0,0
1776916149767107,PUT,chunk_2,9,0,4096
1776916149767113,GET,chunk_1,9,0,0
1776916149767098,PUT,chunk_1,10,0,4096
1776916149767117,GET,chunk_0,11,0,0
1776916149767121,GET,chunk_0,11,0,0
1776916149767131,GET,chunk_0,10,0,0
1776916149767136,GET,chunk_0,9,0,0
1776916149767142,PUT,chunk_0,9,0,4096
1776916149767126,PUT,chunk_0,11,0,4096
1776916149767150,GET,chunk_0,10,0,0
1776916149767155,GET,chunk_0,9,0,0
1776916149767146,GET,chunk_0,10,0,0
1776916149767160,PUT,chunk_0,9,0,4096
1776916149767169,GET,chunk_2,10,0,0
1776916149767174,GET,chunk_0,9,0,0
1776916149767179,PUT,chunk_1,9,0,4096
1776916149767165,GET,chunk_0,10,0,0
1776916149767183,GET,chunk_0,10,0,0
1776916149767192,GET,chunk_0,10,0,0
1776916149767197,GET,chunk_0,9,0,0
1776916149767203,PUT,chunk_0,9,0,4096
1776916149767207,GET,chunk_0,9,0,0
1776916149767211,PUT,chunk_0,9,0,4096
1776916149767216,PUT,chunk_4,9,0,4096
1776916149767221,GET,chunk_0,9,0,0
1776916149767188,GET,chunk_0,11,0,0
1776916149767226,PUT,chunk_0,9,0,4096
1776916149767230,PUT,chunk_0,9,0,4096
1776916149767237,GET,chunk_0,8,0,0
1776916149767242,PUT,chunk_0,9,0,4096
1776916149767248,GET,chunk_0,8,0,0
1776916149767258,PUT,chunk_2,10,0,4096
1776916149767263,PUT,chunk_0,9,0,4096
1776916149767253,GET,chunk_0,8,0,0
1776916149767268,GET,chunk_1,10,0,0
1776916149767277,GET,chunk_0,10,0,0
1776916149767282,PUT,chunk_0,9,0,4096
1776916149767272,GET,chunk_0,11,0,0
1776916149767287,GET,chunk_0,9,0,0
1776916149767295,GET,chunk_1,10,0,0
1776916149767300,PUT,chunk_2,9,0,4096
1776916149767291,GET,chunk_0,10,0,0
1776916149767310,PUT,chunk_0,10,0,4096
1776916149767314,GET,chunk_0,9,0,0
1776916149767319,GET,chunk_0,9,0,0
1776916149767306,GET,chunk_3,9,0,0
1776916149767328,GET,chunk_0,10,0,0
1776916149767333,GET,chunk_0,10,0,0
1776916149767338,GET,chunk_0,10,0,0
1776916149767343,GET,chunk_0,9,0,0
1776916149767348,GET,chunk_0,9,0,0
1776916149767353,PUT,chunk_0,10,0,4096
1776916149767357,PUT,chunk_0,11,0,4096
1776916149767362,GET,chunk_0,10,0,0
1776916149767324,PUT,chunk_0,10,0,4096
1776916149767368,PUT,chunk_0,9,0,4096
1776916149767376,GET,chunk_0,10,0,0
1776916149767381,GET,chunk_0,9,0,0
1776916149767386,GET,chunk_0,9,0,0
1776916149767391,PUT,chunk_0,10,0,4096
1776916149767395,PUT,chunk_0,9,0,4096
1776916149767372,GET,chunk_0,11,0,0
1776916149767405,GET,chunk_0,9,0,0
1776916149767409,PUT,chunk_0,10,0,4096
1776916149767414,GET,chunk_1,9,0,0
1776916149767419,PUT,chunk_0,9,0,4096
1776916149767423,GET,chunk_0,9,0,0
1776916149767428,GET,chunk_0,9,0,0
1776916149767432,PUT,chunk_0,9,0,4096
1776916149767437,PUT,chunk_0,9,0,4096
1776916149767441,GET,chunk_0,9,0,0
1776916149767446,GET,chunk_0,9,0,0
1776916149767400,GET,chunk_0,9,0,0
1776916149767450,GET,chunk_0,10,0,0
1776916149767459,GET,chunk_0,10,0,0
1776916149767464,GET,chunk_2,9,0,0
1776916149767454,GET,chunk_0,11,0,0
1776916149767470,GET,chunk_2,11,0,0
1776916149767478,GET,chunk_0,10,0,0
1776916149767483,GET,chunk_4,10,0,0
1776916149767488,PUT,chunk_0,9,0,4096
1776916149767492,GET,chunk_0,9,0,0
1776916149767497,PUT,chunk_0,9,0,4096
1776916149767502,PUT,chunk_1,9,0,4096
1776916149767506,GET,chunk_0,10,0,0
1776916149767510,GET,chunk_0,10,0,0
1776916149767515,GET,chunk_0,9,0,0
1776916149767520,GET,chunk_0,9,0,0
1776916149767474,PUT,chunk_1,11,0,4096
1776916149767525,PUT,chunk_0,10,0,4096
1776916149767533,PUT,chunk_0,10,0,4096
1776916149767538,PUT,chunk_0,9,0,4096
1776916149767529,PUT,chunk_0,11,0,4096
1776916149767544,GET,chunk_4,9,0,0
1776916149767552,GET,chunk_0,10,0,0
1776916149767557,PUT,chunk_0,9,0,4096
1776916149767562,GET,chunk_0,9,0,0
1776916149767566,PUT,chunk_0,9,0,4096
1776916149767570,GET,chunk_0,10,0,0
1776916149767575,PUT,chunk_0,9,0,4096
1776916149767580,GET,chunk_0,9,0,0
1776916149767585,GET,chunk_0,9,0,0
1776916149767589,GET,chunk_0,10,0,0
1776916149767595,GET,chunk_0,10,0,0
1776916149767599,GET,chunk_0,11,0,0
1776916149767604,GET,chunk_0,13,0,0
1776916149767609,GET,chunk_0,13,0,0
1776916149767615,PUT,chunk_0,10,0,4096
1776916149767548,PUT,chunk_0,10,0,4096
1776916149767622,GET,chunk_0,9,0,0
1776916149767630,GET,chunk_0,10,0,0
1776916149767636,GET,chunk_0,9,0,0
1776916149767627,GET,chunk_0,10,0,0
1776916149767645,GET,chunk_0,10,0,0
1776916149767650,PUT,chunk_3,9,0,4096
1776916149767641,GET,chunk_0,10,0,0
1776916149767655,PUT,chunk_0,9,0,4096
1776916149767663,GET,chunk_0,10,0,0
1776916149767668,GET,chunk_0,9,0,0
1776916149767673,GET,chunk_0,11,0,0
1776916149767678,PUT,chunk_4,10,0,4096
1776916149767683,GET,chunk_0,19,0,0
1776916149767688,GET,chunk_1,8,0,0
1776916149767703,PUT,chunk_2,11,0,4096
1776916149767711,GET,chunk_4,9,0,0
1776916149767706,GET,chunk_1,10,0,0
1776916149767726,PUT,chunk_1,8,0,4096
1776916149767719,GET,chunk_0,9,0,0
1776916149767659,PUT,chunk_0,10,0,4096
1776916149767738,GET,chunk_0,20,0,0
1776916149767745,PUT,chunk_1,18,0,4096
1776916149767733,GET,chunk_3,8,0,0
1776916149767750,GET,chunk_0,10,0,0
1776916149767763,GET,chunk_0,8,0,0
1776916149767775,GET,chunk_0,9,0,0
1776916149767780,PUT,chunk_0,9,0,4096
1776916149767769,GET,chunk_0,9,0,0
1776916149767785,GET,chunk_0,9,0,0
1776916149767789,PUT,chunk_0,11,0,4096
1776916149767794,GET,chunk_0,10,0,0
1776916149767801,PUT,chunk_0,9,0,4096
1776916149767806,GET,chunk_1,8,0,0
1776916149767812,GET,chunk_0,9,0,0
1776916149767817,GET,chunk_0,9,0,0
1776916149767823,GET,chunk_0,9,0,0
1776916149767833,GET,chunk_0,10,0,0
1776916149767839,GET,chunk_0,9,0,0
1776916149767828,GET,chunk_0,8,0,0
1776916149767848,PUT,chunk_0,10,0,4096
1776916149767853,PUT,chunk_0,9,0,4096
1776916149767844,GET,chunk_0,10,0,0
1776916149767858,GET,chunk_2,10,0,0
1776916149767867,GET,chunk_0,11,0,0
1776916149767862,GET,chunk_0,11,0,0
1776916149767872,GET,chunk_0,11,0,0
1776916149767877,GET,chunk_0,10,0,0
1776916149767881,PUT,chunk_0,10,0,4096
1776916149767896,GET,chunk_0,8,0,0
1776916149767907,GET,chunk_0,10,0,0
1776916149767901,PUT,chunk_0,9,0,4096
1776916149767912,GET,chunk_0,9,0,0
1776916149767917,GET,chunk_0,10,0,0
1776916149767920,GET,chunk_1,9,0,0
1776916149767934,GET,chunk_0,9,0,0
1776916149767946,GET,chunk_4,10,0,0
1776916149767951,PUT,chunk_0,10,0,4096
1776916149767956,GET,chunk_4,9,0,0
1776916149767939,GET,chunk_3,9,0,0
1776916149767965,GET,chunk_0,11,0,0
1776916149767970,GET,chunk_2,10,0,0
1776916149767961,PUT,chunk_0,10,0,4096
1776916149767975,GET,chunk_1,10,0,0
1776916149767984,GET,chunk_0,10,0,0
1776916149767989,PUT,chunk_0,10,0,4096
1776916149767981,GET,chunk_0,10,0,0
1776916149767999,GET,chunk_0,10,0,0
1776916149768004,GET,chunk_2,10,0,0
1776916149768009,PUT,chunk_0,9,0,4096
1776916149768013,GET,chunk_0,9,0,0
1776916149768018,GET,chunk_0,9,0,0
1776916149768022,PUT,chunk_0,9,0,4096
1776916149767995,PUT,chunk_0,10,0,4096
1776916149768029,GET,chunk_0,10,0,0
1776916149768031,GET,chunk_0,10,0,0
1776916149768043,GET,chunk_0,9,0,0
1776916149768048,GET,chunk_0,9,0,0
1776916149768054,GET,chunk_0,9,0,0
1776916149768059,GET,chunk_1,9,0,0
1776916149768064,PUT,chunk_0,9,0,4096
1776916149768075,GET,chunk_0,9,0,0
1776916149768081,GET,chunk_0,9,0,0
1776916149768070,GET,chunk_1,9,0,0
1776916149768086,GET,chunk_2,8,0,0
1776916149768094,GET,chunk_0,10,0,0
1776916149768099,GET,chunk_2,9,0,0
1776916149768089,GET,chunk_0,11,0,0
1776916149768104,PUT,chunk_0,10,0,4096
1776916149768112,GET,chunk_0,10,0,0
1776916149768118,GET,chunk_0,9,0,0
1776916149768108,GET,chunk_0,10,0,0
1776916149768123,GET,chunk_0,9,0,0
1776916149768131,GET,chunk_0,10,0,0
1776916149768127,GET,chunk_3,10,0,0
1776916149768136,GET,chunk_0,10,0,0
1776916149768145,GET,chunk_0,10,0,0
1776916149768141,PUT,chunk_0,11,0,4096
1776916149768150,GET,chunk_0,10,0,0
1776916149768160,PUT,chunk_0,10,0,4096
1776916149768165,PUT,chunk_0,9,0,4096
1776916149768170,PUT,chunk_0,9,0,4096
1776916149768155,PUT,chunk_0,10,0,4096
1776916149768174,PUT,chunk_0,10,0,4096
1776916149768183,GET,chunk_0,10,0,0
1776916149768188,GET,chunk_1,9,0,0
1776916149768178,GET,chunk_0,11,0,0
1776916149768193,PUT,chunk_0,9,0,4096
1776916149768201,PUT,chunk_0,10,0,4096
1776916149768197,GET,chunk_1,11,0,0
1776916149768206,GET,chunk_0,10,0,0
1776916149768216,GET,chunk_1,11,0,0
1776916149768221,GET,chunk_0,9,0,0
1776916149768226,PUT,chunk_2,9,0,4096
1776916149768211,PUT,chunk_0,10,0,4096
1776916149768234,GET,chunk_3,11,0,0
1776916149768239,GET,chunk_0,10,0,0
1776916149768244,GET,chunk_0,9,0,0
1776916149768249,PUT,chunk_0,9,0,4096
1776916149768254,GET,chunk_2,10,0,0
1776916149768258,GET,chunk_0,10,0,0
1776916149768263,GET,chunk_0,10,0,0
1776916149768268,GET,chunk_0,9,0,0
1776916149768231,PUT,chunk_0,10,0,4096
1776916149768273,PUT,chunk_4,9,0,4096
1776916149768281,GET,chunk_0,11,0,0
1776916149768286,GET,chunk_0,10,0,0
1776916149768291,GET,chunk_0,9,0,0
1776916149768296,GET,chunk_0,9,0,0
1776916149768277,GET,chunk_4,10,0,0
1776916149768305,GET,chunk_0,10,0,0
1776916149768310,PUT,chunk_0,10,0,4096
1776916149768315,PUT,chunk_0,9,0,4096
1776916149768301,PUT,chunk_0,10,0,4096
1776916149768324,PUT,chunk_0,9,0,4096
1776916149768328,GET,chunk_0,10,0,0
1776916149768333,GET,chunk_0,9,0,0
1776916149768320,GET,chunk_0,9,0,0
1776916149768342,GET,chunk_0,10,0,0
1776916149768347,GET,chunk_0,9,0,0
1776916149768338,GET,chunk_0,10,0,0
1776916149768352,GET,chunk_3,9,0,0
1776916149768365,GET,chunk_0,9,0,0
1776916149768360,GET,chunk_0,10,0,0
1776916149768357,GET,chunk_4,10,0,0
1776916149768379,GET,chunk_0,10,0,0
1776916149768384,GET,chunk_3,9,0,0
1776916149768374,GET,chunk_0,10,0,0
1776916149768389,PUT,chunk_0,9,0,4096
1776916149768397,PUT,chunk_1,10,0,4096
1776916149768402,PUT,chunk_0,9,0,4096
1776916149768393,PUT,chunk_1,10,0,4096
1776916149768412,GET,chunk_0,10,0,0
1776916149768417,GET,chunk_0,9,0,0
1776916149768408,GET,chunk_0,10,0,0
1776916149768422,GET,chunk_0,10,0,0
1776916149768430,GET,chunk_0,10,0,0
1776916149768426,GET,chunk_0,10,0,0
1776916149768436,GET,chunk_0,10,0,0
1776916149768445,GET,chunk_0,10,0,0
1776916149768450,PUT,chunk_0,10,0,4096
1776916149768455,GET,chunk_0,10,0,0
1776916149768460,GET,chunk_0,9,0,0
1776916149768464,GET,chunk_0,9,0,0
1776916149768441,PUT,chunk_4,11,0,4096
1776916149768469,GET,chunk_0,9,0,0
1776916149768478,GET,chunk_0,10,0,0
1776916149768474,GET,chunk_4,10,0,0
1776916149768483,PUT,chunk_0,10,0,4096
1776916149768492,PUT,chunk_0,10,0,4096
1776916149768497,PUT,chunk_1,9,0,4096
1776916149768488,GET,chunk_1,10,0,0
1776916149768502,GET,chunk_4,9,0,0
1776916149768511,GET,chunk_0,10,0,0
1776916149768516,PUT,chunk_0,9,0,4096
1776916149768507,PUT,chunk_0,10,0,4096
1776916149768521,PUT,chunk_0,9,0,4096
1776916149768530,PUT,chunk_1,10,0,4096
1776916149768535,GET,chunk_0,9,0,0
1776916149768526,GET,chunk_2,10,0,0
1776916149768540,GET,chunk_0,9,0,0
1776916149768548,GET,chunk_0,10,0,0
1776916149768553,GET,chunk_0,9,0,0
1776916149768544,GET,chunk_2,10,0,0
1776916149768558,GET,chunk_0,9,0,0
1776916149768567,GET,chunk_0,10,0,0
1776916149768572,GET,chunk_0,10,0,0
1776916149768577,GET,chunk_0,9,0,0
1776916149768582,PUT,chunk_0,9,0,4096
1776916149768586,GET,chunk_0,9,0,0
1776916149768591,GET,chunk_0,9,0,0
1776916149768596,GET,chunk_0,9,0,0
1776916149768600,GET,chunk_1,9,0,0
1776916149768604,GET,chunk_0,10,0,0
1776916149768609,PUT,chunk_0,9,0,4096
1776916149768614,PUT,chunk_0,9,0,4096
1776916149768619,GET,chunk_0,9,0,0
1776916149768623,GET,chunk_0,10,0,0
1776916149768563,PUT,chunk_0,10,0,4096
1776916149768632,GET,chunk_1,9,0,0
1776916149768637,GET,chunk_0,9,0,0
1776916149768628,GET,chunk_0,10,0,0
1776916149768642,GET,chunk_0,9,0,0
1776916149768650,GET,chunk_0,11,0,0
1776916149768655,GET,chunk_0,9,0,0
1776916149768661,GET,chunk_0,9,0,0
1776916149768646,GET,chunk_0,10,0,0
1776916149768669,GET,chunk_0,11,0,0
1776916149768674,GET,chunk_0,10,0,0
1776916149768666,GET,chunk_2,9,0,0
1776916149768685,PUT,chunk_0,10,0,4096
1776916149768688,GET,chunk_0,10,0,0
1776916149768694,GET,chunk_0,8,0,0
1776916149768681,GET,chunk_2,9,0,0
1776916149768703,GET,chunk_1,10,0,0
1776916149768707,GET,chunk_0,10,0,0
1776916149768712,GET,chunk_0,9,0,0
1776916149768700,GET,chunk_2,10,0,0
1776916149768717,GET,chunk_3,9,0,0
1776916149768726,GET,chunk_0,10,0,0
1776916149768731,PUT,chunk_0,9,0,4096
1776916149768721,GET,chunk_0,10,0,0
1776916149768736,GET,chunk_0,9,0,0
1776916149768744,GET,chunk_0,9,0,0
1776916149768741,PUT,chunk_0,10,0,4096
1776916149768748,GET,chunk_0,9,0,0
1776916149768757,GET,chunk_0,10,0,0
1776916149768761,PUT,chunk_0,10,0,4096
1776916149768755,GET,chunk_3,11,0,0
1776916149768772,GET,chunk_3,9,0,0
1776916149768768,GET,chunk_0,9,0,0
1776916149768776,PUT,chunk_0,9,0,4096
1776916149768781,PUT,chunk_0,9,0,4096
1776916149768788,GET,chunk_1,8,0,0
1776916149768794,PUT,chunk_1,8,0,4096
1776916149768801,PUT,chunk_0,8,0,4096
1776916149768807,GET,chunk_4,8,0,0
1776916149768814,GET,chunk_0,8,0,0
1776916149768821,GET,chunk_0,8,0,0
1776916149768831,GET,chunk_0,8,0,0
1776916149768837,GET,chunk_0,8,0,0
1776916149768844,GET,chunk_4,8,0,0
1776916149768850,GET,chunk_0,8,0,0
1776916149768856,GET,chunk_3,8,0,0
1776916149768863,GET,chunk_0,8,0,0
1776916149768869,GET,chunk_0,8,0,0
1776916149768874,GET,chunk_0,8,0,0
1776916149768879,GET,chunk_0,9,0,0
1776916149768884,GET,chunk_0,8,0,0
1776916149768902,GET,chunk_0,9,0,0
1776916149768909,GET,chunk_0,8,0,0
1776916149768916,GET,chunk_0,8,0,0
1776916149768920,PUT,chunk_0,8,0,4096
1776916149768896,GET,chunk_0,9,0,0
1776916149768928,GET,chunk_0,8,0,0
1776916149768890,GET,chunk_0,9,0,0
1776916149768934,PUT,chunk_0,8,0,4096
1776916149768970,GET,chunk_0,7,0,0
1776916149768979,PUT,chunk_0,8,0,4096
1776916149768985,GET,chunk_3,9,0,0
1776916149768990,GET,chunk_3,9,0,0
1776916149768996,GET,chunk_0,10,0,0
1776916149769013,PUT,chunk_0,9,0,4096
1776916149769019,GET,chunk_1,9,0,0
1776916149769001,GET,chunk_0,9,0,0
1776916149769027,PUT,chunk_0,8,0,4096
1776916149769007,PUT,chunk_0,9,0,4096
1776916149769032,GET,chunk_0,9,0,0
1776916149769040,GET,chunk_0,10,0,0
1776916149769045,PUT,chunk_0,9,0,4096
1776916149769036,GET,chunk_0,10,0,0
1776916149769051,GET,chunk_0,10,0,0
1776916149769059,PUT,chunk_4,10,0,4096
1776916149769064,GET,chunk_2,9,0,0
1776916149769054,PUT,chunk_0,11,0,4096
1776916149769070,PUT,chunk_3,9,0,4096
1776916149769078,PUT,chunk_0,10,0,4096
1776916149769083,GET,chunk_0,9,0,0
1776916149769074,GET,chunk_0,10,0,0
1776916149769093,PUT,chunk_0,9,0,4096
1776916149769097,PUT,chunk_0,9,0,4096
1776916149769089,GET,chunk_0,9,0,0
1776916149769102,PUT,chunk_0,10,0,4096
1776916149769107,GET,chunk_1,11,0,0
1776916149769111,GET,chunk_0,9,0,0
1776916149769117,GET,chunk_0,9,0,0
1776916149769122,PUT,chunk_3,8,0,4096
1776916149769128,GET,chunk_0,8,0,0
1776916149769133,GET,chunk_0,9,0,0
1776916149769139,PUT,chunk_0,8,0,4096
1776916149769144,PUT,chunk_0,8,0,4096
1776916149769150,GET,chunk_2,9,0,0
1776916149769155,GET,chunk_4,8,0,0
1776916149769161,GET,chunk_3,8,0,0
1776916149769166,PUT,chunk_0,9,0,4096
1776916149769172,PUT,chunk_0,9,0,4096
1776916149769177,GET,chunk_0,9,0,0
1776916149769182,GET,chunk_0,9,0,0
1776916149769188,GET,chunk_0,8,0,0
1776916149769193,GET,chunk_0,8,0,0
1776916149769198,GET,chunk_0,9,0,0
1776916149769203,GET,chunk_0,8,0,0
1776916149769209,PUT,chunk_0,8,0,4096
1776916149769214,PUT,chunk_0,9,0,4096
1776916149769220,GET,chunk_0,8,0,0
1776916149769225,PUT,chunk_0,9,0,4096
1776916149769230,PUT,chunk_2,8,0,4096
1776916149769236,PUT,chunk_0,9,0,4096
1776916149769241,GET,chunk_0,9,0,0
1776916149769246,GET,chunk_2,8,0,0
1776916149769252,GET,chunk_0,8,0,0
1776916149769257,PUT,chunk_0,9,0,4096
1776916149769262,PUT,chunk_0,8,0,4096
1776916149769267,GET,chunk_0,8,0,0
1776916149769273,GET,chunk_0,9,0,0
1776916149769278,GET,chunk_4,8,0,0
1776916149769283,GET,chunk_0,8,0,0
1776916149769289,PUT,chunk_0,9,0,4096
1776916149769294,GET,chunk_0,9,0,0
1776916149769300,PUT,chunk_0,8,0,4096
1776916149769305,GET,chunk_1,8,0,0
1776916149769311,GET,chunk_0,9,0,0
1776916149769316,GET,chunk_0,9,0,0
1776916149769322,GET,chunk_0,9,0,0
1776916149769327,GET,chunk_0,9,0,0
1776916149769332,GET,chunk_0,8,0,0
1776916149769338,PUT,chunk_0,9,0,4096
1776916149769343,GET,chunk_0,8,0,0
1776916149769348,GET,chunk_0,8,0,0
1776916149769354,PUT,chunk_0,8,0,4096
1776916149769361,PUT,chunk_0,8,0,4096
1776916149769366,GET,chunk_0,8,0,0
1776916149769372,PUT,chunk_0,9,0,4096
1776916149769377,GET,chunk_0,9,0,0
1776916149769383,PUT,chunk_2,8,0,4096
1776916149769388,GET,chunk_0,8,0,0
1776916149769404,GET,chunk_0,8,0,0
1776916149769399,PUT,chunk_2,8,0,4096
1776916149769394,GET,chunk_0,8,0,0
1776916149769413,GET,chunk_3,13,0,0
1776916149769423,GET,chunk_0,11,0,0
1776916149769428,GET,chunk_0,10,0,0
1776916149769437,GET,chunk_0,8,0,0
1776916149769418,GET,chunk_2,12,0,0
1776916149769449,GET,chunk_0,12,0,0
1776916149769494,GET,chunk_0,9,0,0
1776916149769434,GET,chunk_2,34,0,0
1776916149769508,GET,chunk_0,9,0,0
1776916149769513,GET,chunk_0,9,0,0
1776916149769502,GET,chunk_0,9,0,0
1776916149769523,PUT,chunk_0,28,0,4096
1776916149769528,GET,chunk_0,8,0,0
1776916149769552,GET,chunk_1,15,0,0
1776916149769560,PUT,chunk_0,10,0,4096
1776916149769574,GET,chunk_0,9,0,0
1776916149769449,GET,chunk_2,12,0,0
1776916149769580,PUT,chunk_0,9,0,4096
1776916149769587,GET,chunk_0,16,0,0
1776916149769598,GET,chunk_0,11,0,0
1776916149769567,PUT,chunk_0,46,0,4096
1776916149769607,GET,chunk_0,9,0,0
1776916149769641,PUT,chunk_0,8,0,4096
1776916149769613,GET,chunk_0,34,0,0
1776916149769649,GET,chunk_4,10,0,0
1776916149769654,GET,chunk_0,9,0,0
1776916149769660,GET,chunk_2,10,0,0
1776916149769670,GET,chunk_0,9,0,0
1776916149769677,PUT,chunk_0,9,0,4096
1776916149769685,PUT,chunk_3,8,0,4096
1776916149769593,GET,chunk_0,12,0,0
1776916149769695,GET,chunk_0,28,0,0
1776916149769699,PUT,chunk_0,7,0,4096
1776916149769664,GET,chunk_0,10,0,0
1776916149769722,PUT,chunk_0,9,0,4096
1776916149769731,PUT,chunk_0,8,0,4096
1776916149769742,GET,chunk_0,9,0,0
1776916149769747,PUT,chunk_0,9,0,4096
1776916149769752,GET,chunk_0,9,0,0
1776916149769756,PUT,chunk_2,10,0,4096
1776916149769761,GET,chunk_4,10,0,0
1776916149769765,GET,chunk_2,9,0,0
1776916149769736,GET,chunk_0,8,0,0
1776916149769775,PUT,chunk_0,10,0,4096
1776916149769779,PUT,chunk_0,10,0,4096
1776916149769786,GET,chunk_0,10,0,0
1776916149769771,GET,chunk_3,9,0,0
1776916149769796,GET,chunk_0,10,0,0
1776916149769801,GET,chunk_0,9,0,0
1776916149769789,GET,chunk_0,9,0,0
1776916149769807,PUT,chunk_0,11,0,4096
1776916149769838,GET,chunk_3,8,0,0
1776916149769814,GET,chunk_2,10,0,0
1776916149769846,GET,chunk_0,9,0,0
1776916149769851,PUT,chunk_1,9,0,4096
1776916149769811,PUT,chunk_1,11,0,4096
1776916149769856,GET,chunk_0,9,0,0
1776916149769861,GET,chunk_0,11,0,0
1776916149769870,PUT,chunk_0,10,0,4096
1776916149769875,GET,chunk_1,9,0,0
1776916149769881,GET,chunk_0,10,0,0
1776916149769890,GET,chunk_2,9,0,0
1776916149769883,PUT,chunk_0,9,0,4096
1776916149769865,GET,chunk_0,11,0,0
1776916149769896,PUT,chunk_1,9,0,4096
1776916149769903,GET,chunk_0,8,0,0
1776916149769908,GET,chunk_0,9,0,0
1776916149769914,GET,chunk_0,9,0,0
1776916149769919,GET,chunk_0,9,0,0
1776916149769924,GET,chunk_0,9,0,0
1776916149769930,GET,chunk_0,9,0,0
1776916149769936,GET,chunk_0,9,0,0
1776916149769941,GET,chunk_0,9,0,0
1776916149769947,GET,chunk_0,9,0,0
1776916149769953,GET,chunk_0,9,0,0
1776916149769958,GET,chunk_4,9,0,0
1776916149769964,GET,chunk_0,9,0,0
1776916149769970,PUT,chunk_0,8,0,4096
1776916149769975,GET,chunk_0,9,0,0
1776916149769980,GET,chunk_0,9,0,0
1776916149769986,GET,chunk_2,9,0,0
1776916149770002,GET,chunk_0,10,0,0
1776916149770008,GET,chunk_0,9,0,0
1776916149770017,GET,chunk_1,8,0,0
1776916149770022,GET,chunk_0,8,0,0
1776916149769997,GET,chunk_0,9,0,0
1776916149769991,GET,chunk_2,9,0,0
1776916149770059,GET,chunk_3,9,0,0
1776916149770031,GET,chunk_0,8,0,0
1776916149770037,PUT,chunk_4,8,0,4096
1776916149770067,PUT,chunk_0,9,0,4096
1776916149770073,PUT,chunk_0,9,0,4096
1776916149770078,GET,chunk_4,9,0,0
1776916149770100,GET,chunk_3,8,0,0
1776916149770106,GET,chunk_0,9,0,0
1776916149770116,GET,chunk_1,9,0,0
1776916149770120,GET,chunk_0,9,0,0
1776916149770090,GET,chunk_0,8,0,0
1776916149770132,GET,chunk_0,8,0,0
1776916149770083,GET,chunk_2,9,0,0
1776916149770173,GET,chunk_3,8,0,0
1776916149770180,GET,chunk_0,8,0,0
1776916149770187,GET,chunk_0,9,0,0
1776916149770165,GET,chunk_0,6,0,0
1776916149770136,PUT,chunk_0,9,0,4096
1776916149770228,PUT,chunk_0,8,0,4096
1776916149770195,PUT,chunk_0,27,0,4096
1776916149770236,GET,chunk_3,9,0,0
1776916149770202,GET,chunk_3,7,0,0
1776916149770241,GET,chunk_3,10,0,0
1776916149770272,PUT,chunk_2,8,0,4096
1776916149770280,GET,chunk_0,10,0,0
1776916149770286,PUT,chunk_2,9,0,4096
1776916149770248,GET,chunk_0,10,0,0
1776916149770295,GET,chunk_0,8,0,0
1776916149770246,GET,chunk_0,10,0,0
1776916149770299,GET,chunk_0,9,0,0
1776916149770304,GET,chunk_1,10,0,0
1776916149770318,GET,chunk_0,9,0,0
1776916149770324,GET,chunk_0,9,0,0
1776916149770307,PUT,chunk_0,9,0,4096
1776916149770339,GET,chunk_0,10,0,0
1776916149770332,GET,chunk_0,17,0,0
1776916149770354,PUT,chunk_0,9,0,4096
1776916149770349,PUT,chunk_0,9,0,4096
1776916149770313,PUT,chunk_0,9,0,4096
1776916149770362,PUT,chunk_0,9,0,4096
1776916149770368,GET,chunk_0,9,0,0
1776916149770374,GET,chunk_1,10,0,0
1776916149770379,GET,chunk_4,9,0,0
1776916149770385,GET,chunk_0,9,0,0
1776916149770391,GET,chunk_0,9,0,0
1776916149770396,GET,chunk_0,8,0,0
1776916149770407,GET,chunk_0,9,0,0
1776916149770402,GET,chunk_0,9,0,0
1776916149770412,GET,chunk_0,10,0,0
1776916149770421,PUT,chunk_0,10,0,4096
1776916149770426,GET,chunk_0,9,0,0
1776916149770431,PUT,chunk_0,10,0,4096
1776916149770417,GET,chunk_0,10,0,0
1776916149770436,GET,chunk_2,10,0,0
1776916149770471,GET,chunk_0,8,0,0
1776916149770445,GET,chunk_0,9,0,0
1776916149770484,PUT,chunk_0,8,0,4096
1776916149770479,GET,chunk_0,9,0,0
1776916149770493,PUT,chunk_0,9,0,4096
1776916149770497,GET,chunk_4,9,0,0
1776916149770502,GET,chunk_0,9,0,0
1776916149770440,GET,chunk_0,10,0,0
1776916149770511,GET,chunk_3,11,0,0
1776916149770516,GET,chunk_0,10,0,0
1776916149770521,GET,chunk_2,9,0,0
1776916149770507,PUT,chunk_0,10,0,4096
1776916149770527,PUT,chunk_0,9,0,4096
1776916149770535,GET,chunk_0,11,0,0
1776916149770530,GET,chunk_0,11,0,0
1776916149770540,GET,chunk_0,13,0,0
1776916149770550,PUT,chunk_1,9,0,4096
1776916149770560,GET,chunk_0,9,0,0
1776916149770555,PUT,chunk_0,9,0,4096
1776916149770569,PUT,chunk_0,9,0,4096
1776916149770579,GET,chunk_0,10,0,0
1776916149770573,GET,chunk_0,24,0,0
1776916149770581,GET,chunk_0,10,0,0
1776916149770545,GET,chunk_0,12,0,0
1776916149770608,PUT,chunk_0,9,0,4096
1776916149770614,PUT,chunk_0,9,0,4096
1776916149770602,GET,chunk_0,9,0,0
1776916149770621,GET,chunk_0,11,0,0
1776916149770628,PUT,chunk_0,9,0,4096
1776916149770596,GET,chunk_0,8,0,0
1776916149770633,PUT,chunk_0,10,0,4096
1776916149770638,GET,chunk_0,10,0,0
1776916149770640,GET,chunk_0,9,0,0
1776916149770668,PUT,chunk_0,7,0,4096
1776916149770677,PUT,chunk_0,9,0,4096
1776916149770682,GET,chunk_0,9,0,0
1776916149770695,GET,chunk_0,9,0,0
1776916149770700,GET,chunk_0,9,0,0
1776916149770688,PUT,chunk_0,9,0,4096
1776916149770705,PUT,chunk_0,10,0,4096
1776916149770713,GET,chunk_2,10,0,0
1776916149770719,GET,chunk_0,9,0,0
1776916149770708,GET,chunk_4,11,0,0
1776916149770727,GET,chunk_0,11,0,0
1776916149770732,GET,chunk_0,9,0,0
1776916149770724,GET,chunk_0,10,0,0
1776916149770742,GET,chunk_0,9,0,0
1776916149770737,PUT,chunk_0,9,0,4096
1776916149770752,GET,chunk_0,10,0,0
1776916149770755,PUT,chunk_0,10,0,4096
1776916149770746,GET,chunk_1,10,0,0
1776916149770761,GET,chunk_0,10,0,0
1776916149770770,GET,chunk_0,10,0,0
1776916149770775,PUT,chunk_4,9,0,4096
1776916149770766,GET,chunk_2,10,0,0
1776916149770784,GET,chunk_3,10,0,0
1776916149770789,GET,chunk_0,10,0,0
1776916149770794,GET,chunk_0,9,0,0
1776916149770799,GET,chunk_0,9,0,0
1776916149770804,GET,chunk_0,9,0,0
1776916149770808,GET,chunk_0,9,0,0
1776916149770813,GET,chunk_0,10,0,0
1776916149770818,GET,chunk_0,10,0,0
1776916149770822,PUT,chunk_0,10,0,4096
1776916149770827,GET,chunk_0,9,0,0
1776916149770832,GET,chunk_0,9,0,0
1776916149770781,GET,chunk_0,9,0,0
1776916149770837,GET,chunk_1,9,0,0
1776916149770845,GET,chunk_0,10,0,0
1776916149770841,GET,chunk_0,10,0,0
1776916149770855,GET,chunk_0,10,0,0
1776916149770859,GET,chunk_0,10,0,0
1776916149770850,GET,chunk_0,10,0,0
1776916149770866,PUT,chunk_0,11,0,4096
1776916149770871,PUT,chunk_0,14,0,4096
1776916149770876,GET,chunk_0,12,0,0
1776916149770873,PUT,chunk_0,12,0,4096
1776916149770889,GET,chunk_0,9,0,0
1776916149770893,GET,chunk_2,9,0,0
1776916149770881,GET,chunk_0,10,0,0
1776916149770898,GET,chunk_0,10,0,0
1776916149770902,GET,chunk_4,11,0,0
1776916149770907,GET,chunk_0,11,0,0
1776916149770916,GET,chunk_0,11,0,0
1776916149770922,GET,chunk_0,10,0,0
1776916149770927,GET,chunk_0,10,0,0
1776916149770932,GET,chunk_0,10,0,0
1776916149770936,GET,chunk_1,9,0,0
1776916149770911,GET,chunk_2,11,0,0
1776916149770941,GET,chunk_0,11,0,0
1776916149770945,PUT,chunk_0,11,0,4096
1776916149770954,GET,chunk_0,10,0,0
1776916149770960,PUT,chunk_0,10,0,4096
1776916149770950,GET,chunk_0,11,0,0
1776916149770969,GET,chunk_2,11,0,0
1776916149770965,GET,chunk_0,10,0,0
1776916149770974,GET,chunk_0,11,0,0
1776916149770979,PUT,chunk_0,13,0,4096
1776916149770984,GET,chunk_0,12,0,0
1776916149770994,GET,chunk_0,10,0,0
1776916149770989,GET,chunk_2,11,0,0
1776916149770999,GET,chunk_2,10,0,0
1776916149771004,GET,chunk_0,12,0,0
1776916149771014,GET,chunk_0,13,0,0
1776916149771009,PUT,chunk_1,14,0,4096
1776916149771026,GET,chunk_0,9,0,0
1776916149771031,GET,chunk_3,9,0,0
1776916149771036,PUT,chunk_0,9,0,4096
1776916149771019,GET,chunk_0,10,0,0
1776916149771040,GET,chunk_0,11,0,0
1776916149771049,GET,chunk_0,11,0,0
1776916149771054,GET,chunk_0,11,0,0
1776916149771060,GET,chunk_0,11,0,0
1776916149771065,GET,chunk_0,10,0,0
1776916149771075,GET,chunk_0,9,0,0
1776916149771070,GET,chunk_0,10,0,0
1776916149771045,PUT,chunk_0,11,0,4096
1776916149771083,GET,chunk_0,9,0,0
1776916149771088,PUT,chunk_0,9,0,4096
1776916149771099,GET,chunk_1,9,0,0
1776916149771104,GET,chunk_0,9,0,0
1776916149771094,GET,chunk_0,9,0,0
1776916149771109,GET,chunk_0,10,0,0
1776916149771113,PUT,chunk_0,12,0,4096
1776916149771117,GET,chunk_0,12,0,0
1776916149771128,GET,chunk_0,11,0,0
1776916149771133,GET,chunk_0,10,0,0
1776916149771123,GET,chunk_0,11,0,0
1776916149771143,PUT,chunk_0,10,0,4096
1776916149771148,PUT,chunk_0,10,0,4096
1776916149771153,GET,chunk_0,10,0,0
1776916149771157,PUT,chunk_0,9,0,4096
1776916149771138,GET,chunk_0,10,0,0
1776916149771167,GET,chunk_0,10,0,0
1776916149771171,PUT,chunk_0,10,0,4096
1776916149771176,GET,chunk_0,9,0,0
1776916149771162,GET,chunk_1,10,0,0
1776916149771181,GET,chunk_0,12,0,0
1776916149771185,GET,chunk_0,13,0,0
1776916149771190,GET,chunk_0,10,0,0
1776916149771195,GET,chunk_0,10,0,0
1776916149771202,GET,chunk_0,11,0,0
1776916149771207,PUT,chunk_0,9,0,4096
1776916149771198,GET,chunk_0,11,0,0
1776916149771213,GET,chunk_0,10,0,0
1776916149771217,GET,chunk_0,12,0,0
1776916149771226,GET,chunk_0,10,0,0
1776916149771231,GET,chunk_0,9,0,0
1776916149771236,GET,chunk_0,9,0,0
1776916149771221,GET,chunk_0,12,0,0
1776916149771241,GET,chunk_0,11,0,0
1776916149771249,GET,chunk_0,11,0,0
1776916149771256,GET,chunk_0,9,0,0
1776916149771245,GET,chunk_0,12,0,0
1776916149771265,GET,chunk_0,11,0,0
1776916149771269,GET,chunk_1,10,0,0
1776916149771275,PUT,chunk_0,9,0,4096
1776916149771261,PUT,chunk_0,10,0,4096
1776916149771283,GET,chunk_0,10,0,0
1776916149771288,GET,chunk_0,9,0,0
1776916149771293,GET,chunk_2,10,0,0
1776916149771280,PUT,chunk_4,11,0,4096
1776916149771298,GET,chunk_1,10,0,0
1776916149771302,GET,chunk_0,11,0,0
1776916149771312,GET,chunk_0,10,0,0
1776916149771317,PUT,chunk_3,9,0,4096
1776916149771307,GET,chunk_0,11,0,0
1776916149771322,GET,chunk_0,10,0,0
1776916149771330,GET,chunk_0,11,0,0
1776916149771335,GET,chunk_0,10,0,0
1776916149771340,GET,chunk_0,11,0,0
1776916149771345,PUT,chunk_0,12,0,4096
1776916149771351,GET,chunk_2,12,0,0
1776916149771326,GET,chunk_0,11,0,0
1776916149771357,GET,chunk_2,13,0,0
1776916149771363,GET,chunk_0,13,0,0
1776916149771368,GET,chunk_0,10,0,0
1776916149771375,GET,chunk_0,9,0,0
1776916149771381,GET,chunk_4,9,0,0
1776916149771386,PUT,chunk_0,9,0,4096
1776916149771391,GET,chunk_0,9,0,0
1776916149771397,GET,chunk_0,9,0,0
1776916149771402,GET,chunk_0,9,0,0
1776916149771407,GET,chunk_0,9,0,0
1776916149771412,PUT,chunk_0,10,0,4096
1776916149771418,GET,chunk_0,9,0,0
1776916149771424,GET,chunk_0,9,0,0
1776916149771429,PUT,chunk_1,9,0,4096
1776916149771434,GET,chunk_3,9,0,0
1776916149771440,GET,chunk_3,9,0,0
1776916149771446,PUT,chunk_0,9,0,4096
1776916149771451,GET,chunk_0,9,0,0
1776916149771457,GET,chunk_0,9,0,0
1776916149771462,PUT,chunk_3,9,0,4096
1776916149771467,GET,chunk_0,9,0,0
1776916149771478,PUT,chunk_0,9,0,4096
1776916149771483,PUT,chunk_0,9,0,4096
1776916149771472,GET,chunk_0,9,0,0
1776916149771488,PUT,chunk_0,12,0,4096
1776916149771492,PUT,chunk_0,13,0,4096
1776916149771496,GET,chunk_0,11,0,0
1776916149771500,GET,chunk_0,11,0,0
1776916149771503,GET,chunk_0,11,0,0
1776916149771511,GET,chunk_0,10,0,0
1776916149771508,GET,chunk_3,11,0,0
1776916149771516,GET,chunk_0,11,0,0
1776916149771526,PUT,chunk_0,11,0,4096
1776916149771531,GET,chunk_1,10,0,0
1776916149771521,PUT,chunk_0,11,0,4096
1776916149771542,GET,chunk_0,9,0,0
1776916149771537,PUT,chunk_0,10,0,4096
1776916149771551,GET,chunk_0,10,0,0
1776916149771555,GET,chunk_0,10,0,0
1776916149771561,GET,chunk_0,9,0,0
1776916149771546,GET,chunk_0,10,0,0
1776916149771570,GET,chunk_0,11,0,0
1776916149771574,GET,chunk_0,10,0,0
1776916149771580,GET,chunk_3,9,0,0
1776916149771566,GET,chunk_4,10,0,0
1776916149771589,GET,chunk_0,10,0,0
1776916149771593,GET,chunk_0,9,0,0
1776916149771585,GET,chunk_0,11,0,0
1776916149771599,GET,chunk_0,12,0,0
1776916149771607,GET,chunk_2,10,0,0
1776916149771612,GET,chunk_0,9,0,0
1776916149771602,GET,chunk_0,13,0,0
1776916149771618,PUT,chunk_0,10,0,4096
1776916149771622,PUT,chunk_0,12,0,4096
1776916149771626,GET,chunk_0,11,0,0
1776916149771639,GET,chunk_0,9,0,0
1776916149771644,GET,chunk_0,9,0,0
1776916149771649,GET,chunk_0,9,0,0
1776916149771653,PUT,chunk_1,10,0,4096
1776916149771658,GET,chunk_0,10,0,0
1776916149771663,PUT,chunk_3,9,0,4096
1776916149771668,GET,chunk_4,9,0,0
1776916149771631,GET,chunk_0,9,0,0
1776916149771676,GET,chunk_0,10,0,0
1776916149771682,GET,chunk_0,9,0,0
1776916149771673,GET,chunk_0,10,0,0
1776916149771687,GET,chunk_0,11,0,0
1776916149771695,PUT,chunk_0,11,0,4096
1776916149771701,GET,chunk_0,10,0,0
1776916149771706,GET,chunk_0,10,0,0
1776916149771710,GET,chunk_0,9,0,0
1776916149771691,PUT,chunk_0,11,0,4096
1776916149771720,GET,chunk_0,10,0,0
1776916149771724,GET,chunk_0,10,0,0
1776916149771730,PUT,chunk_0,10,0,4096
1776916149771734,GET,chunk_0,11,0,0
1776916149771744,GET,chunk_0,9,0,0
1776916149771737,GET,chunk_2,10,0,0
1776916149771758,PUT,chunk_3,8,0,4096
1776916149771715,GET,chunk_0,9,0,0
1776916149771751,GET,chunk_0,9,0,0
1776916149771766,GET,chunk_0,8,0,0
1776916149771771,PUT,chunk_1,8,0,4096
1776916149771782,GET,chunk_0,9,0,0
1776916149771787,GET,chunk_0,9,0,0
1776916149771777,GET,chunk_1,9,0,0
1776916149771793,GET,chunk_3,10,0,0
1776916149771800,GET,chunk_0,10,0,0
1776916149771806,GET,chunk_0,10,0,0
1776916149771811,GET,chunk_0,9,0,0
1776916149771815,PUT,chunk_2,9,0,4096
1776916149771820,GET,chunk_0,10,0,0
1776916149771824,GET,chunk_0,9,0,0
1776916149771829,GET,chunk_0,9,0,0
1776916149771796,GET,chunk_0,11,0,0
1776916149771838,GET,chunk_1,10,0,0
1776916149771843,GET,chunk_3,9,0,0
1776916149771848,GET,chunk_0,9,0,0
1776916149771834,PUT,chunk_1,10,0,4096
1776916149771857,GET,chunk_0,9,0,0
1776916149771853,PUT,chunk_0,10,0,4096
1776916149771862,GET,chunk_0,10,0,0
1776916149771871,GET,chunk_0,10,0,0
1776916149771876,GET,chunk_0,9,0,0
1776916149771867,GET,chunk_1,10,0,0
1776916149771881,GET,chunk_0,9,0,0
1776916149771889,GET,chunk_0,10,0,0
1776916149771885,PUT,chunk_0,10,0,4096
1776916149771895,PUT,chunk_4,10,0,4096
1776916149771904,GET,chunk_2,10,0,0
1776916149771909,PUT,chunk_1,9,0,4096
1776916149771900,GET,chunk_0,10,0,0
1776916149771914,PUT,chunk_0,11,0,4096
1776916149771923,GET,chunk_0,10,0,0
1776916149771928,GET,chunk_0,9,0,0
1776916149771918,GET,chunk_0,11,0,0
1776916149771933,GET,chunk_0,10,0,0
1776916149771942,PUT,chunk_0,11,0,4096
1776916149771947,GET,chunk_0,10,0,0
1776916149771952,GET,chunk_0,10,0,0
1776916149771957,GET,chunk_0,10,0,0
1776916149771961,GET,chunk_0,10,0,0
1776916149771966,GET,chunk_0,9,0,0
1776916149771937,GET,chunk_0,10,0,0
1776916149771971,PUT,chunk_1,10,0,4096
1776916149771981,GET,chunk_0,11,0,0
1776916149771986,GET,chunk_0,9,0,0
1776916149771991,GET,chunk_0,9,0,0
1776916149771976,GET,chunk_0,11,0,0
1776916149771996,PUT,chunk_0,10,0,4096
1776916149772004,GET,chunk_0,11,0,0
1776916149772009,GET,chunk_0,10,0,0
1776916149772015,GET,chunk_0,10,0,0
1776916149772020,GET,chunk_0,9,0,0
1776916149772024,GET,chunk_0,10,0,0
1776916149772029,GET,chunk_0,10,0,0
1776916149772034,GET,chunk_0,9,0,0
1776916149772039,GET,chunk_0,9,0,0
1776916149772000,PUT,chunk_0,11,0,4096
1776916149772043,PUT,chunk_2,10,0,4096
1776916149772052,GET,chunk_0,11,0,0
1776916149772057,GET,chunk_0,10,0,0
1776916149772047,GET,chunk_2,10,0,0
1776916149772062,GET,chunk_0,10,0,0
1776916149772071,GET,chunk_0,10,0,0
1776916149772076,GET,chunk_0,9,0,0
1776916149772067,PUT,chunk_0,10,0,4096
1776916149772082,PUT,chunk_0,11,0,4096
1776916149772086,PUT,chunk_0,11,0,4096
1776916149772095,GET,chunk_3,9,0,0
1776916149772100,PUT,chunk_0,9,0,4096
1776916149772090,GET,chunk_1,11,0,0
1776916149772105,GET,chunk_0,12,0,0
1776916149772114,GET,chunk_0,10,0,0
1776916149772119,PUT,chunk_0,9,0,4096
1776916149772109,PUT,chunk_0,13,0,4096
1776916149772125,PUT,chunk_2,10,0,4096
1776916149772129,GET,chunk_0,11,0,0
1776916149772138,GET,chunk_1,10,0,0
1776916149772143,PUT,chunk_0,9,0,4096
1776916149772133,GET,chunk_0,11,0,0
1776916149772149,GET,chunk_4,11,0,0
1776916149772157,GET,chunk_0,10,0,0
1776916149772162,GET,chunk_0,9,0,0
1776916149772153,GET,chunk_0,11,0,0
1776916149772168,GET,chunk_0,9,0,0
1776916149772176,GET,chunk_0,10,0,0
1776916149772181,PUT,chunk_0,9,0,4096
1776916149772172,GET,chunk_2,10,0,0
1776916149772187,GET,chunk_0,9,0,0
1776916149772195,GET,chunk_0,9,0,0
1776916149772191,GET,chunk_0,10,0,0
1776916149772200,GET,chunk_0,10,0,0
1776916149772209,GET,chunk_2,10,0,0
1776916149772214,PUT,chunk_0,9,0,4096
1776916149772219,GET,chunk_0,9,0,0
1776916149772224,PUT,chunk_0,9,0,4096
1776916149772228,GET,chunk_0,10,0,0
1776916149772233,GET,chunk_3,9,0,0
1776916149772238,GET,chunk_3,9,0,0
1776916149772242,GET,chunk_4,9,0,0
1776916149772247,GET,chunk_0,9,0,0
1776916149772251,PUT,chunk_4,9,0,4096
1776916149772256,GET,chunk_2,10,0,0
1776916149772260,GET,chunk_0,10,0,0
1776916149772205,GET,chunk_0,10,0,0
1776916149772265,GET,chunk_0,10,0,0
1776916149772297,PUT,chunk_0,9,0,4096
1776916149772302,GET,chunk_4,9,0,0
1776916149772270,GET,chunk_0,9,0,0
1776916149772311,GET,chunk_1,10,0,0
1776916149772316,PUT,chunk_0,10,0,4096
1776916149772321,GET,chunk_0,9,0,0
1776916149772307,GET,chunk_2,10,0,0
1776916149772326,PUT,chunk_2,9,0,4096
1776916149772331,PUT,chunk_0,13,0,4096
1776916149772335,GET,chunk_0,13,0,0
1776916149772340,PUT,chunk_0,10,0,4096
1776916149772347,PUT,chunk_1,10,0,4096
1776916149772352,GET,chunk_0,9,0,0
1776916149772344,PUT,chunk_0,11,0,4096
1776916149772358,PUT,chunk_0,9,0,4096
1776916149772362,GET,chunk_4,10,0,0
1776916149772365,PUT,chunk_4,9,0,4096
1776916149772382,GET,chunk_0,9,0,0
1776916149772388,GET,chunk_0,8,0,0
1776916149772377,GET,chunk_0,9,0,0
1776916149772396,GET,chunk_0,8,0,0
1776916149772371,GET,chunk_0,9,0,0
1776916149772401,PUT,chunk_0,8,0,4096
1776916149772420,GET,chunk_0,8,0,0
1776916149772425,GET,chunk_0,8,0,0
1776916149772436,GET,chunk_0,10,0,0
1776916149772441,GET,chunk_0,9,0,0
1776916149772431,GET,chunk_0,9,0,0
1776916149772450,GET,chunk_0,10,0,0
1776916149772446,GET,chunk_1,9,0,0
1776916149772455,PUT,chunk_0,11,0,4096
1776916149772465,PUT,chunk_2,10,0,4096
1776916149772470,GET,chunk_0,9,0,0
1776916149772460,GET,chunk_0,11,0,0
1776916149772479,PUT,chunk_0,9,0,4096
1776916149772484,GET,chunk_0,9,0,0
1776916149772489,GET,chunk_0,9,0,0
1776916149772493,GET,chunk_3,9,0,0
1776916149772475,GET,chunk_0,9,0,0
1776916149772502,GET,chunk_0,10,0,0
1776916149772507,GET,chunk_0,10,0,0
1776916149772512,GET,chunk_1,10,0,0
1776916149772517,PUT,chunk_0,9,0,4096
1776916149772521,PUT,chunk_0,9,0,4096
1776916149772526,GET,chunk_2,9,0,0
1776916149772531,GET,chunk_0,10,0,0
1776916149772498,GET,chunk_2,10,0,0
1776916149772535,PUT,chunk_0,10,0,4096
1776916149772540,GET,chunk_0,10,0,0
1776916149772545,PUT,chunk_0,9,0,4096
1776916149772557,PUT,chunk_2,9,0,4096
1776916149772562,GET,chunk_4,9,0,0
1776916149772552,PUT,chunk_0,14,0,4096
1776916149772571,GET,chunk_0,11,0,0
1776916149772576,GET,chunk_0,9,0,0
1776916149772568,GET,chunk_0,10,0,0
1776916149772581,GET,chunk_0,11,0,0
1776916149772590,PUT,chunk_0,10,0,4096
1776916149772594,GET,chunk_0,9,0,0
1776916149772586,GET,chunk_2,11,0,0
1776916149772604,GET,chunk_3,10,0,0
1776916149772608,GET,chunk_0,10,0,0
1776916149772613,GET,chunk_0,9,0,0
1776916149772618,PUT,chunk_0,9,0,4096
1776916149772600,GET,chunk_0,11,0,0
1776916149772627,GET,chunk_0,11,0,0
1776916149772631,GET,chunk_0,10,0,0
1776916149772622,PUT,chunk_4,10,0,4096
1776916149772637,GET,chunk_3,10,0,0
1776916149772645,GET,chunk_0,10,0,0
1776916149772651,PUT,chunk_0,9,0,4096
1776916149772641,GET,chunk_0,10,0,0
1776916149772656,PUT,chunk_1,10,0,4096
1776916149772664,PUT,chunk_0,10,0,4096
1776916149772670,GET,chunk_0,9,0,0
1776916149772675,PUT,chunk_0,10,0,4096
1776916149772679,PUT,chunk_0,9,0,4096
1776916149772684,GET,chunk_0,10,0,0
1776916149772660,PUT,chunk_0,10,0,4096
1776916149772693,GET,chunk_4,11,0,0
1776916149772698,GET,chunk_1,9,0,0
1776916149772689,PUT,chunk_0,10,0,4096
1776916149772704,GET,chunk_0,10,0,0
1776916149772712,PUT,chunk_0,10,0,4096
1776916149772718,PUT,chunk_1,9,0,4096
1776916149772708,PUT,chunk_0,10,0,4096
1776916149772726,GET,chunk_0,10,0,0
1776916149772732,GET,chunk_0,9,0,0
1776916149772723,PUT,chunk_0,10,0,4096
1776916149772741,GET,chunk_3,11,0,0
1776916149772746,GET,chunk_0,10,0,0
1776916149772751,GET,chunk_0,10,0,0
1776916149772756,GET,chunk_0,9,0,0
1776916149772761,PUT,chunk_0,10,0,4096
1776916149772765,GET,chunk_0,9,0,0
1776916149772770,GET,chunk_0,9,0,0
1776916149772775,GET,chunk_0,10,0,0
1776916149772779,GET,chunk_0,11,0,0
1776916149772784,GET,chunk_0,10,0,0
1776916149772793,GET,chunk_0,8,0,0
1776916149772737,PUT,chunk_2,10,0,4096
1776916149772801,GET,chunk_0,10,0,0
1776916149772805,GET,chunk_0,9,0,0
1776916149772822,GET,chunk_0,9,0,0
1776916149772827,GET,chunk_2,9,0,0
1776916149772790,GET,chunk_0,35,0,0
1776916149772832,PUT,chunk_0,11,0,4096
1776916149772841,GET,chunk_0,10,0,0
1776916149772846,GET,chunk_0,9,0,0
1776916149772851,PUT,chunk_0,10,0,4096
1776916149772855,GET,chunk_0,9,0,0
1776916149772836,GET,chunk_0,13,0,0
1776916149772860,GET,chunk_0,10,0,0
1776916149772869,GET,chunk_0,10,0,0
1776916149772874,GET,chunk_0,9,0,0
1776916149772865,GET,chunk_1,10,0,0
1776916149772880,GET,chunk_0,10,0,0
1776916149772883,PUT,chunk_0,11,0,4096
1776916149772893,GET,chunk_0,11,0,0
1776916149772888,PUT,chunk_0,12,0,4096
1776916149772898,GET,chunk_0,11,0,0
1776916149772904,GET,chunk_0,12,0,0
1776916149772908,GET,chunk_4,12,0,0
1776916149772919,GET,chunk_0,10,0,0
1776916149772924,GET,chunk_0,10,0,0
1776916149772929,GET,chunk_1,10,0,0
1776916149772934,GET,chunk_0,9,0,0
1776916149772939,GET,chunk_0,9,0,0
1776916149772914,PUT,chunk_0,11,0,4096
1776916149772947,GET,chunk_0,10,0,0
1776916149772952,PUT,chunk_0,9,0,4096
1776916149772943,PUT,chunk_1,10,0,4096
1776916149772958,GET,chunk_0,9,0,0
1776916149772966,PUT,chunk_0,10,0,4096
1776916149772971,GET,chunk_0,10,0,0
1776916149772962,GET,chunk_0,10,0,0
1776916149772981,GET,chunk_0,10,0,0
1776916149772976,GET,chunk_0,10,0,0
1776916149772985,PUT,chunk_0,12,0,4096
1776916149772990,GET,chunk_0,15,0,0
1776916149773001,GET,chunk_0,11,0,0
1776916149773005,PUT,chunk_0,12,0,4096
1776916149773011,PUT,chunk_0,10,0,4096
1776916149773016,GET,chunk_0,9,0,0
1776916149772995,GET,chunk_0,11,0,0
1776916149773022,PUT,chunk_0,13,0,4096
1776916149773026,PUT,chunk_0,13,0,4096
1776916149773035,PUT,chunk_0,11,0,4096
1776916149773031,PUT,chunk_0,11,0,4096
1776916149773038,GET,chunk_0,10,0,0
1776916149773045,PUT,chunk_0,8,0,4096
1776916149773051,GET,chunk_0,8,0,0
1776916149773056,GET,chunk_0,9,0,0
1776916149773061,PUT,chunk_0,9,0,4096
1776916149773067,PUT,chunk_0,8,0,4096
1776916149773072,GET,chunk_0,8,0,0
1776916149773077,PUT,chunk_0,9,0,4096
1776916149773083,GET,chunk_0,8,0,0
1776916149773093,GET,chunk_0,12,0,0
1776916149773099,GET,chunk_0,10,0,0
1776916149773105,GET,chunk_2,10,0,0
1776916149773109,GET,chunk_0,9,0,0
1776916149773114,GET,chunk_0,10,0,0
1776916149773118,GET,chunk_0,11,0,0
1776916149773088,GET,chunk_0,8,0,0
1776916149773129,PUT,chunk_0,10,0,4096
1776916149773133,GET,chunk_3,9,0,0
1776916149773122,PUT,chunk_0,9,0,4096
1776916149773139,PUT,chunk_3,10,0,4096
1776916149773147,PUT,chunk_0,9,0,4096
1776916149773152,GET,chunk_3,9,0,0
1776916149773143,GET,chunk_3,10,0,0
1776916149773157,PUT,chunk_0,10,0,4096
1776916149773161,GET,chunk_0,13,0,0
1776916149773171,GET,chunk_3,10,0,0
1776916149773176,PUT,chunk_3,10,0,4096
1776916149773166,GET,chunk_0,12,0,0
1776916149773185,PUT,chunk_0,11,0,4096
1776916149773190,PUT,chunk_0,10,0,4096
1776916149773196,GET,chunk_3,9,0,0
1776916149773182,GET,chunk_0,10,0,0
1776916149773201,GET,chunk_0,11,0,0
1776916149773205,GET,chunk_0,13,0,0
1776916149773209,GET,chunk_0,13,0,0
1776916149773215,GET,chunk_1,10,0,0
1776916149773222,PUT,chunk_0,10,0,4096
1776916149773227,PUT,chunk_0,9,0,4096
1776916149773219,GET,chunk_0,11,0,0
1776916149773233,PUT,chunk_0,10,0,4096
1776916149773241,GET,chunk_0,10,0,0
1776916149773246,GET,chunk_0,9,0,0
1776916149773251,GET,chunk_1,10,0,0
1776916149773236,PUT,chunk_0,10,0,4096
1776916149773254,GET,chunk_0,9,0,0
1776916149773270,GET,chunk_0,8,0,0
1776916149773275,GET,chunk_0,9,0,0
1776916149773259,GET,chunk_0,9,0,0
1776916149773283,GET,chunk_0,8,0,0
1776916149773289,GET,chunk_3,10,0,0
1776916149773271,GET,chunk_0,29,0,0
1776916149773295,GET,chunk_0,12,0,0
1776916149773299,GET,chunk_0,12,0,0
1776916149773303,PUT,chunk_0,10,0,4096
1776916149773311,GET,chunk_0,11,0,0
1776916149773315,GET,chunk_4,10,0,0
1776916149773308,GET,chunk_0,11,0,0
1776916149773323,GET,chunk_2,10,0,0
1776916149773326,GET,chunk_0,11,0,0
1776916149773336,GET,chunk_0,10,0,0
1776916149773341,GET,chunk_4,9,0,0
1776916149773330,GET,chunk_1,10,0,0
1776916149773346,PUT,chunk_3,11,0,4096
1776916149773355,GET,chunk_4,10,0,0
1776916149773360,PUT,chunk_0,9,0,4096
1776916149773365,GET,chunk_0,9,0,0
1776916149773370,GET,chunk_1,10,0,0
1776916149773374,PUT,chunk_0,10,0,4096
1776916149773379,GET,chunk_0,9,0,0
1776916149773350,GET,chunk_0,12,0,0
1776916149773385,GET,chunk_0,10,0,0
1776916149773393,GET,chunk_0,11,0,0
1776916149773398,PUT,chunk_0,10,0,4096
1776916149773403,GET,chunk_0,10,0,0
1776916149773408,GET,chunk_2,9,0,0
1776916149773413,GET,chunk_4,9,0,0
1776916149773389,GET,chunk_3,11,0,0
1776916149773421,GET,chunk_0,10,0,0
1776916149773426,PUT,chunk_0,9,0,4096
1776916149773417,PUT,chunk_0,10,0,4096
1776916149773431,PUT,chunk_0,10,0,4096
1776916149773440,GET,chunk_0,10,0,0
1776916149773445,PUT,chunk_3,9,0,4096
1776916149773451,PUT,chunk_0,9,0,4096
1776916149773455,GET,chunk_0,9,0,0
1776916149773460,PUT,chunk_0,10,0,4096
1776916149773464,PUT,chunk_0,10,0,4096
1776916149773470,GET,chunk_0,9,0,0
1776916149773474,GET,chunk_0,9,0,0
1776916149773479,PUT,chunk_0,10,0,4096
1776916149773484,PUT,chunk_0,10,0,4096
1776916149773489,GET,chunk_3,9,0,0
1776916149773436,GET,chunk_1,11,0,0
1776916149773493,GET,chunk_0,12,0,0
1776916149773502,PUT,chunk_0,9,0,4096
1776916149773508,GET,chunk_0,9,0,0
1776916149773498,PUT,chunk_0,12,0,4096
1776916149773516,GET,chunk_0,9,0,0
1776916149773513,GET,chunk_0,10,0,0
1776916149773522,PUT,chunk_1,10,0,4096
1776916149773527,GET,chunk_0,10,0,0
1776916149773530,PUT,chunk_2,9,0,4096
1776916149773535,GET,chunk_0,9,0,0
1776916149773541,GET,chunk_0,9,0,0
1776916149773546,GET,chunk_3,9,0,0
1776916149773551,GET,chunk_0,9,0,0
1776916149773557,GET,chunk_0,8,0,0
1776916149773562,GET,chunk_0,9,0,0
1776916149773569,GET,chunk_0,9,0,0
1776916149773574,GET,chunk_0,9,0,0
1776916149773580,GET,chunk_0,8,0,0
1776916149773585,PUT,chunk_0,8,0,4096
1776916149773591,GET,chunk_0,9,0,0
1776916149773596,PUT,chunk_2,9,0,4096
1776916149773601,PUT,chunk_0,9,0,4096
1776916149773606,GET,chunk_2,8,0,0
1776916149773612,PUT,chunk_0,9,0,4096
1776916149773617,PUT,chunk_0,8,0,4096
1776916149773623,PUT,chunk_0,9,0,4096
1776916149773633,GET,chunk_0,10,0,0
1776916149773638,PUT,chunk_0,9,0,4096
1776916149773628,PUT,chunk_0,8,0,4096
1776916149773644,GET,chunk_0,9,0,0
1776916149773652,GET,chunk_0,10,0,0
1776916149773657,GET,chunk_0,9,0,0
1776916149773648,PUT,chunk_0,10,0,4096
1776916149773662,GET,chunk_0,9,0,0
1776916149773671,GET,chunk_0,10,0,0
1776916149773676,PUT,chunk_1,10,0,4096
1776916149773681,GET,chunk_0,9,0,0
1776916149773686,PUT,chunk_0,9,0,4096
1776916149773690,GET,chunk_0,10,0,0
1776916149773695,GET,chunk_0,9,0,0
1776916149773700,GET,chunk_4,9,0,0
1776916149773667,PUT,chunk_0,10,0,4096
1776916149773705,PUT,chunk_0,9,0,4096
1776916149773709,GET,chunk_0,11,0,0
1776916149773713,GET,chunk_0,13,0,0
1776916149773724,GET,chunk_0,11,0,0
1776916149773729,GET,chunk_0,9,0,0
1776916149773734,GET,chunk_0,9,0,0
1776916149773718,GET,chunk_0,11,0,0
1776916149773739,GET,chunk_4,10,0,0
1776916149773747,PUT,chunk_4,10,0,4096
1776916149773753,GET,chunk_1,9,0,0
1776916149773743,GET,chunk_3,11,0,0
1776916149773762,GET,chunk_4,9,0,0
1776916149773758,GET,chunk_0,10,0,0
1776916149773767,PUT,chunk_0,10,0,4096
1776916149773772,GET,chunk_0,12,0,0
1776916149773781,PUT,chunk_0,10,0,4096
1776916149773785,GET,chunk_0,9,0,0
1776916149773776,GET,chunk_0,13,0,0
1776916149773791,PUT,chunk_0,9,0,4096
1776916149773799,GET,chunk_0,9,0,0
1776916149773795,GET,chunk_0,11,0,0
1776916149773805,GET,chunk_0,10,0,0
1776916149773813,GET,chunk_0,11,0,0
1776916149773819,GET,chunk_0,10,0,0
1776916149773824,PUT,chunk_0,9,0,4096
1776916149773810,GET,chunk_0,10,0,0
1776916149773829,GET,chunk_0,10,0,0
1776916149773837,GET,chunk_0,10,0,0
1776916149773843,GET,chunk_0,9,0,0
1776916149773833,GET,chunk_0,12,0,0
1776916149773852,GET,chunk_1,11,0,0
1776916149773857,PUT,chunk_0,11,0,4096
1776916149773862,GET,chunk_3,10,0,0
1776916149773867,GET,chunk_0,9,0,0
1776916149773872,GET,chunk_3,9,0,0
1776916149773848,PUT,chunk_1,11,0,4096
1776916149773877,PUT,chunk_0,10,0,4096
1776916149773881,PUT,chunk_0,13,0,4096
1776916149773891,GET,chunk_3,10,0,0
1776916149773896,GET,chunk_0,9,0,0
1776916149773901,PUT,chunk_2,9,0,4096
1776916149773905,GET,chunk_0,9,0,0
1776916149773885,GET,chunk_0,12,0,0
1776916149773909,PUT,chunk_0,11,0,4096
1776916149773918,PUT,chunk_0,10,0,4096
1776916149773923,PUT,chunk_0,9,0,4096
1776916149773914,GET,chunk_0,11,0,0
1776916149773933,GET,chunk_0,12,0,0
1776916149773929,GET,chunk_0,9,0,0
1776916149773937,GET,chunk_0,11,0,0
1776916149773950,GET,chunk_0,10,0,0
1776916149773956,GET,chunk_0,10,0,0
1776916149773943,GET,chunk_1,11,0,0
1776916149773965,GET,chunk_0,10,0,0
1776916149773970,GET,chunk_0,9,0,0
1776916149773975,PUT,chunk_0,9,0,4096
1776916149773980,GET,chunk_0,9,0,0
1776916149773984,GET,chunk_0,10,0,0
1776916149773989,GET,chunk_4,9,0,0
1776916149773994,GET,chunk_0,9,0,0
1776916149773961,GET,chunk_0,10,0,0
1776916149773998,GET,chunk_0,12,0,0
1776916149774008,GET,chunk_4,10,0,0
1776916149774012,GET,chunk_4,9,0,0
1776916149774003,GET,chunk_0,12,0,0
1776916149774018,PUT,chunk_0,9,0,4096
1776916149774026,GET,chunk_0,10,0,0
1776916149774031,GET,chunk_0,9,0,0
1776916149774022,GET,chunk_0,11,0,0
1776916149774037,PUT,chunk_0,9,0,4096
1776916149774045,GET,chunk_0,10,0,0
1776916149774050,GET,chunk_0,9,0,0
1776916149774055,GET,chunk_0,9,0,0
1776916149774041,GET,chunk_0,10,0,0
1776916149774060,GET,chunk_0,12,0,0
1776916149774069,GET,chunk_0,10,0,0
1776916149774074,GET,chunk_0,9,0,0
1776916149774064,GET,chunk_0,12,0,0
1776916149774079,GET,chunk_0,11,0,0
1776916149774084,GET,chunk_0,12,0,0
1776916149774088,PUT,chunk_0,12,0,4096
1776916149774098,GET,chunk_0,10,0,0
1776916149774103,GET,chunk_0,9,0,0
1776916149774093,PUT,chunk_0,11,0,4096
1776916149774108,GET,chunk_4,9,0,0
1776916149774113,GET,chunk_0,12,0,0
1776916149774122,PUT,chunk_0,10,0,4096
1776916149774128,PUT,chunk_1,9,0,4096
1776916149774117,PUT,chunk_0,12,0,4096
1776916149774132,GET,chunk_0,12,0,0
1776916149774141,GET,chunk_0,10,0,0
1776916149774147,GET,chunk_0,9,0,0
1776916149774136,PUT,chunk_2,12,0,4096
1776916149774152,GET,chunk_0,10,0,0
1776916149774160,PUT,chunk_0,10,0,4096
1776916149774166,GET,chunk_3,9,0,0
1776916149774171,GET,chunk_0,9,0,0
1776916149774156,GET,chunk_1,11,0,0
1776916149774179,GET,chunk_0,10,0,0
1776916149774184,PUT,chunk_0,10,0,4096
1776916149774189,GET,chunk_0,9,0,0
1776916149774194,PUT,chunk_0,9,0,4096
1776916149774198,PUT,chunk_0,9,0,4096
1776916149774203,GET,chunk_0,10,0,0
1776916149774175,GET,chunk_0,11,0,0
1776916149774207,GET,chunk_0,11,0,0
1776916149774217,PUT,chunk_4,11,0,4096
1776916149774212,GET,chunk_0,11,0,0
1776916149774222,GET,chunk_2,11,0,0
1776916149774233,GET,chunk_0,10,0,0
1776916149774227,GET,chunk_0,11,0,0
1776916149774238,PUT,chunk_0,11,0,4096
1776916149774243,GET,chunk_3,13,0,0
1776916149774253,GET,chunk_0,10,0,0
1776916149774258,GET,chunk_0,10,0,0
1776916149774247,PUT,chunk_0,12,0,4096
1776916149774263,GET,chunk_0,11,0,0
1776916149774267,GET,chunk_0,11,0,0
1776916149774272,GET,chunk_1,12,0,0
1776916149774277,PUT,chunk_3,12,0,4096
1776916149774287,PUT,chunk_0,10,0,4096
1776916149774293,GET,chunk_0,9,0,0
1776916149774282,PUT,chunk_3,12,0,4096
1776916149774298,GET,chunk_3,9,0,0
1776916149774307,GET,chunk_0,10,0,0
1776916149774312,GET,chunk_0,10,0,0
1776916149774317,GET,chunk_0,9,0,0
1776916149774302,GET,chunk_1,10,0,0
1776916149774321,PUT,chunk_2,12,0,4096
1776916149774331,GET,chunk_0,9,0,0
1776916149774326,GET,chunk_4,12,0,0
1776916149774336,PUT,chunk_4,9,0,4096
1776916149774344,GET,chunk_0,10,0,0
1776916149774349,GET,chunk_4,9,0,0
1776916149774355,PUT,chunk_0,9,0,4096
1776916149774341,GET,chunk_0,11,0,0
1776916149774359,GET,chunk_0,10,0,0
1776916149774368,GET,chunk_0,10,0,0
1776916149774373,GET,chunk_0,9,0,0
1776916149774378,GET,chunk_0,9,0,0
1776916149774382,PUT,chunk_0,9,0,4096
1776916149774363,PUT,chunk_0,11,0,4096
1776916149774386,PUT,chunk_0,11,0,4096
1776916149774396,GET,chunk_3,10,0,0
1776916149774401,PUT,chunk_0,9,0,4096
1776916149774391,PUT,chunk_0,12,0,4096
1776916149774406,GET,chunk_0,10,0,0
1776916149774415,GET,chunk_3,10,0,0
1776916149774420,PUT,chunk_0,9,0,4096
1776916149774410,PUT,chunk_4,11,0,4096
1776916149774425,GET,chunk_0,10,0,0
1776916149774433,GET,chunk_0,10,0,0
1776916149774438,GET,chunk_0,9,0,0
1776916149774429,GET,chunk_0,10,0,0
1776916149774443,GET,chunk_1,9,0,0
1776916149774451,GET,chunk_0,10,0,0
1776916149774456,GET,chunk_0,9,0,0
1776916149774447,GET,chunk_3,10,0,0
1776916149774466,PUT,chunk_0,9,0,4096
1776916149774470,GET,chunk_4,9,0,0
1776916149774461,GET,chunk_0,10,0,0
1776916149774475,GET,chunk_3,10,0,0
1776916149774480,PUT,chunk_0,12,0,4096
1776916149774484,PUT,chunk_2,12,0,4096
1776916149774489,GET,chunk_4,10,0,0
1776916149774493,PUT,chunk_0,10,0,4096
1776916149774496,GET,chunk_4,10,0,0
1776916149774500,PUT,chunk_0,13,0,4096
1776916149774511,GET,chunk_1,10,0,0
1776916149774516,GET,chunk_0,9,0,0
1776916149774505,GET,chunk_0,12,0,0
1776916149774521,PUT,chunk_0,9,0,4096
1776916149774529,GET,chunk_0,11,0,0
1776916149774534,GET,chunk_0,10,0,0
1776916149774539,GET,chunk_0,9,0,0
1776916149774525,GET,chunk_0,10,0,0
1776916149774544,GET,chunk_0,9,0,0
1776916149774553,PUT,chunk_0,10,0,4096
1776916149774558,PUT,chunk_0,10,0,4096
1776916149774563,PUT,chunk_0,9,0,4096
1776916149774568,GET,chunk_2,9,0,0
1776916149774572,PUT,chunk_2,9,0,4096
1776916149774549,GET,chunk_0,10,0,0
1776916149774577,GET,chunk_3,10,0,0
1776916149774585,GET,chunk_0,10,0,0
1776916149774581,GET,chunk_0,10,0,0
1776916149774590,GET,chunk_3,9,0,0
1776916149774599,GET,chunk_0,10,0,0
1776916149774604,GET,chunk_1,9,0,0
1776916149774595,GET,chunk_0,10,0,0
1776916149774614,PUT,chunk_4,10,0,4096
1776916149774618,GET,chunk_0,10,0,0
1776916149774623,GET,chunk_0,9,0,0
1776916149774609,GET,chunk_0,10,0,0
1776916149774628,PUT,chunk_0,10,0,4096
1776916149774636,GET,chunk_0,9,0,0
1776916149774642,GET,chunk_0,9,0,0
1776916149774632,GET,chunk_0,11,0,0
1776916149774647,GET,chunk_1,10,0,0
1776916149774655,GET,chunk_0,10,0,0
1776916149774660,PUT,chunk_2,10,0,4096
1776916149774665,PUT,chunk_0,9,0,4096
1776916149774650,GET,chunk_1,11,0,0
1776916149774670,GET,chunk_0,12,0,0
1776916149774674,GET,chunk_4,12,0,0
1776916149774678,GET,chunk_0,10,0,0
1776916149774686,PUT,chunk_0,10,0,4096
1776916149774690,GET,chunk_0,10,0,0
1776916149774696,PUT,chunk_0,9,0,4096
1776916149774682,GET,chunk_0,11,0,0
1776916149774704,GET,chunk_0,10,0,0
1776916149774709,PUT,chunk_0,9,0,4096
1776916149774714,GET,chunk_0,9,0,0
1776916149774701,PUT,chunk_0,10,0,4096
1776916149774723,GET,chunk_0,9,0,0
1776916149774727,PUT,chunk_4,9,0,4096
1776916149774719,GET,chunk_0,9,0,0
1776916149774732,PUT,chunk_0,10,0,4096
1776916149774741,GET,chunk_0,10,0,0
1776916149774746,GET,chunk_0,9,0,0
1776916149774737,PUT,chunk_0,10,0,4096
1776916149774755,PUT,chunk_0,10,0,4096
1776916149774759,PUT,chunk_0,10,0,4096
1776916149774764,PUT,chunk_0,9,0,4096
1776916149774769,GET,chunk_1,8,0,0
1776916149774751,PUT,chunk_0,10,0,4096
1776916149774778,GET,chunk_0,10,0,0
1776916149774782,GET,chunk_0,9,0,0
1776916149774774,PUT,chunk_0,10,0,4096
1776916149774789,PUT,chunk_0,10,0,4096
1776916149774796,GET,chunk_2,10,0,0
1776916149774801,GET,chunk_0,9,0,0
1776916149774793,PUT,chunk_0,10,0,4096
1776916149774811,GET,chunk_1,10,0,0
1776916149774815,PUT,chunk_3,10,0,4096
1776916149774820,GET,chunk_0,9,0,0
1776916149774806,PUT,chunk_0,9,0,4096
1776916149774829,GET,chunk_0,10,0,0
1776916149774833,GET,chunk_0,10,0,0
1776916149774839,GET,chunk_0,9,0,0
1776916149774843,PUT,chunk_0,10,0,4096
1776916149774847,PUT,chunk_0,9,0,4096
1776916149774825,GET,chunk_0,10,0,0
1776916149774852,GET,chunk_1,9,0,0
1776916149774861,GET,chunk_1,10,0,0
1776916149774866,GET,chunk_0,10,0,0
1776916149774871,GET,chunk_0,9,0,0
1776916149774875,PUT,chunk_3,10,0,4096
1776916149774857,GET,chunk_3,10,0,0
1776916149774880,GET,chunk_0,10,0,0
1776916149774889,GET,chunk_4,11,0,0
1776916149774894,GET,chunk_0,10,0,0
1776916149774899,GET,chunk_0,9,0,0
1776916149774884,GET,chunk_0,11,0,0
1776916149774904,GET,chunk_0,9,0,0
1776916149774912,GET,chunk_4,10,0,0
1776916149774918,GET,chunk_1,10,0,0
1776916149774923,PUT,chunk_0,9,0,4096
1776916149774908,PUT,chunk_1,10,0,4096
1776916149774928,GET,chunk_0,10,0,0
1776916149774936,PUT,chunk_0,10,0,4096
1776916149774941,GET,chunk_0,9,0,0
1776916149774932,GET,chunk_0,10,0,0
1776916149774946,GET,chunk_0,9,0,0
1776916149774955,GET,chunk_0,10,0,0
1776916149774960,GET,chunk_0,10,0,0
1776916149774965,PUT,chunk_0,9,0,4096
1776916149774970,GET,chunk_3,9,0,0
1776916149774974,GET,chunk_1,11,0,0
1776916149774979,GET,chunk_4,11,0,0
1776916149774984,PUT,chunk_0,11,0,4096
1776916149774951,GET,chunk_0,10,0,0
1776916149774990,GET,chunk_0,12,0,0
1776916149775000,GET,chunk_0,10,0,0
1776916149775005,GET,chunk_0,9,0,0
1776916149774995,GET,chunk_0,11,0,0
1776916149775010,GET,chunk_0,9,0,0
1776916149775019,GET,chunk_0,10,0,0
1776916149775024,GET,chunk_4,9,0,0
1776916149775015,GET,chunk_0,10,0,0
1776916149775033,PUT,chunk_0,10,0,4096
1776916149775038,PUT,chunk_0,10,0,4096
1776916149775043,GET,chunk_0,10,0,0
1776916149775029,GET,chunk_0,10,0,0
1776916149775053,GET,chunk_0,9,0,0
1776916149775057,PUT,chunk_0,9,0,4096
1776916149775048,PUT,chunk_0,9,0,4096
1776916149775063,GET,chunk_0,11,0,0
1776916149775071,GET,chunk_0,10,0,0
1776916149775076,PUT,chunk_1,9,0,4096
1776916149775067,PUT,chunk_0,11,0,4096
1776916149775081,GET,chunk_0,10,0,0
1776916149775089,GET,chunk_0,10,0,0
1776916149775095,GET,chunk_0,9,0,0
1776916149775085,GET,chunk_3,10,0,0
1776916149775100,PUT,chunk_0,11,0,4096
1776916149775108,GET,chunk_0,10,0,0
1776916149775113,PUT,chunk_0,9,0,4096
1776916149775119,GET,chunk_0,9,0,0
1776916149775104,GET,chunk_0,11,0,0
1776916149775127,PUT,chunk_0,10,0,4096
1776916149775132,PUT,chunk_0,9,0,4096
1776916149775123,GET,chunk_0,11,0,0
1776916149775137,GET,chunk_0,10,0,0
1776916149775146,GET,chunk_4,10,0,0
1776916149775151,PUT,chunk_0,9,0,4096
1776916149775141,GET,chunk_0,10,0,0
1776916149775156,PUT,chunk_0,9,0,4096
1776916149775161,GET,chunk_0,10,0,0
1776916149775170,PUT,chunk_0,10,0,4096
1776916149775165,GET,chunk_1,11,0,0
1776916149775180,GET,chunk_0,10,0,0
1776916149775184,GET,chunk_0,10,0,0
1776916149775189,GET,chunk_0,9,0,0
1776916149775175,GET,chunk_3,10,0,0
1776916149775195,GET,chunk_0,10,0,0
1776916149775203,GET,chunk_0,10,0,0
1776916149775209,PUT,chunk_0,9,0,4096
1776916149775199,GET,chunk_0,11,0,0
1776916149775214,PUT,chunk_0,9,0,4096
1776916149775222,GET,chunk_0,10,0,0
1776916149775227,GET,chunk_0,9,0,0
1776916149775233,GET,chunk_0,10,0,0
1776916149775236,GET,chunk_0,11,0,0
1776916149775241,GET,chunk_0,10,0,0
1776916149775218,GET,chunk_3,10,0,0
1776916149775247,PUT,chunk_0,9,0,4096
1776916149775256,GET,chunk_0,11,0,0
1776916149775261,GET,chunk_1,9,0,0
1776916149775252,PUT,chunk_0,10,0,4096
1776916149775266,GET,chunk_0,10,0,0
1776916149775275,GET,chunk_0,10,0,0
1776916149775280,GET,chunk_0,9,0,0
1776916149775271,GET,chunk_0,10,0,0
1776916149775285,PUT,chunk_0,10,0,4096
1776916149775289,GET,chunk_0,11,0,0
1776916149775299,GET,chunk_3,10,0,0
1776916149775304,GET,chunk_0,9,0,0
1776916149775309,GET,chunk_0,9,0,0
1776916149775294,GET,chunk_4,11,0,0
1776916149775317,GET,chunk_0,11,0,0
1776916149775322,GET,chunk_0,10,0,0
1776916149775327,GET,chunk_0,10,0,0
1776916149775332,GET,chunk_0,10,0,0
1776916149775337,PUT,chunk_0,10,0,4096
1776916149775342,GET,chunk_0,9,0,0
1776916149775313,GET,chunk_0,10,0,0
1776916149775348,GET,chunk_0,9,0,0
1776916149775356,PUT,chunk_0,10,0,4096
1776916149775361,GET,chunk_0,9,0,0
1776916149775366,GET,chunk_3,9,0,0
1776916149775370,PUT,chunk_0,10,0,4096
1776916149775374,GET,chunk_0,11,0,0
1776916149775380,GET,chunk_0,10,0,0
1776916149775386,GET,chunk_0,9,0,0
1776916149775352,GET,chunk_0,10,0,0
1776916149775394,GET,chunk_2,10,0,0
1776916149775398,GET,chunk_0,9,0,0
1776916149775404,GET,chunk_0,11,0,0
1776916149775407,PUT,chunk_0,10,0,4096
1776916149775412,GET,chunk_0,9,0,0
1776916149775390,GET,chunk_0,10,0,0
1776916149775419,GET,chunk_0,10,0,0
1776916149775432,GET,chunk_0,9,0,0
1776916149775437,GET,chunk_0,10,0,0
1776916149775446,PUT,chunk_0,10,0,4096
1776916149775453,GET,chunk_0,10,0,0
1776916149775461,PUT,chunk_4,10,0,4096
1776916149775426,GET,chunk_0,9,0,0
1776916149775422,GET,chunk_4,11,0,0
1776916149775485,GET,chunk_0,11,0,0
1776916149775492,GET,chunk_2,9,0,0
1776916149775470,GET,chunk_0,10,0,0
1776916149775477,PUT,chunk_0,10,0,4096
1776916149775514,GET,chunk_0,11,0,0
1776916149775521,PUT,chunk_4,11,0,4096
1776916149775500,GET,chunk_0,10,0,0
1776916149775537,PUT,chunk_0,10,0,4096
1776916149775530,PUT,chunk_0,10,0,4096
1776916149775552,GET,chunk_0,10,0,0
1776916149775545,GET,chunk_3,11,0,0
1776916149775568,PUT,chunk_2,10,0,4096
1776916149775560,GET,chunk_0,10,0,0
1776916149775583,GET,chunk_0,8,0,0
1776916149775575,GET,chunk_0,10,0,0
1776916149775596,PUT,chunk_0,8,0,4096
1776916149775589,PUT,chunk_2,9,0,4096
1776916149775610,PUT,chunk_0,10,0,4096
1776916149775601,GET,chunk_0,11,0,0
1776916149775625,GET,chunk_0,11,0,0
1776916149775632,GET,chunk_4,11,0,0
1776916149775507,GET,chunk_0,10,0,0
1776916149775649,GET,chunk_0,8,0,0
1776916149775641,PUT,chunk_3,9,0,4096
1776916149775662,GET,chunk_0,10,0,0
1776916149775655,GET,chunk_0,11,0,0
1776916149775678,GET,chunk_0,10,0,0
1776916149775670,GET,chunk_0,11,0,0
1776916149775693,PUT,chunk_0,10,0,4096
1776916149775685,GET,chunk_0,11,0,0
1776916149775708,PUT,chunk_0,10,0,4096
1776916149775700,GET,chunk_1,11,0,0
1776916149775724,GET,chunk_0,10,0,0
1776916149775716,GET,chunk_0,12,0,0
1776916149775739,GET,chunk_0,10,0,0
1776916149775731,PUT,chunk_0,11,0,4096
1776916149775754,GET,chunk_0,8,0,0
1776916149775747,GET,chunk_0,9,0,0
1776916149775768,GET,chunk_0,10,0,0
1776916149775760,GET,chunk_0,11,0,0
1776916149775783,GET,chunk_0,11,0,0
1776916149775791,GET,chunk_0,11,0,0
1776916149775617,PUT,chunk_0,11,0,4096
1776916149775806,GET,chunk_0,9,0,0
1776916149775799,GET,chunk_1,8,0,0
1776916149775820,PUT,chunk_0,10,0,4096
1776916149775812,GET,chunk_0,11,0,0
1776916149775835,GET,chunk_0,10,0,0
1776916149775827,PUT,chunk_0,11,0,4096
1776916149775850,GET,chunk_0,9,0,0
1776916149775843,PUT,chunk_0,11,0,4096
1776916149775865,GET,chunk_0,10,0,0
1776916149775857,PUT,chunk_0,11,0,4096
1776916149775880,GET,chunk_1,10,0,0
1776916149775888,GET,chunk_0,11,0,0
1776916149775895,GET,chunk_0,10,0,0
1776916149775905,GET,chunk_0,8,0,0
1776916149775909,GET,chunk_0,8,0,0
1776916149775917,GET,chunk_0,8,0,0
1776916149775922,GET,chunk_0,10,0,0
1776916149775775,GET,chunk_3,10,0,0
1776916149775939,GET,chunk_0,10,0,0
1776916149775943,GET,chunk_0,12,0,0
1776916149775872,GET,chunk_0,11,0,0
1776916149775961,GET,chunk_2,10,0,0
1776916149775955,PUT,chunk_2,10,0,4096
1776916149775976,GET,chunk_4,10,0,0
1776916149775983,GET,chunk_1,11,0,0
1776916149775991,GET,chunk_0,10,0,0
1776916149775969,GET,chunk_3,9,0,0
1776916149776007,PUT,chunk_0,10,0,4096
1776916149776015,PUT,chunk_0,11,0,4096
1776916149776021,GET,chunk_0,10,0,0
1776916149775933,GET,chunk_2,19,0,0
1776916149776031,PUT,chunk_0,11,0,4096
1776916149776037,GET,chunk_0,11,0,0
1776916149776000,GET,chunk_0,9,0,0
1776916149776043,PUT,chunk_0,13,0,4096
1776916149776060,PUT,chunk_0,12,0,4096
1776916149776067,GET,chunk_0,9,0,0
1776916149776053,GET,chunk_0,12,0,0
1776916149776048,GET,chunk_0,13,0,0
1776916149776076,GET,chunk_0,9,0,0
1776916149776094,GET,chunk_0,13,0,0
1776916149776081,GET,chunk_0,11,0,0
1776916149776105,GET,chunk_0,11,0,0
1776916149776112,PUT,chunk_0,11,0,4096
1776916149776087,PUT,chunk_0,12,0,4096
1776916149776122,GET,chunk_0,13,0,0
1776916149776128,GET,chunk_0,14,0,0
1776916149776139,PUT,chunk_0,11,0,4096
1776916149776135,GET,chunk_1,21,0,0
1776916149776146,GET,chunk_0,11,0,0
1776916149776116,PUT,chunk_0,14,0,4096
1776916149776162,GET,chunk_0,19,0,0
1776916149776175,PUT,chunk_0,10,0,4096
1776916149776156,GET,chunk_0,10,0,0
1776916149776186,PUT,chunk_0,10,0,4096
1776916149776190,PUT,chunk_0,10,0,4096
1776916149776195,PUT,chunk_0,10,0,4096
1776916149776169,PUT,chunk_3,13,0,4096
1776916149776209,GET,chunk_0,10,0,0
1776916149776215,GET,chunk_0,12,0,0
1776916149776203,GET,chunk_0,10,0,0
1776916149776199,GET,chunk_0,11,0,0
1776916149776233,GET,chunk_3,10,0,0
1776916149776225,GET,chunk_0,10,0,0
1776916149776239,GET,chunk_0,13,0,0
1776916149776246,GET,chunk_0,12,0,0
1776916149776249,PUT,chunk_0,11,0,4096
1776916149776262,GET,chunk_0,10,0,0
1776916149776268,PUT,chunk_0,11,0,4096
1776916149776277,GET,chunk_0,10,0,0
1776916149776253,GET,chunk_0,11,0,0
1776916149776256,GET,chunk_3,10,0,0
1776916149776292,PUT,chunk_0,11,0,4096
1776916149776296,GET,chunk_0,11,0,0
1776916149776303,GET,chunk_0,10,0,0
1776916149776307,GET,chunk_0,10,0,0
1776916149776311,GET,chunk_1,9,0,0
1776916149776318,GET,chunk_0,10,0,0
1776916149776321,PUT,chunk_0,10,0,4096
1776916149776324,PUT,chunk_0,9,0,4096
1776916149776332,PUT,chunk_0,8,0,4096
1776916149776337,GET,chunk_2,8,0,0
1776916149776344,GET,chunk_0,8,0,0
1776916149776356,GET,chunk_0,8,0,0
1776916149776363,GET,chunk_0,17,0,0
1776916149776374,GET,chunk_0,9,0,0
1776916149776392,GET,chunk_0,8,0,0
1776916149776401,PUT,chunk_0,10,0,4096
1776916149776351,GET,chunk_0,8,0,0
1776916149776405,PUT,chunk_0,10,0,4096
1776916149776425,GET,chunk_0,8,0,0
1776916149776482,GET,chunk_0,8,0,0
1776916149776286,GET,chunk_3,81,0,0
1776916149776492,PUT,chunk_0,10,0,4096
1776916149776531,GET,chunk_0,8,0,0
1776916149776417,GET,chunk_0,30,0,0
1776916149776540,GET,chunk_0,11,0,0
1776916149776544,GET,chunk_0,12,0,0
1776916149776551,PUT,chunk_0,13,0,4096
1776916149776556,PUT,chunk_0,14,0,4096
1776916149776561,PUT,chunk_0,12,0,4096
1776916149776496,GET,chunk_4,9,0,0
1776916149776574,PUT,chunk_1,12,0,4096
1776916149776578,PUT,chunk_0,11,0,4096
1776916149776592,GET,chunk_0,11,0,0
1776916149776598,GET,chunk_0,9,0,0
1776916149776585,PUT,chunk_0,12,0,4096
1776916149776607,GET,chunk_0,9,0,0
1776916149776612,GET,chunk_0,12,0,0
1776916149776569,PUT,chunk_0,11,0,4096
1776916149776623,GET,chunk_0,12,0,0
1776916149776629,GET,chunk_0,9,0,0
1776916149776618,GET,chunk_0,13,0,0
1776916149776640,PUT,chunk_0,12,0,4096
1776916149776643,GET,chunk_0,12,0,0
1776916149776635,PUT,chunk_0,26,0,4096
1776916149776650,GET,chunk_0,13,0,0
1776916149776660,GET,chunk_0,10,0,0
1776916149776674,GET,chunk_0,12,0,0
1776916149776668,GET,chunk_0,12,0,0
1776916149776656,GET,chunk_0,26,0,0
1776916149776692,GET,chunk_0,11,0,0
1776916149776697,GET,chunk_0,10,0,0
1776916149776703,PUT,chunk_0,10,0,4096
1776916149776687,GET,chunk_3,11,0,0
1776916149776706,GET,chunk_0,9,0,0
1776916149776718,GET,chunk_0,9,0,0
1776916149776722,GET,chunk_0,9,0,0
1776916149776727,GET,chunk_1,10,0,0
1776916149776712,GET,chunk_4,8,0,0
1776916149776730,GET,chunk_4,9,0,0
1776916149776742,PUT,chunk_0,8,0,4096
1776916149776746,PUT,chunk_0,9,0,4096
1776916149776752,GET,chunk_0,9,0,0
1776916149776736,PUT,chunk_3,8,0,4096
1776916149776760,GET,chunk_3,8,0,0
1776916149776754,GET,chunk_0,9,0,0
1776916149776770,GET,chunk_0,11,0,0
1776916149776766,GET,chunk_3,9,0,0
1776916149776780,GET,chunk_0,9,0,0
1776916149776785,PUT,chunk_0,9,0,4096
1776916149776791,GET,chunk_0,10,0,0
1776916149776798,GET,chunk_0,8,0,0
1776916149776806,PUT,chunk_0,10,0,4096
1776916149776811,GET,chunk_0,10,0,0
1776916149776772,GET,chunk_0,10,0,0
1776916149776820,PUT,chunk_0,10,0,4096
1776916149776827,GET,chunk_0,12,0,0
1776916149776793,GET,chunk_0,10,0,0
1776916149776836,GET,chunk_0,12,0,0
1776916149776831,PUT,chunk_0,14,0,4096
1776916149776849,GET,chunk_0,12,0,0
1776916149776853,GET,chunk_0,11,0,0
1776916149776866,GET,chunk_0,8,0,0
1776916149776871,PUT,chunk_3,8,0,4096
1776916149776860,GET,chunk_0,9,0,0
1776916149776878,GET,chunk_0,8,0,0
1776916149776884,GET,chunk_0,8,0,0
1776916149776843,GET,chunk_0,11,0,0
1776916149776888,GET,chunk_0,11,0,0
1776916149776896,PUT,chunk_0,11,0,4096
1776916149776892,PUT,chunk_0,11,0,4096
1776916149776907,PUT,chunk_0,10,0,4096
1776916149776910,PUT,chunk_0,10,0,4096
1776916149776916,PUT,chunk_0,11,0,4096
1776916149776920,GET,chunk_2,11,0,0
1776916149776924,GET,chunk_0,10,0,0
1776916149776901,GET,chunk_0,10,0,0
1776916149776936,GET,chunk_0,10,0,0
1776916149776931,GET,chunk_0,9,0,0
1776916149776945,GET,chunk_0,9,0,0
1776916149776950,GET,chunk_0,9,0,0
1776916149776955,PUT,chunk_0,10,0,4096
1776916149776963,PUT,chunk_0,9,0,4096
1776916149776971,GET,chunk_0,9,0,0
1776916149776977,PUT,chunk_0,10,0,4096
1776916149776938,PUT,chunk_0,10,0,4096
1776916149776958,GET,chunk_0,10,0,0
1776916149776993,GET,chunk_0,12,0,0
1776916149776986,GET,chunk_0,10,0,0
1776916149777006,GET,chunk_0,13,0,0
1776916149777010,GET,chunk_0,13,0,0
1776916149777025,GET,chunk_0,11,0,0
1776916149777032,GET,chunk_0,9,0,0
1776916149776999,PUT,chunk_0,12,0,4096
1776916149777046,PUT,chunk_0,9,0,4096
1776916149777052,GET,chunk_3,11,0,0
1776916149777060,GET,chunk_0,10,0,0
1776916149777068,GET,chunk_0,10,0,0
1776916149777076,GET,chunk_0,10,0,0
1776916149777084,GET,chunk_0,10,0,0
1776916149777091,PUT,chunk_0,9,0,4096
1776916149777040,GET,chunk_0,8,0,0
1776916149777105,GET,chunk_0,8,0,0
1776916149777099,GET,chunk_0,8,0,0
1776916149777119,GET,chunk_4,10,0,0
1776916149777111,GET,chunk_2,11,0,0
1776916149777134,GET,chunk_0,10,0,0
1776916149777127,GET,chunk_0,11,0,0
1776916149777149,PUT,chunk_0,9,0,4096
1776916149777141,GET,chunk_0,10,0,0
1776916149777164,GET,chunk_0,10,0,0
1776916149777156,GET,chunk_0,11,0,0
1776916149777179,GET,chunk_0,10,0,0
1776916149777171,GET,chunk_0,11,0,0
1776916149777194,GET,chunk_0,10,0,0
1776916149777186,GET,chunk_3,11,0,0
1776916149777209,GET,chunk_0,10,0,0
1776916149777202,GET,chunk_0,11,0,0
1776916149777225,GET,chunk_0,11,0,0
1776916149777232,GET,chunk_0,11,0,0
1776916149777017,GET,chunk_0,12,0,0
1776916149777249,GET,chunk_0,9,0,0
1776916149777241,GET,chunk_0,10,0,0
1776916149777217,GET,chunk_3,11,0,0
1776916149777271,GET,chunk_1,11,0,0
1776916149777278,GET,chunk_0,10,0,0
1776916149777256,GET,chunk_0,12,0,0
1776916149777294,GET,chunk_0,10,0,0
1776916149777287,GET,chunk_0,10,0,0
1776916149777308,GET,chunk_0,8,0,0
1776916149777264,GET,chunk_0,10,0,0
1776916149777315,GET,chunk_0,11,0,0
1776916149777322,PUT,chunk_0,12,0,4096
1776916149777301,GET,chunk_0,9,0,0
1776916149777332,PUT,chunk_0,12,0,4096
1776916149777338,GET,chunk_4,12,0,0
1776916149777326,PUT,chunk_0,14,0,4096
1776916149777344,GET,chunk_0,13,0,0
1776916149777360,GET,chunk_0,10,0,0
1776916149777366,GET,chunk_3,10,0,0
1776916149777374,GET,chunk_4,10,0,0
1776916149777381,GET,chunk_0,10,0,0
1776916149777389,GET,chunk_0,10,0,0
1776916149777397,GET,chunk_0,10,0,0
1776916149777350,GET,chunk_2,12,0,0
1776916149777412,GET,chunk_3,9,0,0
1776916149777419,GET,chunk_0,9,0,0
1776916149777425,GET,chunk_0,8,0,0
1776916149777432,PUT,chunk_3,8,0,4096
1776916149777438,PUT,chunk_0,8,0,4096
1776916149777405,GET,chunk_4,11,0,0
1776916149777451,PUT,chunk_0,9,0,4096
1776916149777445,PUT,chunk_0,8,0,4096
1776916149777465,GET,chunk_0,10,0,0
1776916149777473,PUT,chunk_0,11,0,4096
1776916149777480,PUT,chunk_0,10,0,4096
1776916149777457,PUT,chunk_0,11,0,4096
1776916149777496,GET,chunk_4,9,0,0
1776916149777503,PUT,chunk_0,11,0,4096
1776916149777510,GET,chunk_0,10,0,0
1776916149777489,GET,chunk_0,10,0,0
1776916149777526,GET,chunk_0,10,0,0
1776916149777533,PUT,chunk_0,11,0,4096
1776916149777541,GET,chunk_0,11,0,0
1776916149777550,GET,chunk_0,8,0,0
1776916149777556,PUT,chunk_3,8,0,4096
1776916149777563,PUT,chunk_2,8,0,4096
1776916149777569,PUT,chunk_2,8,0,4096
1776916149777354,GET,chunk_0,10,0,0
1776916149777576,PUT,chunk_0,9,0,4096
1776916149777581,GET,chunk_0,9,0,0
1776916149777519,GET,chunk_0,10,0,0
1776916149777589,GET,chunk_0,10,0,0
1776916149777594,PUT,chunk_0,9,0,4096
1776916149777600,PUT,chunk_4,10,0,4096
1776916149777584,PUT,chunk_0,11,0,4096
1776916149777614,PUT,chunk_0,9,0,4096
1776916149777621,GET,chunk_0,11,0,0
1776916149777629,GET,chunk_0,10,0,0
1776916149777637,GET,chunk_0,10,0,0
1776916149777644,GET,chunk_0,10,0,0
1776916149777653,GET,chunk_0,10,0,0
1776916149777660,GET,chunk_4,10,0,0
1776916149777668,GET,chunk_0,10,0,0
1776916149777675,GET,chunk_0,8,0,0
1776916149777608,GET,chunk_0,9,0,0
1776916149777688,GET,chunk_0,9,0,0
1776916149777682,GET,chunk_0,8,0,0
1776916149777702,GET,chunk_0,10,0,0
1776916149777694,GET,chunk_2,11,0,0
1776916149777717,PUT,chunk_0,10,0,4096
1776916149777710,GET,chunk_2,11,0,0
1776916149777732,GET,chunk_0,10,0,0
1776916149777724,GET,chunk_4,11,0,0
1776916149777747,GET,chunk_0,9,0,0
1776916149777740,GET,chunk_0,9,0,0
1776916149777761,GET,chunk_1,11,0,0
1776916149777769,GET,chunk_1,11,0,0
1776916149777603,GET,chunk_0,10,0,0
1776916149777785,GET,chunk_0,10,0,0
1776916149777777,PUT,chunk_1,10,0,4096
1776916149777800,GET,chunk_3,10,0,0
1776916149777792,PUT,chunk_0,11,0,4096
1776916149777816,GET,chunk_0,10,0,0
1776916149777808,GET,chunk_0,10,0,0
1776916149777753,GET,chunk_0,11,0,0
1776916149777837,GET,chunk_0,10,0,0
1776916149777842,GET,chunk_0,10,0,0
1776916149777823,PUT,chunk_3,10,0,4096
1776916149777858,GET,chunk_0,10,0,0
1776916149777851,GET,chunk_0,10,0,0
1776916149777874,PUT,chunk_0,10,0,4096
1776916149777865,GET,chunk_0,11,0,0
1776916149777889,GET,chunk_0,10,0,0
1776916149777881,GET,chunk_2,11,0,0
1776916149777904,GET,chunk_0,10,0,0
1776916149777897,PUT,chunk_4,10,0,4096
1776916149777920,GET,chunk_0,8,0,0
1776916149777912,GET,chunk_0,10,0,0
1776916149777934,PUT,chunk_0,11,0,4096
1776916149777941,GET,chunk_0,11,0,0
1776916149777831,GET,chunk_0,8,0,0
1776916149777957,PUT,chunk_0,10,0,4096
1776916149777950,GET,chunk_0,10,0,0
1776916149777926,GET,chunk_0,11,0,0
1776916149777965,PUT,chunk_0,10,0,4096
1776916149777972,PUT,chunk_0,8,0,4096
1776916149777978,PUT,chunk_0,9,0,4096
1776916149777984,GET,chunk_0,9,0,0
1776916149777989,GET,chunk_1,9,0,0
1776916149777994,GET,chunk_1,8,0,0
1776916149778000,GET,chunk_0,8,0,0
1776916149778005,GET,chunk_4,8,0,0
1776916149778010,GET,chunk_0,9,0,0
1776916149778027,PUT,chunk_0,8,0,4096
1776916149778015,GET,chunk_0,9,0,0
1776916149778034,PUT,chunk_0,11,0,4096
1776916149778040,PUT,chunk_0,12,0,4096
1776916149778021,GET,chunk_0,8,0,0
1776916149778050,GET,chunk_2,13,0,0
1776916149778058,PUT,chunk_0,11,0,4096
1776916149778065,PUT,chunk_0,13,0,4096
1776916149778074,PUT,chunk_4,10,0,4096
1776916149778082,GET,chunk_4,8,0,0
1776916149778089,GET,chunk_0,9,0,0
1776916149778095,GET,chunk_0,8,0,0
1776916149778068,GET,chunk_2,12,0,0
1776916149778102,GET,chunk_2,9,0,0
1776916149778107,GET,chunk_0,9,0,0
1776916149778045,GET,chunk_0,14,0,0
1776916149778116,PUT,chunk_0,11,0,4096
1776916149778111,GET,chunk_0,10,0,0
1776916149778126,GET,chunk_0,9,0,0
1776916149778131,PUT,chunk_0,9,0,4096
1776916149778136,GET,chunk_3,10,0,0
1776916149778138,GET,chunk_0,10,0,0
1776916149778150,GET,chunk_0,9,0,0
1776916149778156,GET,chunk_0,11,0,0
1776916149778164,PUT,chunk_1,10,0,4096
1776916149778172,PUT,chunk_3,10,0,4096
1776916149778180,PUT,chunk_0,10,0,4096
1776916149778187,PUT,chunk_0,10,0,4096
1776916149778196,GET,chunk_0,10,0,0
1776916149778203,GET,chunk_0,9,0,0
1776916149778119,GET,chunk_0,9,0,0
1776916149778216,GET,chunk_0,8,0,0
1776916149778210,GET,chunk_0,8,0,0
1776916149778230,PUT,chunk_0,10,0,4096
1776916149778222,GET,chunk_1,11,0,0
1776916149778245,GET,chunk_0,10,0,0
1776916149778237,GET,chunk_0,11,0,0
1776916149778260,GET,chunk_0,10,0,0
1776916149778253,GET,chunk_0,11,0,0
1776916149778275,GET,chunk_2,8,0,0
1776916149778268,PUT,chunk_0,10,0,4096
1776916149778288,PUT,chunk_0,8,0,4096
1776916149778281,GET,chunk_0,9,0,0
1776916149778144,PUT,chunk_0,8,0,4096
1776916149778309,GET,chunk_0,11,0,0
1776916149778317,GET,chunk_0,10,0,0
1776916149778293,GET,chunk_4,12,0,0
1776916149778332,PUT,chunk_0,10,0,4096
1776916149778325,GET,chunk_0,10,0,0
1776916149778347,PUT,chunk_0,9,0,4096
1776916149778339,GET,chunk_0,10,0,0
1776916149778301,GET,chunk_0,10,0,0
1776916149778370,PUT,chunk_4,10,0,4096
1776916149778377,GET,chunk_0,10,0,0
1776916149778355,GET,chunk_0,12,0,0
1776916149778362,GET,chunk_2,10,0,0
1776916149778397,PUT,chunk_0,9,0,4096
1776916149778392,GET,chunk_0,8,0,0
1776916149778386,GET,chunk_0,8,0,0
1776916149778419,GET,chunk_0,11,0,0
1776916149778404,GET,chunk_0,10,0,0
1776916149778412,PUT,chunk_0,10,0,4096
1776916149778436,GET,chunk_0,10,0,0
1776916149778440,PUT,chunk_0,12,0,4096
1776916149778448,PUT,chunk_0,13,0,4096
1776916149778429,GET,chunk_0,10,0,0
1776916149778466,GET,chunk_3,10,0,0
1776916149778473,GET,chunk_0,11,0,0
1776916149778481,GET,chunk_0,10,0,0
1776916149778489,GET,chunk_0,10,0,0
1776916149778496,GET,chunk_0,10,0,0
1776916149778451,GET,chunk_4,13,0,0
1776916149778504,PUT,chunk_3,10,0,4096
1776916149778458,GET,chunk_2,11,0,0
1776916149778512,GET,chunk_0,11,0,0
1776916149778526,PUT,chunk_0,9,0,4096
1776916149778532,GET,chunk_2,9,0,0
1776916149778540,PUT,chunk_0,10,0,4096
1776916149778548,GET,chunk_0,10,0,0
1776916149778555,GET,chunk_0,10,0,0
1776916149778563,PUT,chunk_0,10,0,4096
1776916149778570,GET,chunk_0,10,0,0
1776916149778578,GET,chunk_0,10,0,0
1776916149778586,GET,chunk_0,9,0,0
1776916149778519,PUT,chunk_0,10,0,4096
1776916149778600,PUT,chunk_0,10,0,4096
1776916149778608,PUT,chunk_0,10,0,4096
1776916149778615,GET,chunk_1,8,0,0
1776916149778515,PUT,chunk_0,12,0,4096
1776916149778622,GET,chunk_0,8,0,0
1776916149778628,GET,chunk_0,8,0,0
1776916149778594,GET,chunk_0,10,0,0
1776916149778635,GET,chunk_3,11,0,0
1776916149778631,GET,chunk_0,10,0,0
1776916149778645,PUT,chunk_4,10,0,4096
1776916149778649,PUT,chunk_0,10,0,4096
1776916149778655,GET,chunk_0,10,0,0
1776916149778639,PUT,chunk_0,10,0,4096
1776916149778659,GET,chunk_0,11,0,0
1776916149778668,GET,chunk_0,11,0,0
1776916149778674,GET,chunk_0,10,0,0
1776916149778680,PUT,chunk_0,10,0,4096
1776916149778682,GET,chunk_0,9,0,0
1776916149778694,PUT,chunk_0,9,0,4096
1776916149778700,GET,chunk_2,10,0,0
1776916149778664,PUT,chunk_0,12,0,4096
1776916149778715,GET,chunk_0,10,0,0
1776916149778722,PUT,chunk_0,11,0,4096
1776916149778730,GET,chunk_0,10,0,0
1776916149778708,PUT,chunk_0,10,0,4096
1776916149778746,GET,chunk_0,9,0,0
1776916149778752,GET,chunk_1,9,0,0
1776916149778759,GET,chunk_0,8,0,0
1776916149778739,GET,chunk_0,11,0,0
1776916149778771,GET,chunk_0,9,0,0
1776916149778765,GET,chunk_0,8,0,0
1776916149778785,PUT,chunk_0,10,0,4096
1776916149778777,PUT,chunk_0,11,0,4096
1776916149778801,GET,chunk_0,10,0,0
1776916149778793,GET,chunk_0,11,0,0
1776916149778816,PUT,chunk_0,10,0,4096
1776916149778808,GET,chunk_0,10,0,0
1776916149778831,PUT,chunk_0,9,0,4096
1776916149778837,GET,chunk_0,11,0,0
1776916149778688,PUT,chunk_0,8,0,4096
1776916149778854,PUT,chunk_0,10,0,4096
1776916149778846,GET,chunk_1,10,0,0
1776916149778869,PUT,chunk_0,10,0,4096
1776916149778861,GET,chunk_0,11,0,0
1776916149778884,GET,chunk_0,8,0,0
1776916149778877,GET,chunk_0,10,0,0
1776916149778898,PUT,chunk_3,10,0,4096
1776916149778891,GET,chunk_3,11,0,0
1776916149778913,GET,chunk_0,10,0,0
1776916149778905,GET,chunk_0,11,0,0
1776916149778929,PUT,chunk_0,10,0,4096
1776916149778921,PUT,chunk_0,11,0,4096
1776916149778944,GET,chunk_0,10,0,0
1776916149778936,GET,chunk_0,11,0,0
1776916149778959,PUT,chunk_0,10,0,4096
1776916149778952,GET,chunk_1,11,0,0
1776916149778974,GET,chunk_0,10,0,0
1776916149778966,GET,chunk_1,11,0,0
1776916149778989,PUT,chunk_0,8,0,4096
1776916149778981,GET,chunk_1,9,0,0
1776916149779002,GET,chunk_0,10,0,0
1776916149778995,GET,chunk_0,11,0,0
1776916149779017,PUT,chunk_0,11,0,4096
1776916149779009,GET,chunk_0,11,0,0
1776916149779033,GET,chunk_0,9,0,0
1776916149779025,GET,chunk_0,11,0,0
1776916149779048,GET,chunk_0,10,0,0
1776916149779040,GET,chunk_0,11,0,0
1776916149779063,GET,chunk_1,10,0,0
1776916149779055,GET,chunk_2,11,0,0
1776916149779078,GET,chunk_2,10,0,0
1776916149779070,GET,chunk_0,11,0,0
1776916149779092,GET,chunk_0,8,0,0
1776916149779085,PUT,chunk_0,9,0,4096
1776916149778823,GET,chunk_0,10,0,0
1776916149779114,GET,chunk_3,10,0,0
1776916149779121,GET,chunk_0,10,0,0
1776916149779098,GET,chunk_3,12,0,0
1776916149779136,GET,chunk_0,9,0,0
1776916149779129,GET,chunk_0,10,0,0
1776916149779106,GET,chunk_0,10,0,0
1776916149779158,PUT,chunk_0,11,0,4096
1776916149779165,GET,chunk_0,10,0,0
1776916149779151,PUT,chunk_0,10,0,4096
1776916149779174,GET,chunk_0,10,0,0
1776916149779180,GET,chunk_0,11,0,0
1776916149779184,GET,chunk_2,12,0,0
1776916149779143,GET,chunk_0,11,0,0
1776916149779198,GET,chunk_0,11,0,0
1776916149779208,GET,chunk_2,9,0,0
1776916149779213,GET,chunk_0,8,0,0
1776916149779200,GET,chunk_0,11,0,0
1776916149779189,GET,chunk_0,9,0,0
1776916149779226,GET,chunk_0,8,0,0
1776916149779239,PUT,chunk_0,9,0,4096
1776916149779245,GET,chunk_0,8,0,0
1776916149779234,GET,chunk_3,9,0,0
1776916149779253,PUT,chunk_0,8,0,4096
1776916149779258,GET,chunk_0,9,0,0
1776916149779221,GET,chunk_0,8,0,0
1776916149779267,GET,chunk_0,10,0,0
1776916149779270,GET,chunk_3,10,0,0
1776916149779278,PUT,chunk_0,10,0,4096
1776916149779262,GET,chunk_2,10,0,0
1776916149779292,GET,chunk_0,8,0,0
1776916149779280,GET,chunk_0,10,0,0
1776916149779299,GET,chunk_0,11,0,0
1776916149779285,GET,chunk_2,9,0,0
1776916149779310,GET,chunk_0,15,0,0
1776916149779307,GET,chunk_0,12,0,0
1776916149779324,GET,chunk_0,12,0,0
1776916149779316,GET,chunk_0,14,0,0
1776916149779336,GET,chunk_1,12,0,0
1776916149779330,GET,chunk_0,11,0,0
1776916149779347,PUT,chunk_0,9,0,4096
1776916149779353,GET,chunk_0,9,0,0
1776916149779357,GET,chunk_0,10,0,0
1776916149779340,GET,chunk_4,10,0,0
1776916149779372,PUT,chunk_0,9,0,4096
1776916149779376,GET,chunk_4,9,0,0
1776916149779366,PUT,chunk_0,8,0,4096
1776916149779385,GET,chunk_0,10,0,0
1776916149779360,PUT,chunk_0,9,0,4096
1776916149779395,GET,chunk_0,14,0,0
1776916149779400,GET,chunk_0,12,0,0
1776916149779409,PUT,chunk_1,13,0,4096
1776916149779414,PUT,chunk_0,14,0,4096
1776916149779391,GET,chunk_0,11,0,0
1776916149779427,GET,chunk_0,10,0,0
1776916149779432,PUT,chunk_4,9,0,4096
1776916149779438,GET,chunk_0,10,0,0
1776916149779419,GET,chunk_0,11,0,0
1776916149779452,GET,chunk_0,9,0,0
1776916149779457,GET,chunk_0,9,0,0
1776916149779446,GET,chunk_0,8,0,0
1776916149779465,GET,chunk_0,10,0,0
1776916149779471,GET,chunk_0,11,0,0
1776916149779441,GET,chunk_0,9,0,0
1776916149779488,GET,chunk_0,11,0,0
1776916149779495,PUT,chunk_4,12,0,4096
1776916149779504,GET,chunk_0,10,0,0
1776916149779512,PUT,chunk_0,8,0,4096
1776916149779518,PUT,chunk_0,9,0,4096
1776916149779525,PUT,chunk_1,8,0,4096
1776916149779480,GET,chunk_0,12,0,0
1776916149779531,PUT,chunk_2,8,0,4096
1776916149779475,GET,chunk_0,13,0,0
1776916149779541,GET,chunk_0,11,0,0
1776916149779545,PUT,chunk_4,10,0,4096
1776916149779551,GET,chunk_0,11,0,0
1776916149779555,GET,chunk_0,11,0,0
1776916149779559,PUT,chunk_1,10,0,4096
1776916149779537,GET,chunk_0,9,0,0
1776916149779569,GET,chunk_2,11,0,0
1776916149779573,GET,chunk_0,10,0,0
1776916149779580,GET,chunk_0,10,0,0
1776916149779566,GET,chunk_4,9,0,0
1776916149779588,PUT,chunk_3,10,0,4096
1776916149779593,PUT,chunk_1,9,0,4096
1776916149779598,GET,chunk_0,10,0,0
1776916149779601,PUT,chunk_0,9,0,4096
1776916149779613,GET,chunk_0,9,0,0
1776916149779619,PUT,chunk_0,10,0,4096
1776916149779584,GET,chunk_0,10,0,0
1776916149779607,PUT,chunk_0,8,0,4096
1776916149779642,PUT,chunk_0,11,0,4096
1776916149779650,GET,chunk_0,11,0,0
1776916149779658,GET,chunk_0,10,0,0
1776916149779666,GET,chunk_0,8,0,0
1776916149779673,GET,chunk_0,9,0,0
1776916149779627,GET,chunk_0,10,0,0
1776916149779635,PUT,chunk_0,10,0,4096
1776916149779691,GET,chunk_0,9,0,0
1776916149779697,PUT,chunk_3,9,0,4096
1776916149779704,PUT,chunk_0,10,0,4096
1776916149779712,GET,chunk_0,10,0,0
1776916149779720,GET,chunk_0,10,0,0
1776916149779727,GET,chunk_0,10,0,0
1776916149779735,PUT,chunk_0,10,0,4096
1776916149779742,GET,chunk_0,9,0,0
1776916149779686,GET,chunk_0,8,0,0
1776916149779680,PUT,chunk_0,9,0,4096
1776916149779756,PUT,chunk_0,8,0,4096
1776916149779760,GET,chunk_2,10,0,0
1776916149779750,GET,chunk_0,8,0,0
1776916149779769,PUT,chunk_0,11,0,4096
1776916149779765,GET,chunk_0,10,0,0
1776916149779779,GET,chunk_0,10,0,0
1776916149779773,GET,chunk_0,11,0,0
1776916149779789,GET,chunk_0,11,0,0
1776916149779784,GET,chunk_0,10,0,0
1776916149779799,GET,chunk_0,9,0,0
1776916149779803,GET,chunk_0,9,0,0
1776916149779808,GET,chunk_0,10,0,0
1776916149779792,GET,chunk_0,10,0,0
1776916149779823,GET,chunk_0,9,0,0
1776916149779829,PUT,chunk_3,11,0,4096
1776916149779837,GET,chunk_4,10,0,0
1776916149779816,GET,chunk_0,9,0,0
1776916149779852,GET,chunk_0,10,0,0
1776916149779860,PUT,chunk_0,11,0,4096
1776916149779868,GET,chunk_0,10,0,0
1776916149779846,GET,chunk_0,10,0,0
1776916149779812,GET,chunk_0,9,0,0
1776916149779888,PUT,chunk_0,9,0,4096
1776916149779894,GET,chunk_0,10,0,0
1776916149779902,GET,chunk_0,11,0,0
1776916149779909,GET,chunk_0,10,0,0
1776916149779918,GET,chunk_4,10,0,0
1776916149779925,GET,chunk_0,10,0,0
1776916149779933,GET,chunk_0,10,0,0
1776916149779940,PUT,chunk_0,9,0,4096
1776916149779876,PUT,chunk_0,9,0,4096
1776916149779954,PUT,chunk_4,9,0,4096
1776916149779948,GET,chunk_1,8,0,0
1776916149779968,PUT,chunk_0,9,0,4096
1776916149779975,GET,chunk_0,11,0,0
1776916149779983,GET,chunk_0,10,0,0
1776916149779991,GET,chunk_0,10,0,0
1776916149779999,GET,chunk_0,10,0,0
1776916149780006,GET,chunk_0,10,0,0
1776916149779882,GET,chunk_0,8,0,0
1776916149780021,GET,chunk_0,10,0,0
1776916149780014,GET,chunk_0,10,0,0
1776916149780036,GET,chunk_0,8,0,0
1776916149780042,GET,chunk_0,11,0,0
1776916149780049,PUT,chunk_3,10,0,4096
1776916149779959,GET,chunk_0,11,0,0
1776916149780058,PUT,chunk_0,10,0,4096
1776916149780064,GET,chunk_0,11,0,0
1776916149780028,GET,chunk_0,9,0,0
1776916149780074,GET,chunk_0,14,0,0
1776916149780068,PUT,chunk_2,13,0,4096
1776916149780086,PUT,chunk_0,10,0,4096
1776916149780091,GET,chunk_0,9,0,0
1776916149780097,GET,chunk_0,10,0,0
1776916149780080,GET,chunk_0,11,0,0
1776916149780110,GET,chunk_0,9,0,0
1776916149780115,GET,chunk_1,9,0,0
1776916149780105,GET,chunk_0,8,0,0
1776916149780123,PUT,chunk_3,10,0,4096
1776916149780130,GET,chunk_0,11,0,0
1776916149780099,GET,chunk_1,9,0,0
1776916149780146,PUT,chunk_0,10,0,4096
1776916149780154,GET,chunk_0,10,0,0
1776916149780162,PUT,chunk_0,9,0,4096
1776916149780169,PUT,chunk_0,8,0,4096
1776916149780138,GET,chunk_0,11,0,0
1776916149780176,PUT,chunk_0,8,0,4096
1776916149780181,GET,chunk_0,9,0,0
1776916149780134,GET,chunk_2,13,0,0
1776916149780189,GET,chunk_0,11,0,0
1776916149780193,GET,chunk_0,10,0,0
1776916149780185,PUT,chunk_0,10,0,4096
1776916149780204,GET,chunk_0,10,0,0
1776916149780199,PUT,chunk_0,9,0,4096
1776916149780213,GET,chunk_0,9,0,0
1776916149780218,PUT,chunk_0,9,0,4096
1776916149780223,GET,chunk_0,11,0,0
1776916149780226,GET,chunk_0,11,0,0
1776916149780207,GET,chunk_0,9,0,0
1776916149780238,GET,chunk_0,9,0,0
1776916149780242,PUT,chunk_0,9,0,4096
1776916149780247,GET,chunk_0,10,0,0
1776916149780251,GET,chunk_0,11,0,0
1776916149780256,GET,chunk_0,9,0,0
1776916149780231,GET,chunk_0,10,0,0
1776916149780266,GET,chunk_0,10,0,0
1776916149780262,GET,chunk_0,9,0,0
1776916149780276,GET,chunk_0,9,0,0
1776916149780280,PUT,chunk_0,9,0,4096
1776916149780286,PUT,chunk_0,10,0,4096
1776916149780288,GET,chunk_0,10,0,0
1776916149780294,PUT,chunk_0,9,0,4096
1776916149780269,PUT,chunk_0,9,0,4096
1776916149780304,PUT,chunk_0,10,0,4096
1776916149780300,GET,chunk_0,9,0,0
1776916149780313,PUT,chunk_0,9,0,4096
1776916149780318,GET,chunk_0,9,0,0
1776916149780323,GET,chunk_0,10,0,0
1776916149780326,GET,chunk_0,9,0,0
1776916149780332,GET,chunk_0,8,0,0
1776916149780306,GET,chunk_0,10,0,0
1776916149780341,GET,chunk_4,10,0,0
1776916149780337,PUT,chunk_0,9,0,4096
1776916149780351,GET,chunk_0,10,0,0
1776916149780355,PUT,chunk_0,9,0,4096
1776916149780361,PUT,chunk_0,10,0,4096
1776916149780364,GET,chunk_3,11,0,0
1776916149780375,GET,chunk_0,8,0,0
1776916149780380,GET,chunk_0,8,0,0
1776916149780369,GET,chunk_0,9,0,0
1776916149780387,GET,chunk_0,10,0,0
1776916149780394,GET,chunk_0,12,0,0
1776916149780398,GET,chunk_4,14,0,0
1776916149780344,GET,chunk_2,10,0,0
1776916149780411,PUT,chunk_4,10,0,4096
1776916149780403,PUT,chunk_0,12,0,4096
1776916149780423,PUT,chunk_3,13,0,4096
1776916149780426,GET,chunk_0,11,0,0
1776916149780440,GET,chunk_0,9,0,0
1776916149780446,PUT,chunk_0,10,0,4096
1776916149780454,PUT,chunk_4,11,0,4096
1776916149780462,GET,chunk_0,10,0,0
1776916149780470,PUT,chunk_0,11,0,4096
1776916149780478,GET,chunk_0,10,0,0
1776916149780417,GET,chunk_2,11,0,0
1776916149780493,GET,chunk_0,10,0,0
1776916149780500,GET,chunk_0,11,0,0
1776916149780509,GET,chunk_0,10,0,0
1776916149780517,PUT,chunk_3,10,0,4096
1776916149780524,PUT,chunk_0,10,0,4096
1776916149780532,PUT,chunk_3,9,0,4096
1776916149780539,GET,chunk_0,8,0,0
1776916149780486,PUT,chunk_0,10,0,4096
1776916149780434,PUT,chunk_0,9,0,4096
1776916149780557,GET,chunk_0,10,0,0
1776916149780563,PUT,chunk_4,10,0,4096
1776916149780546,GET,chunk_0,8,0,0
1776916149780579,PUT,chunk_0,10,0,4096
1776916149780572,GET,chunk_0,10,0,0
1776916149780594,GET,chunk_0,10,0,0
1776916149780586,GET,chunk_0,12,0,0
1776916149780610,GET,chunk_0,9,0,0
1776916149780602,PUT,chunk_0,11,0,4096
1776916149780625,PUT,chunk_0,11,0,4096
1776916149780617,GET,chunk_0,10,0,0
1776916149780641,GET,chunk_0,10,0,0
1776916149780633,PUT,chunk_0,11,0,4096
1776916149780657,PUT,chunk_1,10,0,4096
1776916149780649,PUT,chunk_0,11,0,4096
1776916149780672,PUT,chunk_0,10,0,4096
1776916149780551,GET,chunk_1,8,0,0
1776916149780664,PUT,chunk_0,11,0,4096
1776916149780694,GET,chunk_0,11,0,0
1776916149780681,PUT,chunk_0,11,0,4096
1776916149780717,PUT,chunk_4,9,0,4096
1776916149780687,GET,chunk_0,10,0,0
1776916149780730,PUT,chunk_0,10,0,4096
1776916149780737,PUT,chunk_0,11,0,4096
1776916149780745,GET,chunk_0,10,0,0
1776916149780753,GET,chunk_1,10,0,0
1776916149780761,GET,chunk_0,10,0,0
1776916149780769,GET,chunk_4,10,0,0
1776916149780776,GET,chunk_0,9,0,0
1776916149780723,GET,chunk_0,10,0,0
1776916149780790,PUT,chunk_0,8,0,4096
1776916149780784,GET,chunk_0,8,0,0
1776916149780804,GET,chunk_0,10,0,0
1776916149780811,GET,chunk_0,10,0,0
1776916149780818,GET,chunk_0,10,0,0
1776916149780796,PUT,chunk_0,11,0,4096
1776916149780834,GET,chunk_0,9,0,0
1776916149780827,GET,chunk_0,9,0,0
1776916149780848,GET,chunk_0,10,0,0
1776916149780840,GET,chunk_0,11,0,0
1776916149780864,GET,chunk_4,10,0,0
1776916149780856,GET,chunk_0,11,0,0
1776916149780879,GET,chunk_1,10,0,0
1776916149780871,GET,chunk_0,11,0,0
1776916149780894,PUT,chunk_0,10,0,4096
1776916149780887,GET,chunk_0,11,0,0
1776916149780910,GET,chunk_1,10,0,0
1776916149780902,PUT,chunk_0,11,0,4096
1776916149780925,PUT,chunk_0,9,0,4096
1776916149780917,GET,chunk_0,10,0,0
1776916149780939,GET,chunk_0,10,0,0
1776916149780931,PUT,chunk_0,11,0,4096
1776916149780954,PUT,chunk_4,11,0,4096
1776916149780961,PUT,chunk_0,11,0,4096
1776916149780718,PUT,chunk_1,11,0,4096
1776916149780978,PUT,chunk_0,9,0,4096
1776916149780970,GET,chunk_0,9,0,0
1776916149780992,GET,chunk_0,10,0,0
1776916149780984,PUT,chunk_0,11,0,4096
1776916149781008,PUT,chunk_0,10,0,4096
1776916149780946,GET,chunk_0,10,0,0
1776916149781017,GET,chunk_0,11,0,0
1776916149781024,GET,chunk_0,10,0,0
1776916149781000,GET,chunk_0,11,0,0
1776916149781033,GET,chunk_0,10,0,0
1776916149781038,GET,chunk_0,10,0,0
1776916149781044,GET,chunk_2,10,0,0
1776916149781028,GET,chunk_1,11,0,0
1776916149781052,GET,chunk_0,11,0,0
1776916149781048,GET,chunk_0,10,0,0
1776916149781062,GET,chunk_0,11,0,0
1776916149781057,PUT,chunk_1,10,0,4096
1776916149781072,GET,chunk_1,11,0,0
1776916149781067,PUT,chunk_0,10,0,4096
1776916149781082,GET,chunk_1,10,0,0
1776916149781077,GET,chunk_0,10,0,0
1776916149781092,GET,chunk_0,10,0,0
1776916149781087,PUT,chunk_0,9,0,4096
1776916149781102,PUT,chunk_0,11,0,4096
1776916149781096,PUT,chunk_3,10,0,4096
1776916149781111,GET,chunk_0,11,0,0
1776916149781106,GET,chunk_0,10,0,0
1776916149781121,GET,chunk_0,10,0,0
1776916149781116,GET,chunk_0,11,0,0
1776916149781135,GET,chunk_0,9,0,0
1776916149781131,GET,chunk_0,18,0,0
1776916149781141,GET,chunk_0,10,0,0
1776916149781154,GET,chunk_0,8,0,0
1776916149781160,GET,chunk_0,9,0,0
1776916149781167,GET,chunk_0,8,0,0
1776916149781149,PUT,chunk_0,8,0,4096
1776916149781180,GET,chunk_0,8,0,0
1776916149781174,GET,chunk_0,8,0,0
1776916149781193,GET,chunk_0,10,0,0
1776916149781186,GET,chunk_2,11,0,0
1776916149781209,GET,chunk_0,10,0,0
1776916149781201,PUT,chunk_0,11,0,4096
1776916149781224,PUT,chunk_0,10,0,4096
1776916149781216,GET,chunk_3,11,0,0
1776916149781238,GET,chunk_0,8,0,0
1776916149781231,GET,chunk_0,9,0,0
1776916149781126,GET,chunk_0,10,0,0
1776916149781260,GET,chunk_0,11,0,0
1776916149781267,GET,chunk_0,11,0,0
1776916149781252,PUT,chunk_0,10,0,4096
1776916149781245,PUT,chunk_4,11,0,4096
1776916149781289,PUT,chunk_1,10,0,4096
1776916149781296,GET,chunk_0,11,0,0
1776916149781277,GET,chunk_0,10,0,0
1776916149781313,GET,chunk_0,10,0,0
1776916149781306,GET,chunk_0,11,0,0
1776916149781330,GET,chunk_0,11,0,0
1776916149781284,GET,chunk_0,9,0,0
1776916149781322,GET,chunk_0,11,0,0
1776916149781341,PUT,chunk_0,12,0,4096
1776916149781359,GET,chunk_0,11,0,0
1776916149781346,PUT,chunk_0,11,0,4096
1776916149781353,PUT,chunk_1,11,0,4096
1776916149781376,GET,chunk_0,10,0,0
1776916149781380,GET,chunk_0,10,0,0
1776916149781386,GET,chunk_0,10,0,0
1776916149781371,GET,chunk_0,11,0,0
1776916149781396,GET,chunk_0,10,0,0
1776916149781401,GET,chunk_3,10,0,0
1776916149781390,GET,chunk_0,11,0,0
1776916149781437,GET,chunk_0,9,0,0
1776916149781411,GET,chunk_0,12,0,0
1776916149781426,GET,chunk_0,8,0,0
1776916149781464,GET,chunk_0,10,0,0
1776916149781452,GET,chunk_0,8,0,0
1776916149781480,PUT,chunk_0,10,0,4096
1776916149781407,GET,chunk_3,13,0,0
1776916149781473,PUT,chunk_1,12,0,4096
1776916149781491,PUT,chunk_0,13,0,4096
1776916149781502,PUT,chunk_0,14,0,4096
1776916149781508,PUT,chunk_0,12,0,4096
1776916149781516,GET,chunk_0,12,0,0
1776916149781520,PUT,chunk_0,11,0,4096
1776916149781534,GET,chunk_2,9,0,0
1776916149781540,GET,chunk_0,8,0,0
1776916149781526,GET,chunk_0,11,0,0
1776916149781547,PUT,chunk_0,8,0,4096
1776916149781496,GET,chunk_0,14,0,0
1776916149781556,GET,chunk_0,11,0,0
1776916149781553,GET,chunk_0,9,0,0
1776916149781566,GET,chunk_0,9,0,0
1776916149781572,GET,chunk_2,9,0,0
1776916149781577,PUT,chunk_0,10,0,4096
1776916149781560,GET,chunk_0,9,0,0
1776916149781591,GET,chunk_0,9,0,0
1776916149781596,PUT,chunk_0,10,0,4096
1776916149781586,PUT,chunk_0,8,0,4096
1776916149781604,GET,chunk_0,10,0,0
1776916149781612,GET,chunk_0,11,0,0
1776916149781579,PUT,chunk_0,9,0,4096
1776916149781616,PUT,chunk_0,14,0,4096
1776916149781627,GET,chunk_0,13,0,0
1776916149781621,GET,chunk_0,13,0,0
1776916149781640,GET,chunk_0,13,0,0
1776916149781645,GET,chunk_0,11,0,0
1776916149781652,GET,chunk_2,10,0,0
1776916149781633,GET,chunk_0,13,0,0
1776916149781661,GET,chunk_0,11,0,0
1776916149781665,GET,chunk_0,10,0,0
1776916149781657,PUT,chunk_0,11,0,4096
1776916149781677,PUT,chunk_0,10,0,4096
1776916149781672,PUT,chunk_0,10,0,4096
1776916149781686,GET,chunk_0,9,0,0
1776916149781691,PUT,chunk_0,9,0,4096
1776916149781696,GET,chunk_0,10,0,0
1776916149781699,GET,chunk_0,9,0,0
1776916149781711,GET,chunk_0,9,0,0
1776916149781717,GET,chunk_0,10,0,0
1776916149781725,GET,chunk_0,10,0,0
1776916149781733,GET,chunk_0,10,0,0
1776916149781740,GET,chunk_4,11,0,0
1776916149781748,PUT,chunk_4,10,0,4096
1776916149781756,GET,chunk_4,10,0,0
1776916149781764,PUT,chunk_0,9,0,4096
1776916149781679,GET,chunk_0,10,0,0
1776916149781777,GET,chunk_0,8,0,0
1776916149781783,PUT,chunk_0,12,0,4096
1776916149781791,GET,chunk_0,10,0,0
1776916149781704,GET,chunk_2,9,0,0
1776916149781800,GET,chunk_0,10,0,0
1776916149781806,GET,chunk_1,12,0,0
1776916149781810,GET,chunk_3,13,0,0
1776916149781823,GET,chunk_0,8,0,0
1776916149781828,GET,chunk_4,9,0,0
1776916149781771,GET,chunk_0,8,0,0
1776916149781841,GET,chunk_0,8,0,0
1776916149781847,GET,chunk_0,11,0,0
1776916149781855,PUT,chunk_0,10,0,4096
1776916149781864,GET,chunk_0,10,0,0
1776916149781871,PUT,chunk_3,10,0,4096
1776916149781879,GET,chunk_3,10,0,0
1776916149781887,GET,chunk_0,8,0,0
1776916149781893,GET,chunk_0,8,0,0
1776916149781899,GET,chunk_0,8,0,0
1776916149781905,GET,chunk_0,8,0,0
1776916149781911,GET,chunk_0,8,0,0
1776916149781918,GET,chunk_0,8,0,0
1776916149781815,GET,chunk_0,10,0,0
1776916149781930,GET,chunk_0,9,0,0
1776916149781924,PUT,chunk_0,8,0,4096
1776916149781944,GET,chunk_3,10,0,0
1776916149781951,PUT,chunk_3,11,0,4096
1776916149781959,GET,chunk_0,10,0,0
1776916149781967,GET,chunk_0,10,0,0
1776916149781974,GET,chunk_0,10,0,0
1776916149781982,GET,chunk_0,8,0,0
1776916149781936,GET,chunk_0,11,0,0
1776916149781989,GET,chunk_0,8,0,0
1776916149781995,GET,chunk_0,9,0,0
1776916149781836,GET,chunk_2,8,0,0
1776916149782003,GET,chunk_0,11,0,0
1776916149782008,GET,chunk_0,9,0,0
1776916149782013,GET,chunk_0,11,0,0
1776916149782017,GET,chunk_0,11,0,0
1776916149782021,GET,chunk_0,11,0,0
1776916149781998,GET,chunk_0,11,0,0
1776916149782032,GET,chunk_0,10,0,0
1776916149782036,GET,chunk_0,10,0,0
1776916149782042,GET,chunk_0,9,0,0
1776916149782028,GET,chunk_0,9,0,0
1776916149782051,GET,chunk_0,11,0,0
1776916149782055,GET,chunk_4,10,0,0
1776916149782061,GET,chunk_0,10,0,0
1776916149782047,GET,chunk_0,10,0,0
1776916149782069,GET,chunk_0,10,0,0
1776916149782065,GET,chunk_1,10,0,0
1776916149782079,GET,chunk_0,10,0,0
1776916149782074,GET,chunk_0,10,0,0
1776916149782089,GET,chunk_1,9,0,0
1776916149782082,GET,chunk_0,9,0,0
1776916149782099,GET,chunk_0,10,0,0
1776916149782094,GET,chunk_0,9,0,0
1776916149782101,GET,chunk_0,10,0,0
1776916149782124,GET,chunk_0,10,0,0
1776916149782108,GET,chunk_0,9,0,0
1776916149782113,GET,chunk_0,9,0,0
1776916149782139,GET,chunk_0,12,0,0
1776916149782145,GET,chunk_4,13,0,0
1776916149782135,PUT,chunk_0,13,0,4096
1776916149782157,GET,chunk_0,13,0,0
1776916149782151,GET,chunk_0,12,0,0
1776916149782169,GET,chunk_0,10,0,0
1776916149782162,PUT,chunk_0,12,0,4096
1776916149782178,PUT,chunk_0,10,0,4096
1776916149782173,PUT,chunk_0,9,0,4096
1776916149782188,PUT,chunk_0,11,0,4096
1776916149782192,PUT,chunk_0,10,0,4096
1776916149782198,GET,chunk_3,9,0,0
1776916149782204,GET,chunk_0,10,0,0
1776916149782207,GET,chunk_0,11,0,0
1776916149782211,GET,chunk_0,10,0,0
1776916149782183,GET,chunk_0,10,0,0
1776916149782222,GET,chunk_0,10,0,0
1776916149782218,PUT,chunk_0,9,0,4096
1776916149782232,GET,chunk_0,9,0,0
1776916149782237,GET,chunk_0,9,0,0
1776916149782241,GET,chunk_0,11,0,0
1776916149782244,PUT,chunk_0,10,0,4096
1776916149782256,GET,chunk_0,9,0,0
1776916149782262,GET,chunk_0,10,0,0
1776916149782270,PUT,chunk_0,10,0,4096
1776916149782278,PUT,chunk_0,10,0,4096
1776916149782286,PUT,chunk_0,10,0,4096
1776916149782293,GET,chunk_0,10,0,0
1776916149782301,GET,chunk_0,10,0,0
1776916149782309,PUT,chunk_0,8,0,4096
1776916149782315,GET,chunk_0,8,0,0
1776916149782250,GET,chunk_0,9,0,0
1776916149782224,PUT,chunk_0,10,0,4096
1776916149782334,PUT,chunk_0,10,0,4096
1776916149782340,PUT,chunk_0,10,0,4096
1776916149782348,GET,chunk_0,10,0,0
1776916149782356,GET,chunk_0,10,0,0
1776916149782364,PUT,chunk_0,10,0,4096
1776916149782371,GET,chunk_0,10,0,0
1776916149782322,PUT,chunk_0,9,0,4096
1776916149782387,GET,chunk_4,11,0,0
1776916149782394,GET,chunk_0,11,0,0
1776916149782379,PUT,chunk_0,10,0,4096
1776916149782328,GET,chunk_0,8,0,0
1776916149782410,GET,chunk_2,11,0,0
1776916149782403,GET,chunk_0,10,0,0
1776916149782422,GET,chunk_2,13,0,0
1776916149782425,PUT,chunk_0,12,0,4096
1776916149782441,GET,chunk_0,9,0,0
1776916149782448,GET,chunk_0,8,0,0
1776916149782416,PUT,chunk_0,12,0,4096
1776916149782461,GET,chunk_3,8,0,0
1776916149782455,GET,chunk_0,8,0,0
1776916149782433,PUT,chunk_0,11,0,4096
1776916149782467,PUT,chunk_0,11,0,4096
1776916149782474,GET,chunk_0,10,0,0
1776916149782481,GET,chunk_0,11,0,0
1776916149782488,GET,chunk_0,11,0,0
1776916149782494,GET,chunk_0,10,0,0
1776916149782501,GET,chunk_0,11,0,0
1776916149782508,GET,chunk_0,10,0,0
1776916149782515,PUT,chunk_0,9,0,4096
1776916149782520,GET,chunk_0,8,0,0
1776916149782537,PUT,chunk_0,9,0,4096
1776916149782531,PUT,chunk_4,8,0,4096
1776916149782551,GET,chunk_2,9,0,0
1776916149782542,GET,chunk_0,11,0,0
1776916149782566,PUT,chunk_0,10,0,4096
1776916149782558,PUT,chunk_2,11,0,4096
1776916149782581,GET,chunk_0,10,0,0
1776916149782573,GET,chunk_0,11,0,0
1776916149782597,GET,chunk_0,8,0,0
1776916149782589,GET,chunk_0,10,0,0
1776916149782610,GET,chunk_3,10,0,0
1776916149782603,GET,chunk_0,11,0,0
1776916149782626,GET,chunk_0,10,0,0
1776916149782618,GET,chunk_0,12,0,0
1776916149782641,GET,chunk_0,9,0,0
1776916149782633,GET,chunk_0,11,0,0
1776916149782657,GET,chunk_0,10,0,0
1776916149782649,GET,chunk_0,11,0,0
1776916149782672,GET,chunk_0,10,0,0
1776916149782664,PUT,chunk_2,11,0,4096
1776916149782687,GET,chunk_0,11,0,0
1776916149782695,GET,chunk_0,10,0,0
1776916149782525,GET,chunk_1,8,0,0
1776916149782710,GET,chunk_0,10,0,0
1776916149782703,PUT,chunk_2,10,0,4096
1776916149782726,PUT,chunk_0,9,0,4096
1776916149782717,GET,chunk_0,11,0,0
1776916149782741,GET,chunk_0,10,0,0
1776916149782733,GET,chunk_1,11,0,0
1776916149782756,GET,chunk_0,10,0,0
1776916149782748,PUT,chunk_0,11,0,4096
1776916149782771,PUT,chunk_0,10,0,4096
1776916149782764,PUT,chunk_0,10,0,4096
1776916149782787,PUT,chunk_0,8,0,4096
1776916149782779,GET,chunk_0,10,0,0
1776916149782801,GET,chunk_3,11,0,0
1776916149782793,PUT,chunk_0,10,0,4096
1776916149782680,GET,chunk_2,11,0,0
1776916149782825,GET,chunk_0,11,0,0
1776916149782833,GET,chunk_1,9,0,0
1776916149782841,GET,chunk_0,9,0,0
1776916149782846,GET,chunk_1,10,0,0
1776916149782855,PUT,chunk_0,10,0,4096
1776916149782862,GET,chunk_0,10,0,0
1776916149782871,GET,chunk_0,10,0,0
1776916149782877,PUT,chunk_0,10,0,4096
1776916149782817,PUT,chunk_0,10,0,4096
1776916149782886,GET,chunk_3,10,0,0
1776916149782809,GET,chunk_0,11,0,0
1776916149782896,PUT,chunk_0,11,0,4096
1776916149782892,PUT,chunk_0,10,0,4096
1776916149782906,GET,chunk_0,9,0,0
1776916149782912,GET,chunk_0,9,0,0
1776916149782916,GET,chunk_0,10,0,0
1776916149782919,PUT,chunk_3,9,0,4096
1776916149782931,GET,chunk_0,9,0,0
1776916149782937,GET,chunk_2,11,0,0
1776916149782945,GET,chunk_0,10,0,0
1776916149782925,PUT,chunk_0,8,0,4096
1776916149782960,GET,chunk_0,10,0,0
1776916149782967,GET,chunk_0,11,0,0
1776916149782975,GET,chunk_0,9,0,0
1776916149782900,GET,chunk_0,9,0,0
1776916149782953,GET,chunk_0,10,0,0
1776916149782984,PUT,chunk_0,8,0,4096
1776916149782999,GET,chunk_0,10,0,0
1776916149782989,GET,chunk_1,8,0,0
1776916149782995,PUT,chunk_0,9,0,4096
1776916149783014,PUT,chunk_0,12,0,4096
1776916149783009,PUT,chunk_0,12,0,4096
1776916149783026,GET,chunk_1,12,0,0
1776916149783030,GET,chunk_0,11,0,0
1776916149783044,GET,chunk_3,9,0,0
1776916149783051,GET,chunk_0,9,0,0
1776916149783019,PUT,chunk_4,12,0,4096
1776916149783065,GET,chunk_0,10,0,0
1776916149783072,GET,chunk_0,12,0,0
1776916149783080,GET,chunk_0,10,0,0
1776916149783037,PUT,chunk_0,11,0,4096
1776916149783089,GET,chunk_0,10,0,0
1776916149783096,PUT,chunk_0,9,0,4096
1776916149783058,PUT,chunk_0,10,0,4096
1776916149783104,PUT,chunk_0,10,0,4096
1776916149783109,PUT,chunk_2,9,0,4096
1776916149783099,GET,chunk_0,11,0,0
1776916149783114,GET,chunk_0,11,0,0
1776916149783128,GET,chunk_0,9,0,0
1776916149783134,GET,chunk_0,9,0,0
1776916149783121,GET,chunk_0,10,0,0
1776916149783141,GET,chunk_0,10,0,0
1776916149783148,GET,chunk_0,12,0,0
1776916149783151,PUT,chunk_0,14,0,4096
1776916149783118,PUT,chunk_2,11,0,4096
1776916149783165,GET,chunk_0,11,0,0
1776916149783156,GET,chunk_0,12,0,0
1776916149783177,PUT,chunk_2,13,0,4096
1776916149783180,GET,chunk_0,12,0,0
1776916149783195,GET,chunk_0,8,0,0
1776916149783200,GET,chunk_0,9,0,0
1776916149783171,PUT,chunk_0,11,0,4096
1776916149783215,GET,chunk_0,10,0,0
1776916149783208,GET,chunk_0,10,0,0
1776916149783230,GET,chunk_0,10,0,0
1776916149783222,GET,chunk_0,11,0,0
1776916149783245,PUT,chunk_0,9,0,4096
1776916149783237,GET,chunk_0,10,0,0
1776916149783260,GET,chunk_0,10,0,0
1776916149783252,PUT,chunk_1,11,0,4096
1776916149783275,PUT,chunk_0,10,0,4096
1776916149783267,PUT,chunk_0,11,0,4096
1776916149783188,PUT,chunk_0,10,0,4096
1776916149783298,GET,chunk_0,9,0,0
1776916149783290,PUT,chunk_0,9,0,4096
1776916149783312,GET,chunk_0,10,0,0
1776916149783304,GET,chunk_0,10,0,0
1776916149783282,GET,chunk_0,12,0,0
1776916149783335,GET,chunk_0,11,0,0
1776916149783343,GET,chunk_0,10,0,0
1776916149783320,GET,chunk_0,10,0,0
1776916149783358,GET,chunk_0,12,0,0
1776916149783365,GET,chunk_0,11,0,0
1776916149783351,GET,chunk_0,10,0,0
1776916149783375,GET,chunk_0,10,0,0
1776916149783328,GET,chunk_1,10,0,0
1776916149783385,GET,chunk_0,14,0,0
1776916149783381,GET,chunk_0,11,0,0
1776916149783398,GET,chunk_0,9,0,0
1776916149783390,PUT,chunk_0,11,0,4096
1776916149783408,PUT,chunk_1,11,0,4096
1776916149783404,GET,chunk_0,9,0,0
1776916149783418,GET,chunk_0,9,0,0
1776916149783411,GET,chunk_0,10,0,0
1776916149783427,GET,chunk_1,10,0,0
1776916149783423,GET,chunk_1,9,0,0
1776916149783437,GET,chunk_0,9,0,0
1776916149783442,GET,chunk_0,9,0,0
1776916149783447,GET,chunk_0,10,0,0
1776916149783430,PUT,chunk_0,10,0,4096
1776916149783461,GET,chunk_0,9,0,0
1776916149783466,GET,chunk_3,9,0,0
1776916149783474,GET,chunk_0,10,0,0
1776916149783481,GET,chunk_0,10,0,0
1776916149783489,GET,chunk_0,10,0,0
1776916149783497,GET,chunk_1,10,0,0
1776916149783504,PUT,chunk_0,10,0,4096
1776916149783512,PUT,chunk_0,10,0,4096
1776916149783520,PUT,chunk_0,9,0,4096
1776916149783526,PUT,chunk_0,8,0,4096
1776916149783533,GET,chunk_0,8,0,0
1776916149783539,GET,chunk_0,8,0,0
1776916149783545,GET,chunk_0,8,0,0
1776916149783449,GET,chunk_3,10,0,0
1776916149783455,PUT,chunk_0,8,0,4096
1776916149783561,GET,chunk_0,10,0,0
1776916149783571,PUT,chunk_0,11,0,4096
1776916149783577,PUT,chunk_0,10,0,4096
1776916149783557,GET,chunk_0,8,0,0
1776916149783587,GET,chunk_0,9,0,0
1776916149783593,GET,chunk_0,8,0,0
1776916149783551,GET,chunk_4,8,0,0
1776916149783601,GET,chunk_0,10,0,0
1776916149783611,GET,chunk_0,9,0,0
1776916149783616,PUT,chunk_0,9,0,4096
1776916149783605,GET,chunk_0,10,0,0
1776916149783625,GET,chunk_0,11,0,0
1776916149783631,PUT,chunk_0,11,0,4096
1776916149783598,GET,chunk_4,10,0,0
1776916149783636,GET,chunk_1,13,0,0
1776916149783641,GET,chunk_0,14,0,0
1776916149783660,PUT,chunk_0,11,0,4096
1776916149783646,GET,chunk_0,13,0,0
1776916149783653,GET,chunk_0,12,0,0
1776916149783677,PUT,chunk_0,11,0,4096
1776916149783671,GET,chunk_0,12,0,0
1776916149783689,GET,chunk_1,13,0,0
1776916149783692,GET,chunk_0,12,0,0
1776916149783707,PUT,chunk_2,9,0,4096
1776916149783713,GET,chunk_0,8,0,0
1776916149783700,PUT,chunk_0,10,0,4096
1776916149783720,PUT,chunk_0,9,0,4096
1776916149783725,GET,chunk_0,9,0,0
1776916149783682,GET,chunk_0,12,0,0
1776916149783733,GET,chunk_0,9,0,0
1776916149783738,GET,chunk_3,9,0,0
1776916149783728,GET,chunk_0,11,0,0
1776916149783747,GET,chunk_0,11,0,0
1776916149783743,GET,chunk_0,10,0,0
1776916149783757,PUT,chunk_1,9,0,4096
1776916149783762,PUT,chunk_1,9,0,4096
1776916149783767,GET,chunk_1,11,0,0
1776916149783750,GET,chunk_0,9,0,0
1776916149783782,GET,chunk_0,9,0,0
1776916149783788,GET,chunk_0,11,0,0
1776916149783796,PUT,chunk_0,10,0,4096
1776916149783804,GET,chunk_0,10,0,0
1776916149783812,GET,chunk_4,9,0,0
1776916149783819,GET,chunk_1,11,0,0
1776916149783826,PUT,chunk_0,10,0,4096
1776916149783835,PUT,chunk_2,10,0,4096
1776916149783842,PUT,chunk_3,10,0,4096
1776916149783850,GET,chunk_4,10,0,0
1776916149783857,GET,chunk_1,10,0,0
1776916149783865,GET,chunk_0,9,0,0
1776916149783770,GET,chunk_0,10,0,0
1776916149783879,GET,chunk_0,8,0,0
1776916149783873,PUT,chunk_0,8,0,4096
1776916149783892,PUT,chunk_0,10,0,4096
1776916149783885,GET,chunk_0,11,0,0
1776916149783907,GET,chunk_0,10,0,0
1776916149783915,GET,chunk_0,10,0,0
1776916149783923,PUT,chunk_0,8,0,4096
1776916149783775,GET,chunk_0,9,0,0
1776916149783930,GET,chunk_0,8,0,0
1776916149783935,GET,chunk_0,9,0,0
1776916149783900,GET,chunk_0,11,0,0
1776916149783943,PUT,chunk_0,11,0,4096
1776916149783947,GET,chunk_3,10,0,0
1776916149783939,GET,chunk_0,11,0,0
1776916149783958,GET,chunk_0,10,0,0
1776916149783953,GET,chunk_2,10,0,0
1776916149783968,PUT,chunk_0,10,0,4096
1776916149783972,PUT,chunk_2,9,0,4096
1776916149783978,GET,chunk_0,10,0,0
1776916149783982,GET,chunk_0,11,0,0
1776916149783992,GET,chunk_0,9,0,0
1776916149783997,GET,chunk_0,9,0,0
1776916149783986,GET,chunk_4,10,0,0
1776916149784005,PUT,chunk_0,10,0,4096
1776916149784012,PUT,chunk_0,12,0,4096
1776916149784015,GET,chunk_0,14,0,0
1776916149783961,GET,chunk_1,9,0,0
1776916149784029,GET,chunk_0,10,0,0
1776916149784020,GET,chunk_0,12,0,0
1776916149784041,GET,chunk_0,13,0,0
1776916149784035,GET,chunk_0,12,0,0
1776916149784053,PUT,chunk_0,9,0,4096
1776916149784058,GET,chunk_0,9,0,0
1776916149784063,GET,chunk_0,10,0,0
1776916149784066,GET,chunk_0,11,0,0
1776916149784071,GET,chunk_0,9,0,0
1776916149784077,GET,chunk_0,10,0,0
1776916149784044,PUT,chunk_0,11,0,4096
1776916149784084,PUT,chunk_0,10,0,4096
1776916149784090,GET,chunk_0,9,0,0
1776916149784095,GET,chunk_0,10,0,0
1776916149784080,GET,chunk_0,11,0,0
1776916149784110,GET,chunk_0,9,0,0
1776916149784116,GET,chunk_0,11,0,0
1776916149784124,GET,chunk_3,10,0,0
1776916149784103,GET,chunk_0,8,0,0
1776916149784140,GET,chunk_4,11,0,0
1776916149784147,PUT,chunk_0,11,0,4096
1776916149784097,GET,chunk_4,10,0,0
1776916149784163,GET,chunk_0,9,0,0
1776916149784169,GET,chunk_2,11,0,0
1776916149784177,GET,chunk_0,10,0,0
1776916149784185,GET,chunk_0,10,0,0
1776916149784192,GET,chunk_0,10,0,0
1776916149784200,GET,chunk_4,10,0,0
1776916149784208,GET,chunk_0,9,0,0
1776916149784156,GET,chunk_4,9,0,0
1776916149784221,PUT,chunk_0,8,0,4096
1776916149784226,PUT,chunk_0,9,0,4096
1776916149784132,PUT,chunk_2,10,0,4096
1776916149784240,GET,chunk_3,8,0,0
1776916149784246,GET,chunk_0,11,0,0
1776916149784253,PUT,chunk_0,10,0,4096
1776916149784233,GET,chunk_0,8,0,0
1776916149784262,GET,chunk_0,21,0,0
1776916149784268,PUT,chunk_0,21,0,4096
1776916149784288,PUT,chunk_0,10,0,4096
1776916149784296,PUT,chunk_1,11,0,4096
1776916149784304,GET,chunk_0,9,0,0
1776916149784277,PUT,chunk_3,13,0,4096
1776916149784312,GET,chunk_0,9,0,0
1776916149784332,GET,chunk_0,10,0,0
1776916149784339,PUT,chunk_0,11,0,4096
1776916149784348,GET,chunk_0,8,0,0
1776916149784215,PUT,chunk_0,8,0,4096
1776916149784355,GET,chunk_0,8,0,0
1776916149784319,GET,chunk_0,10,0,0
1776916149784360,GET,chunk_0,10,0,0
1776916149784374,GET,chunk_0,9,0,0
1776916149784380,GET,chunk_0,9,0,0
1776916149784367,GET,chunk_0,10,0,0
1776916149784388,GET,chunk_2,10,0,0
1776916149784363,PUT,chunk_0,12,0,4096
1776916149784398,PUT,chunk_0,14,0,4096
1776916149784403,GET,chunk_0,12,0,0
1776916149784411,PUT,chunk_0,11,0,4096
1776916149784394,PUT,chunk_0,12,0,4096
1776916149784416,PUT,chunk_2,12,0,4096
1776916149784426,GET,chunk_0,12,0,0
1776916149784433,GET,chunk_3,10,0,0
1776916149784439,PUT,chunk_0,10,0,4096
1776916149784421,GET,chunk_0,14,0,0
1776916149784453,GET,chunk_1,9,0,0
1776916149784458,GET,chunk_4,9,0,0
1776916149784466,GET,chunk_0,11,0,0
1776916149784474,PUT,chunk_3,10,0,4096
1776916149784482,PUT,chunk_0,10,0,4096
1776916149784489,GET,chunk_2,11,0,0
1776916149784497,GET,chunk_0,10,0,0
1776916149784505,GET,chunk_0,10,0,0
1776916149784513,PUT,chunk_2,8,0,4096
1776916149784519,GET,chunk_0,8,0,0
1776916149784447,GET,chunk_0,9,0,0
1776916149784526,PUT,chunk_0,8,0,4096
1776916149784442,GET,chunk_0,10,0,0
1776916149784534,GET,chunk_3,11,0,0
1776916149784531,PUT,chunk_0,9,0,4096
1776916149784545,PUT,chunk_0,9,0,4096
1776916149784539,GET,chunk_0,10,0,0
1776916149784555,GET,chunk_3,11,0,0
1776916149784550,PUT,chunk_0,9,0,4096
1776916149784564,GET,chunk_0,9,0,0
1776916149784558,PUT,chunk_0,9,0,4096
1776916149784574,PUT,chunk_0,11,0,4096
1776916149784577,PUT,chunk_0,9,0,4096
1776916149784570,GET,chunk_0,9,0,0
1776916149784625,GET,chunk_0,8,0,0
1776916149784583,PUT,chunk_1,9,0,4096
1776916149784590,PUT,chunk_0,8,0,4096
1776916149784638,GET,chunk_0,12,0,0
1776916149784634,PUT,chunk_0,12,0,4096
1776916149784651,GET,chunk_1,11,0,0
1776916149784645,PUT,chunk_0,12,0,4096
1776916149784661,GET,chunk_4,10,0,0
1776916149784655,GET,chunk_0,10,0,0
1776916149784671,GET,chunk_0,11,0,0
1776916149784667,GET,chunk_0,10,0,0
1776916149784681,GET,chunk_1,10,0,0
1776916149784675,GET,chunk_0,10,0,0
1776916149784691,GET,chunk_0,11,0,0
1776916149784686,PUT,chunk_0,10,0,4096
1776916149784700,PUT,chunk_0,9,0,4096
1776916149784694,GET,chunk_0,10,0,0
1776916149784710,GET,chunk_0,11,0,0
1776916149784705,GET,chunk_0,9,0,0
1776916149784720,GET,chunk_0,9,0,0
1776916149784713,GET,chunk_0,9,0,0
1776916149784729,GET,chunk_3,10,0,0
1776916149784725,PUT,chunk_0,9,0,4096
1776916149784739,PUT,chunk_0,9,0,4096
1776916149784732,GET,chunk_0,9,0,0
1776916149784749,GET,chunk_1,10,0,0
1776916149784744,PUT,chunk_0,9,0,4096
1776916149784758,GET,chunk_0,11,0,0
1776916149784763,GET,chunk_0,9,0,0
1776916149784768,GET,chunk_0,11,0,0
1776916149784773,GET,chunk_0,10,0,0
1776916149784777,GET,chunk_0,10,0,0
1776916149784752,GET,chunk_0,9,0,0
1776916149784788,GET,chunk_0,11,0,0
1776916149784784,GET,chunk_0,10,0,0
1776916149784798,GET,chunk_0,9,0,0
1776916149784790,GET,chunk_4,10,0,0
1776916149784807,PUT,chunk_0,11,0,4096
1776916149784803,GET,chunk_0,9,0,0
1776916149784817,GET,chunk_3,9,0,0
1776916149784810,PUT,chunk_0,10,0,4096
1776916149784827,PUT,chunk_3,10,0,4096
1776916149784822,PUT,chunk_2,9,0,4096
1776916149784837,GET,chunk_4,10,0,0
1776916149784842,PUT,chunk_0,9,0,4096
1776916149784846,PUT,chunk_0,10,0,4096
1776916149784830,GET,chunk_0,10,0,0
1776916149784861,GET,chunk_0,9,0,0
1776916149784867,PUT,chunk_0,11,0,4096
1776916149784876,GET,chunk_0,10,0,0
1776916149784884,PUT,chunk_0,10,0,4096
1776916149784891,GET,chunk_0,10,0,0
1776916149784850,GET,chunk_0,10,0,0
1776916149784855,PUT,chunk_0,9,0,4096
1776916149784912,GET,chunk_0,10,0,0
1776916149784918,GET,chunk_0,9,0,0
1776916149784906,GET,chunk_4,10,0,0
1776916149784926,PUT,chunk_0,10,0,4096
1776916149784933,GET,chunk_0,13,0,0
1776916149784936,PUT,chunk_0,14,0,4096
1776916149784899,PUT,chunk_0,10,0,4096
1776916149784950,PUT,chunk_0,11,0,4096
1776916149784942,PUT,chunk_0,12,0,4096
1776916149784962,PUT,chunk_0,11,0,4096
1776916149784956,GET,chunk_2,11,0,0
1776916149784972,GET,chunk_0,9,0,0
1776916149784965,PUT,chunk_0,10,0,4096
1776916149784982,GET,chunk_0,11,0,0
1776916149784978,GET,chunk_0,9,0,0
1776916149784992,GET,chunk_0,9,0,0
1776916149784985,GET,chunk_0,9,0,0
1776916149785001,GET,chunk_0,10,0,0
1776916149784997,GET,chunk_2,9,0,0
1776916149785011,PUT,chunk_0,9,0,4096
1776916149785004,GET,chunk_4,9,0,0
1776916149785021,GET,chunk_0,11,0,0
1776916149785016,PUT,chunk_0,9,0,4096
1776916149785030,GET,chunk_0,9,0,0
1776916149785036,GET,chunk_0,8,0,0
1776916149785040,PUT,chunk_0,11,0,4096
1776916149785043,GET,chunk_0,9,0,0
1776916149785055,PUT,chunk_4,8,0,4096
1776916149785060,GET,chunk_3,9,0,0
1776916149785067,GET,chunk_0,8,0,0
1776916149785024,GET,chunk_0,9,0,0
1776916149785074,PUT,chunk_0,8,0,4096
1776916149785048,GET,chunk_0,9,0,0
1776916149785082,GET,chunk_0,12,0,0
1776916149785079,GET,chunk_4,9,0,0
1776916149785093,GET,chunk_0,9,0,0
1776916149785086,PUT,chunk_0,10,0,4096
1776916149785103,PUT,chunk_1,10,0,4096
1776916149785099,GET,chunk_0,9,0,0
1776916149785112,GET,chunk_0,9,0,0
1776916149785117,PUT,chunk_0,9,0,4096
1776916149785122,GET,chunk_0,10,0,0
1776916149785125,GET,chunk_0,9,0,0
1776916149785137,GET,chunk_0,9,0,0
1776916149785143,GET,chunk_4,10,0,0
1776916149785151,PUT,chunk_2,10,0,4096
1776916149785158,PUT,chunk_0,11,0,4096
1776916149785166,GET,chunk_1,9,0,0
1776916149785174,GET,chunk_0,10,0,0
1776916149785182,GET,chunk_0,10,0,0
1776916149785189,PUT,chunk_0,8,0,4096
1776916149785130,PUT,chunk_0,8,0,4096
1776916149785196,PUT,chunk_0,8,0,4096
1776916149785202,PUT,chunk_0,9,0,4096
1776916149785105,GET,chunk_0,9,0,0
1776916149785209,GET,chunk_0,10,0,0
1776916149785214,GET,chunk_2,9,0,0
1776916149785205,GET,chunk_0,10,0,0
1776916149785220,GET,chunk_0,10,0,0
1776916149785228,GET,chunk_0,10,0,0
1776916149785233,GET,chunk_0,9,0,0
1776916149785239,GET,chunk_1,9,0,0
1776916149785224,GET,chunk_0,11,0,0
1776916149785247,GET,chunk_0,9,0,0
1776916149785251,GET,chunk_0,9,0,0
1776916149785257,PUT,chunk_0,10,0,4096
1776916149785242,PUT,chunk_0,10,0,4096
1776916149785272,GET,chunk_3,9,0,0
1776916149785278,GET,chunk_0,11,0,0
1776916149785286,PUT,chunk_0,10,0,4096
1776916149785294,GET,chunk_3,10,0,0
1776916149785302,GET,chunk_0,10,0,0
1776916149785310,GET,chunk_0,11,0,0
1776916149785317,PUT,chunk_0,10,0,4096
1776916149785265,PUT,chunk_0,9,0,4096
1776916149785332,GET,chunk_0,10,0,0
1776916149785325,GET,chunk_0,10,0,0
1776916149785348,GET,chunk_0,10,0,0
1776916149785356,GET,chunk_0,10,0,0
1776916149785363,GET,chunk_0,10,0,0
1776916149785340,GET,chunk_0,11,0,0
1776916149785378,GET,chunk_1,8,0,0
1776916149785384,GET,chunk_0,9,0,0
1776916149785390,GET,chunk_3,8,0,0
1776916149785260,GET,chunk_0,9,0,0
1776916149785397,PUT,chunk_0,8,0,4096
1776916149785372,GET,chunk_0,9,0,0
1776916149785406,GET,chunk_0,11,0,0
1776916149785410,PUT,chunk_0,10,0,4096
1776916149785416,GET,chunk_2,10,0,0
1776916149785403,GET,chunk_0,9,0,0
1776916149785425,GET,chunk_0,10,0,0
1776916149785430,GET,chunk_0,9,0,0
1776916149785435,GET,chunk_0,10,0,0
1776916149785438,GET,chunk_0,9,0,0
1776916149785450,GET,chunk_0,9,0,0
1776916149785455,PUT,chunk_0,10,0,4096
1776916149785464,PUT,chunk_0,10,0,4096
1776916149785471,GET,chunk_0,10,0,0
1776916149785479,GET,chunk_0,10,0,0
1776916149785486,GET,chunk_0,11,0,0
1776916149785494,GET,chunk_0,10,0,0
1776916149785420,GET,chunk_0,11,0,0
1776916149785503,PUT,chunk_0,10,0,4096
1776916149785509,GET,chunk_1,12,0,0
1776916149785443,GET,chunk_0,9,0,0
1776916149785526,PUT,chunk_4,11,0,4096
1776916149785533,GET,chunk_0,11,0,0
1776916149785541,GET,chunk_0,10,0,0
1776916149785550,PUT,chunk_4,10,0,4096
1776916149785557,PUT,chunk_0,10,0,4096
1776916149785565,GET,chunk_0,10,0,0
1776916149785572,PUT,chunk_0,10,0,4096
1776916149785580,PUT,chunk_0,10,0,4096
1776916149785587,GET,chunk_0,9,0,0
1776916149785518,PUT,chunk_0,11,0,4096
1776916149785513,GET,chunk_0,14,0,0
1776916149785606,GET,chunk_0,9,0,0
1776916149785612,PUT,chunk_0,11,0,4096
1776916149785620,GET,chunk_0,10,0,0
1776916149785628,GET,chunk_0,11,0,0
1776916149785636,PUT,chunk_0,10,0,4096
1776916149785644,GET,chunk_0,10,0,0
1776916149785652,GET,chunk_0,9,0,0
1776916149785659,PUT,chunk_0,8,0,4096
1776916149785594,GET,chunk_0,8,0,0
1776916149785671,GET,chunk_1,8,0,0
1776916149785665,PUT,chunk_0,8,0,4096
1776916149785685,GET,chunk_0,10,0,0
1776916149785693,GET,chunk_0,11,0,0
1776916149785700,PUT,chunk_0,10,0,4096
1776916149785677,GET,chunk_2,11,0,0
1776916149785715,GET,chunk_0,10,0,0
1776916149785708,GET,chunk_0,10,0,0
1776916149785731,GET,chunk_0,10,0,0
1776916149785723,GET,chunk_0,11,0,0
1776916149785746,GET,chunk_3,10,0,0
1776916149785739,PUT,chunk_0,10,0,4096
1776916149785761,GET,chunk_0,8,0,0
1776916149785753,GET,chunk_0,10,0,0
1776916149785775,GET,chunk_2,10,0,0
1776916149785767,PUT,chunk_0,11,0,4096
1776916149785600,PUT,chunk_0,8,0,4096
1776916149785782,GET,chunk_0,11,0,0
1776916149785790,GET,chunk_0,10,0,0
1776916149785797,PUT,chunk_4,11,0,4096
1776916149785804,GET,chunk_4,10,0,0
1776916149785811,GET,chunk_0,9,0,0
1776916149785816,GET,chunk_0,8,0,0
1776916149785822,GET,chunk_0,8,0,0
1776916149785827,PUT,chunk_3,8,0,4096
1776916149785832,GET,chunk_0,8,0,0
1776916149785837,GET,chunk_1,9,0,0
1776916149785843,GET,chunk_0,8,0,0
1776916149785848,GET,chunk_1,8,0,0
1776916149785853,GET,chunk_0,8,0,0
1776916149785864,PUT,chunk_0,9,0,4096
1776916149785859,PUT,chunk_0,8,0,4096
1776916149785874,PUT,chunk_0,10,0,4096
1776916149785869,GET,chunk_0,10,0,0
1776916149785884,GET,chunk_0,10,0,0
1776916149785889,GET,chunk_0,9,0,0
1776916149785894,GET,chunk_2,10,0,0
1776916149785876,GET,chunk_0,10,0,0
1776916149785902,GET,chunk_0,10,0,0
1776916149785908,GET,chunk_0,9,0,0
1776916149785913,PUT,chunk_3,10,0,4096
1776916149785916,GET,chunk_0,9,0,0
1776916149785927,PUT,chunk_0,9,0,4096
1776916149785933,PUT,chunk_0,11,0,4096
1776916149785942,PUT,chunk_0,10,0,4096
1776916149785949,GET,chunk_0,11,0,0
1776916149785957,GET,chunk_0,10,0,0
1776916149785965,GET,chunk_0,10,0,0
1776916149785972,GET,chunk_0,10,0,0
1776916149785921,GET,chunk_0,9,0,0
1776916149785987,PUT,chunk_4,10,0,4096
1776916149785995,GET,chunk_0,10,0,0
1776916149786003,GET,chunk_0,10,0,0
1776916149786011,PUT,chunk_0,9,0,4096
1776916149786018,GET,chunk_0,8,0,0
1776916149785898,GET,chunk_0,10,0,0
1776916149786025,PUT,chunk_0,8,0,4096
1776916149785980,GET,chunk_0,10,0,0
1776916149786033,GET,chunk_0,11,0,0
1776916149786030,PUT,chunk_4,10,0,4096
1776916149786044,GET,chunk_0,9,0,0
1776916149786049,GET,chunk_0,9,0,0
1776916149786054,GET,chunk_0,10,0,0
1776916149786057,GET,chunk_0,10,0,0
1776916149786068,GET,chunk_0,9,0,0
1776916149786074,GET,chunk_0,10,0,0
1776916149786037,GET,chunk_0,9,0,0
1776916149786089,PUT,chunk_0,11,0,4096
1776916149786096,GET,chunk_0,11,0,0
1776916149786083,PUT,chunk_0,10,0,4096
1776916149786106,GET,chunk_0,10,0,0
1776916149786112,GET,chunk_0,12,0,0
1776916149786116,GET,chunk_0,13,0,0
1776916149786129,GET,chunk_0,8,0,0
1776916149786134,GET,chunk_0,10,0,0
1776916149786141,GET,chunk_0,10,0,0
1776916149786062,PUT,chunk_4,9,0,4096
1776916149786151,PUT,chunk_0,10,0,4096
1776916149786157,PUT,chunk_0,12,0,4096
1776916149786161,PUT,chunk_0,14,0,4096
1776916149786174,GET,chunk_0,10,0,0
1776916149786180,PUT,chunk_0,11,0,4096
1776916149786166,PUT,chunk_0,11,0,4096
1776916149786189,PUT,chunk_0,9,0,4096
1776916149786121,GET,chunk_0,11,0,0
1776916149786198,GET,chunk_0,12,0,0
1776916149786195,PUT,chunk_0,9,0,4096
1776916149786209,PUT,chunk_1,11,0,4096
1776916149786202,GET,chunk_0,11,0,0
1776916149786218,PUT,chunk_0,10,0,4096
1776916149786213,GET,chunk_0,10,0,0
1776916149786228,GET,chunk_0,11,0,0
1776916149786232,PUT,chunk_0,10,0,4096
1776916149786238,GET,chunk_4,9,0,0
1776916149786223,GET,chunk_0,10,0,0
1776916149786246,PUT,chunk_0,11,0,4096
1776916149786242,GET,chunk_0,10,0,0
1776916149786256,GET,chunk_0,11,0,0
1776916149786261,GET,chunk_0,10,0,0
1776916149786266,GET,chunk_3,10,0,0
1776916149786251,GET,chunk_0,10,0,0
1776916149786275,PUT,chunk_0,10,0,4096
1776916149786280,GET,chunk_0,9,0,0
1776916149786270,GET,chunk_0,11,0,0
1776916149786289,GET,chunk_0,10,0,0
1776916149786292,PUT,chunk_0,10,0,4096
1776916149786299,GET,chunk_0,9,0,0
1776916149786285,PUT,chunk_0,10,0,4096
1776916149786303,GET,chunk_1,10,0,0
1776916149786317,GET,chunk_0,9,0,0
1776916149786324,GET,chunk_0,9,0,0
1776916149786330,GET,chunk_0,8,0,0
1776916149786307,PUT,chunk_0,11,0,4096
1776916149786337,PUT,chunk_0,8,0,4096
1776916149786311,PUT,chunk_0,10,0,4096
1776916149786346,PUT,chunk_4,11,0,4096
1776916149786350,GET,chunk_0,10,0,0
1776916149786356,PUT,chunk_1,10,0,4096
1776916149786360,PUT,chunk_4,10,0,4096
1776916149786364,GET,chunk_1,10,0,0
1776916149786343,PUT,chunk_4,8,0,4096
1776916149786375,GET,chunk_3,10,0,0
1776916149786371,GET,chunk_0,9,0,0
1776916149786385,PUT,chunk_0,9,0,4096
1776916149786390,GET,chunk_3,9,0,0
1776916149786395,GET,chunk_0,10,0,0
1776916149786397,GET,chunk_2,9,0,0
1776916149786409,GET,chunk_0,8,0,0
1776916149786415,GET,chunk_4,8,0,0
1776916149786403,GET,chunk_0,9,0,0
1776916149786422,GET,chunk_0,8,0,0
1776916149786378,PUT,chunk_1,10,0,4096
1776916149786430,GET,chunk_4,11,0,0
1776916149786427,GET,chunk_0,9,0,0
1776916149786440,PUT,chunk_0,9,0,4096
1776916149786434,GET,chunk_0,10,0,0
1776916149786450,GET,chunk_0,11,0,0
1776916149786453,GET,chunk_0,10,0,0
1776916149786466,GET,chunk_0,9,0,0
1776916149786472,GET,chunk_0,9,0,0
1776916149786446,GET,chunk_0,9,0,0
1776916149786486,PUT,chunk_1,10,0,4096
1776916149786493,GET,chunk_2,11,0,0
1776916149786502,GET,chunk_0,10,0,0
1776916149786509,GET,chunk_4,11,0,0
1776916149786517,GET,chunk_0,11,0,0
1776916149786479,GET,chunk_0,10,0,0
1776916149786532,PUT,chunk_4,8,0,4096
1776916149786538,GET,chunk_4,9,0,0
1776916149786545,GET,chunk_0,8,0,0
1776916149786551,PUT,chunk_0,8,0,4096
1776916149786460,GET,chunk_0,9,0,0
1776916149786563,GET,chunk_2,9,0,0
1776916149786569,PUT,chunk_0,11,0,4096
1776916149786577,PUT,chunk_0,10,0,4096
1776916149786585,PUT,chunk_0,10,0,4096
1776916149786593,GET,chunk_0,10,0,0
1776916149786601,GET,chunk_0,10,0,0
1776916149786608,GET,chunk_0,10,0,0
1776916149786616,GET,chunk_0,9,0,0
1776916149786624,GET,chunk_0,8,0,0
1776916149786630,GET,chunk_0,8,0,0
1776916149786636,GET,chunk_3,8,0,0
1776916149786557,PUT,chunk_0,8,0,4096
1776916149786648,PUT,chunk_0,9,0,4096
1776916149786643,GET,chunk_0,8,0,0
1776916149786662,GET,chunk_0,10,0,0
1776916149786654,PUT,chunk_0,11,0,4096
1776916149786678,PUT,chunk_0,10,0,4096
1776916149786670,GET,chunk_0,11,0,0
1776916149786526,PUT,chunk_2,8,0,4096
1776916149786685,PUT,chunk_0,11,0,4096
1776916149786693,GET,chunk_0,11,0,0
1776916149786700,GET,chunk_0,10,0,0
1776916149786706,GET,chunk_0,9,0,0
1776916149786712,GET,chunk_1,8,0,0
1776916149786717,GET,chunk_0,9,0,0
1776916149786723,GET,chunk_3,8,0,0
1776916149786728,PUT,chunk_0,9,0,4096
1776916149786733,GET,chunk_2,9,0,0
1776916149786738,GET,chunk_2,8,0,0
1776916149786744,GET,chunk_0,8,0,0
1776916149786749,GET,chunk_0,8,0,0
1776916149786754,PUT,chunk_0,8,0,4096
1776916149786760,GET,chunk_0,8,0,0
1776916149786765,PUT,chunk_0,9,0,4096
1776916149786770,GET,chunk_0,8,0,0
1776916149786775,GET,chunk_0,8,0,0
1776916149786780,GET,chunk_0,9,0,0
1776916149786786,GET,chunk_0,9,0,0
1776916149786791,GET,chunk_0,8,0,0
1776916149786796,PUT,chunk_0,8,0,4096
1776916149786802,GET,chunk_0,9,0,0
1776916149786807,GET,chunk_0,8,0,0
1776916149786812,GET,chunk_1,8,0,0
1776916149786817,PUT,chunk_0,8,0,4096
1776916149786823,GET,chunk_0,8,0,0
1776916149786828,GET,chunk_0,8,0,0
1776916149786833,PUT,chunk_0,8,0,4096
1776916149786838,GET,chunk_0,8,0,0
1776916149786848,GET,chunk_0,10,0,0
1776916149786853,PUT,chunk_0,9,0,4096
1776916149786859,GET,chunk_0,10,0,0
1776916149786843,GET,chunk_0,8,0,0
1776916149786872,GET,chunk_0,9,0,0
1776916149786877,GET,chunk_0,9,0,0
1776916149786867,GET,chunk_0,8,0,0
1776916149786885,GET,chunk_0,10,0,0
1776916149786891,GET,chunk_2,12,0,0
1776916149786862,GET,chunk_0,9,0,0
1776916149786901,PUT,chunk_0,13,0,4096
1776916149786907,GET,chunk_3,11,0,0
1776916149786895,PUT,chunk_0,14,0,4096
1776916149786920,PUT,chunk_0,13,0,4096
1776916149786914,GET,chunk_0,12,0,0
1776916149786931,PUT,chunk_0,9,0,4096
1776916149786923,GET,chunk_0,11,0,0
1776916149786941,GET,chunk_0,10,0,0
1776916149786937,GET,chunk_3,9,0,0
1776916149786951,GET,chunk_1,10,0,0
1776916149786956,GET,chunk_0,9,0,0
1776916149786961,GET,chunk_0,10,0,0
1776916149786944,GET,chunk_3,9,0,0
1776916149786975,GET,chunk_0,10,0,0
1776916149786982,PUT,chunk_3,11,0,4096
1776916149786990,PUT,chunk_0,10,0,4096
1776916149786998,PUT,chunk_0,11,0,4096
1776916149787006,PUT,chunk_2,10,0,4096
1776916149786964,GET,chunk_0,9,0,0
1776916149787014,GET,chunk_0,10,0,0
1776916149787021,GET,chunk_0,11,0,0
1776916149787025,GET,chunk_3,12,0,0
1776916149787036,GET,chunk_0,9,0,0
1776916149787041,PUT,chunk_0,9,0,4096
1776916149786969,GET,chunk_0,9,0,0
1776916149787055,GET,chunk_4,11,0,0
1776916149787062,GET,chunk_0,11,0,0
1776916149787072,GET,chunk_0,10,0,0
1776916149787079,GET,chunk_0,10,0,0
1776916149787087,PUT,chunk_1,9,0,4096
1776916149787094,GET,chunk_0,8,0,0
1776916149787100,GET,chunk_0,8,0,0
1776916149787048,GET,chunk_0,10,0,0
1776916149787112,PUT,chunk_0,8,0,4096
1776916149787118,PUT,chunk_0,11,0,4096
1776916149787126,GET,chunk_0,10,0,0
1776916149787135,GET,chunk_0,10,0,0
1776916149787142,GET,chunk_0,10,0,0
1776916149787150,GET,chunk_4,10,0,0
1776916149787157,GET,chunk_0,8,0,0
1776916149787030,GET,chunk_0,9,0,0
1776916149787164,GET,chunk_1,8,0,0
1776916149787170,PUT,chunk_0,9,0,4096
1776916149787107,GET,chunk_0,8,0,0
1776916149787177,GET,chunk_0,11,0,0
1776916149787182,GET,chunk_0,10,0,0
1776916149787173,GET,chunk_2,10,0,0
1776916149787192,GET,chunk_0,10,0,0
1776916149787195,GET,chunk_0,9,0,0
1776916149787187,GET,chunk_3,9,0,0
1776916149787206,GET,chunk_0,11,0,0
1776916149787210,GET,chunk_3,10,0,0
1776916149787202,GET,chunk_0,10,0,0
1776916149787220,PUT,chunk_0,12,0,4096
1776916149787225,GET,chunk_1,11,0,0
1776916149787231,GET,chunk_0,10,0,0
1776916149787235,PUT,chunk_0,11,0,4096
1776916149787246,GET,chunk_0,8,0,0
1776916149787251,GET,chunk_2,10,0,0
1776916149787259,GET,chunk_0,10,0,0
1776916149787266,GET,chunk_0,10,0,0
1776916149787274,GET,chunk_0,10,0,0
1776916149787281,GET,chunk_0,10,0,0
1776916149787289,GET,chunk_2,10,0,0
1776916149787297,GET,chunk_0,10,0,0
1776916149787239,GET,chunk_0,10,0,0
1776916149787217,GET,chunk_0,10,0,0
1776916149787316,PUT,chunk_1,9,0,4096
1776916149787321,GET,chunk_0,10,0,0
1776916149787329,GET,chunk_0,11,0,0
1776916149787336,GET,chunk_0,11,0,0
1776916149787345,GET,chunk_0,10,0,0
1776916149787352,PUT,chunk_0,10,0,4096
1776916149787360,GET,chunk_2,10,0,0
1776916149787368,PUT,chunk_0,10,0,4096
1776916149787375,GET,chunk_2,8,0,0
1776916149787305,GET,chunk_0,8,0,0
1776916149787382,GET,chunk_0,10,0,0
1776916149787388,GET,chunk_0,11,0,0
1776916149787311,PUT,chunk_0,8,0,4096
1776916149787398,GET,chunk_2,12,0,0
1776916149787404,GET,chunk_0,11,0,0
1776916149787393,GET,chunk_0,14,0,0
1776916149787415,GET,chunk_0,12,0,0
1776916149787426,GET,chunk_4,9,0,0
1776916149787431,GET,chunk_0,9,0,0
1776916149787419,GET,chunk_0,10,0,0
1776916149787440,GET,chunk_0,10,0,0
1776916149787446,GET,chunk_4,11,0,0
1776916149787410,PUT,chunk_0,13,0,4096
1776916149787455,GET,chunk_0,13,0,0
1776916149787462,PUT,chunk_0,11,0,4096
1776916149787469,GET,chunk_0,12,0,0
1776916149787478,GET,chunk_0,11,0,0
1776916149787487,GET,chunk_0,9,0,0
1776916149787450,PUT,chunk_0,13,0,4096
1776916149787472,GET,chunk_0,13,0,0
1776916149787506,GET,chunk_0,9,0,0
1776916149787500,GET,chunk_0,8,0,0
1776916149787520,GET,chunk_0,10,0,0
1776916149787527,PUT,chunk_0,11,0,4096
1776916149787536,PUT,chunk_0,10,0,4096
1776916149787512,GET,chunk_0,10,0,0
1776916149787552,PUT,chunk_0,8,0,4096
1776916149787494,GET,chunk_4,8,0,0
1776916149787544,GET,chunk_0,10,0,0
1776916149787559,GET,chunk_0,11,0,0
1776916149787574,GET,chunk_0,9,0,0
1776916149787587,GET,chunk_0,10,0,0
1776916149787593,PUT,chunk_0,10,0,4096
1776916149787601,GET,chunk_0,10,0,0
1776916149787581,GET,chunk_0,9,0,0
1776916149787617,GET,chunk_3,10,0,0
1776916149787567,GET,chunk_0,9,0,0
1776916149787626,GET,chunk_0,10,0,0
1776916149787610,PUT,chunk_0,11,0,4096
1776916149787636,GET,chunk_0,14,0,0
1776916149787647,GET,chunk_1,12,0,0
1776916149787656,GET,chunk_1,11,0,0
1776916149787665,GET,chunk_0,10,0,0
1776916149787672,PUT,chunk_0,11,0,4096
1776916149787680,GET,chunk_0,10,0,0
1776916149787632,GET,chunk_0,12,0,0
1776916149787690,GET,chunk_0,11,0,0
1776916149787696,GET,chunk_0,12,0,0
1776916149787640,GET,chunk_0,13,0,0
1776916149787701,GET,chunk_0,14,0,0
1776916149787713,GET,chunk_0,13,0,0
1776916149787707,GET,chunk_0,14,0,0
1776916149787726,GET,chunk_0,12,0,0
1776916149787730,GET,chunk_0,11,0,0
1776916149787743,GET,chunk_0,11,0,0
1776916149787751,GET,chunk_4,10,0,0
1776916149787758,GET,chunk_2,8,0,0
1776916149787765,GET,chunk_0,10,0,0
1776916149787772,PUT,chunk_0,11,0,4096
1776916149787780,PUT,chunk_0,10,0,4096
1776916149787789,GET,chunk_1,10,0,0
1776916149787796,GET,chunk_0,9,0,0
1776916149787804,PUT,chunk_0,10,0,4096
1776916149787811,GET,chunk_0,11,0,0
1776916149787819,PUT,chunk_0,10,0,4096
1776916149787827,GET,chunk_0,10,0,0
1776916149787835,GET,chunk_1,10,0,0
1776916149787841,GET,chunk_0,10,0,0
1776916149787737,GET,chunk_0,11,0,0
1776916149787851,PUT,chunk_0,11,0,4096
1776916149787858,PUT,chunk_0,10,0,4096
1776916149787861,GET,chunk_0,11,0,0
1776916149787872,GET,chunk_3,8,0,0
1776916149787877,PUT,chunk_0,9,0,4096
1776916149787719,GET,chunk_0,13,0,0
1776916149787891,GET,chunk_0,10,0,0
1776916149787898,GET,chunk_0,12,0,0
1776916149787906,PUT,chunk_0,10,0,4096
1776916149787884,GET,chunk_2,10,0,0
1776916149787866,GET,chunk_0,9,0,0
1776916149787929,PUT,chunk_4,10,0,4096
1776916149787936,GET,chunk_3,10,0,0
1776916149787944,GET,chunk_0,10,0,0
1776916149787952,GET,chunk_0,10,0,0
1776916149787960,GET,chunk_4,10,0,0
1776916149787967,PUT,chunk_0,10,0,4096
1776916149787976,PUT,chunk_0,10,0,4096
1776916149787983,GET,chunk_0,9,0,0
1776916149787989,GET,chunk_0,8,0,0
1776916149787922,GET,chunk_0,10,0,0
1776916149788002,PUT,chunk_4,9,0,4096
1776916149787996,GET,chunk_0,8,0,0
1776916149788016,GET,chunk_2,10,0,0
1776916149788008,GET,chunk_0,11,0,0
1776916149788031,PUT,chunk_0,10,0,4096
1776916149788024,GET,chunk_0,11,0,0
1776916149788046,GET,chunk_1,9,0,0
1776916149788039,GET,chunk_2,11,0,0
1776916149788060,GET,chunk_2,9,0,0
1776916149788053,PUT,chunk_0,9,0,4096
1776916149788074,GET,chunk_0,10,0,0
1776916149788066,GET,chunk_0,11,0,0
1776916149788089,GET,chunk_0,10,0,0
1776916149788081,GET,chunk_0,11,0,0
1776916149788105,GET,chunk_4,10,0,0
1776916149787915,GET,chunk_0,10,0,0
1776916149788113,GET,chunk_0,9,0,0
1776916149788119,GET,chunk_0,9,0,0
1776916149788096,GET,chunk_3,11,0,0
1776916149788127,PUT,chunk_0,11,0,4096
1776916149788122,GET,chunk_0,11,0,0
1776916149788137,GET,chunk_0,11,0,0
1776916149788132,PUT,chunk_0,10,0,4096
1776916149788147,GET,chunk_0,11,0,0
1776916149788141,PUT,chunk_0,10,0,4096
1776916149788157,GET,chunk_0,10,0,0
1776916149788162,GET,chunk_0,9,0,0
1776916149788167,GET,chunk_0,10,0,0
1776916149788151,GET,chunk_0,11,0,0
1776916149788181,GET,chunk_0,9,0,0
1776916149788188,GET,chunk_0,12,0,0
1776916149788196,GET,chunk_0,10,0,0
1776916149788205,GET,chunk_0,11,0,0
1776916149788212,PUT,chunk_0,10,0,4096
1776916149788220,GET,chunk_0,10,0,0
1776916149788228,GET,chunk_0,10,0,0
1776916149788235,PUT,chunk_0,9,0,4096
1776916149788242,GET,chunk_0,8,0,0
1776916149788249,GET,chunk_0,8,0,0
1776916149788170,PUT,chunk_0,9,0,4096
1776916149788261,PUT,chunk_0,9,0,4096
1776916149788267,GET,chunk_0,12,0,0
1776916149788275,PUT,chunk_0,10,0,4096
1776916149788255,GET,chunk_4,8,0,0
1776916149788290,PUT,chunk_0,10,0,4096
1776916149788298,GET,chunk_0,11,0,0
1776916149788306,PUT,chunk_0,10,0,4096
1776916149788314,GET,chunk_3,9,0,0
1776916149788321,GET,chunk_0,8,0,0
1776916149788284,GET,chunk_1,10,0,0
1776916149788333,GET,chunk_0,9,0,0
1776916149788339,PUT,chunk_0,11,0,4096
1776916149788347,GET,chunk_4,10,0,0
1776916149788355,GET,chunk_0,10,0,0
1776916149788363,GET,chunk_0,10,0,0
1776916149788371,GET,chunk_0,10,0,0
1776916149788378,PUT,chunk_0,10,0,4096
1776916149788386,PUT,chunk_0,8,0,4096
1776916149788392,GET,chunk_1,8,0,0
1776916149788175,GET,chunk_1,8,0,0
1776916149788399,GET,chunk_0,8,0,0
1776916149788405,GET,chunk_0,10,0,0
1776916149788408,GET,chunk_0,11,0,0
1776916149788419,GET,chunk_2,8,0,0
1776916149788424,GET,chunk_0,9,0,0
1776916149788412,GET,chunk_0,9,0,0
1776916149788327,PUT,chunk_0,8,0,4096
1776916149788438,GET,chunk_0,11,0,0
1776916149788432,GET,chunk_0,10,0,0
1776916149788451,GET,chunk_0,14,0,0
1776916149788454,PUT,chunk_2,13,0,4096
1776916149788470,GET,chunk_0,10,0,0
1776916149788477,GET,chunk_4,9,0,0
1776916149788463,GET,chunk_0,11,0,0
1776916149788485,PUT,chunk_0,8,0,4096
1776916149788491,GET,chunk_0,9,0,0
1776916149788445,GET,chunk_0,13,0,0
1776916149788499,PUT,chunk_0,10,0,4096
1776916149788504,PUT,chunk_0,9,0,4096
1776916149788509,GET,chunk_0,10,0,0
1776916149788512,GET,chunk_0,9,0,0
1776916149788524,GET,chunk_2,8,0,0
1776916149788529,PUT,chunk_0,8,0,4096
1776916149788518,GET,chunk_0,9,0,0
1776916149788494,GET,chunk_0,11,0,0
1776916149788542,PUT,chunk_0,9,0,4096
1776916149788546,GET,chunk_0,9,0,0
1776916149788551,PUT,chunk_0,10,0,4096
1776916149788554,GET,chunk_3,9,0,0
1776916149788566,GET,chunk_0,8,0,0
1776916149788571,GET,chunk_3,8,0,0
1776916149788560,PUT,chunk_0,9,0,4096
1776916149788578,GET,chunk_0,8,0,0
1776916149788584,PUT,chunk_0,9,0,4096
1776916149788536,GET,chunk_0,8,0,0
1776916149788591,GET,chunk_0,11,0,0
1776916149788596,GET,chunk_0,10,0,0
1776916149788587,PUT,chunk_0,11,0,4096
1776916149788606,GET,chunk_0,10,0,0
1776916149788610,GET,chunk_4,10,0,0
1776916149788616,GET,chunk_0,10,0,0
1776916149788620,GET,chunk_0,11,0,0
1776916149788602,GET,chunk_0,9,0,0
1776916149788635,GET,chunk_0,9,0,0
1776916149788624,PUT,chunk_2,9,0,4096
1776916149788631,GET,chunk_0,9,0,0
1776916149788650,GET,chunk_0,12,0,0
1776916149788645,PUT,chunk_0,11,0,4096
1776916149788662,GET,chunk_1,13,0,0
1776916149788666,GET,chunk_0,11,0,0
1776916149788680,GET,chunk_0,11,0,0
1776916149788687,GET,chunk_0,9,0,0
1776916149788655,PUT,chunk_0,13,0,4096
1776916149788701,GET,chunk_0,9,0,0
1776916149788707,GET,chunk_0,11,0,0
1776916149788715,PUT,chunk_0,10,0,4096
1776916149788723,PUT,chunk_0,10,0,4096
1776916149788731,GET,chunk_0,10,0,0
1776916149788739,PUT,chunk_0,10,0,4096
1776916149788746,GET,chunk_0,10,0,0
1776916149788754,GET,chunk_0,9,0,0
1776916149788761,PUT,chunk_3,8,0,4096
1776916149788695,GET,chunk_0,8,0,0
1776916149788773,PUT,chunk_1,8,0,4096
1776916149788767,PUT,chunk_1,8,0,4096
1776916149788787,GET,chunk_0,10,0,0
1776916149788794,GET,chunk_0,11,0,0
1776916149788802,GET,chunk_2,10,0,0
1776916149788673,GET,chunk_0,11,0,0
1776916149788810,GET,chunk_2,10,0,0
1776916149788817,GET,chunk_3,10,0,0
1776916149788779,PUT,chunk_0,11,0,4096
1776916149788821,GET,chunk_0,12,0,0
1776916149788825,PUT,chunk_0,11,0,4096
1776916149788835,GET,chunk_0,12,0,0
1776916149788830,GET,chunk_0,11,0,0
1776916149788846,GET,chunk_0,11,0,0
1776916149788840,GET,chunk_0,11,0,0
1776916149788856,GET,chunk_0,11,0,0
1776916149788850,GET,chunk_0,11,0,0
1776916149788866,GET,chunk_0,11,0,0
1776916149788861,GET,chunk_0,10,0,0
1776916149788875,PUT,chunk_0,11,0,4096
1776916149788880,GET,chunk_0,10,0,0
1776916149788886,GET,chunk_0,11,0,0
1776916149788890,PUT,chunk_0,11,0,4096
1776916149788894,GET,chunk_0,10,0,0
1776916149788870,GET,chunk_4,10,0,0
1776916149788905,GET,chunk_0,10,0,0
1776916149788900,GET,chunk_0,9,0,0
1776916149788915,PUT,chunk_3,10,0,4096
1776916149788919,GET,chunk_0,9,0,0
1776916149788925,GET,chunk_0,10,0,0
1776916149788928,PUT,chunk_0,11,0,4096
1776916149788933,GET,chunk_0,10,0,0
1776916149788908,GET,chunk_0,9,0,0
1776916149788944,GET,chunk_0,10,0,0
1776916149788946,PUT,chunk_0,11,0,4096
1776916149788953,GET,chunk_0,9,0,0
1776916149788939,PUT,chunk_0,9,0,4096
1776916149788957,GET,chunk_0,11,0,0
1776916149788966,GET,chunk_1,10,0,0
1776916149788961,GET,chunk_0,11,0,0
1776916149788977,GET,chunk_0,10,0,0
1776916149788971,GET,chunk_0,10,0,0
1776916149788986,GET,chunk_1,9,0,0
1776916149788980,GET,chunk_0,9,0,0
1776916149788996,GET,chunk_0,10,0,0
1776916149788991,PUT,chunk_0,9,0,4096
1776916149789006,GET,chunk_2,9,0,0
1776916149788999,PUT,chunk_2,10,0,4096
1776916149789016,PUT,chunk_0,11,0,4096
1776916149789011,GET,chunk_0,9,0,0
1776916149789025,GET,chunk_0,9,0,0
1776916149789031,GET,chunk_4,9,0,0
1776916149789035,GET,chunk_0,10,0,0
1776916149789038,GET,chunk_0,10,0,0
1776916149789050,GET,chunk_2,9,0,0
1776916149789056,PUT,chunk_0,10,0,4096
1776916149789019,GET,chunk_4,10,0,0
1776916149789071,PUT,chunk_0,11,0,4096
1776916149789064,PUT,chunk_3,10,0,4096
1776916149789087,GET,chunk_0,10,0,0
1776916149789095,GET,chunk_0,10,0,0
1776916149789102,GET,chunk_1,9,0,0
1776916149789079,GET,chunk_0,11,0,0
1776916149789116,GET,chunk_0,10,0,0
1776916149789109,GET,chunk_1,10,0,0
1776916149789131,GET,chunk_0,10,0,0
1776916149789123,PUT,chunk_0,11,0,4096
1776916149789044,PUT,chunk_0,8,0,4096
1776916149789139,PUT,chunk_0,12,0,4096
1776916149789146,GET,chunk_0,10,0,0
1776916149789153,PUT,chunk_0,9,0,4096
1776916149789169,GET,chunk_3,9,0,0
1776916149789164,GET,chunk_2,9,0,0
1776916149789183,GET,chunk_4,8,0,0
1776916149789175,GET,chunk_0,9,0,0
1776916149789197,GET,chunk_0,10,0,0
1776916149789189,GET,chunk_0,10,0,0
1776916149789212,GET,chunk_0,10,0,0
1776916149789204,GET,chunk_3,12,0,0
1776916149789228,GET,chunk_0,10,0,0
1776916149789220,GET,chunk_0,11,0,0
1776916149789242,PUT,chunk_0,9,0,4096
1776916149789235,GET,chunk_0,9,0,0
1776916149789256,PUT,chunk_0,10,0,4096
1776916149789248,PUT,chunk_0,11,0,4096
1776916149789271,GET,chunk_4,10,0,0
1776916149789263,GET,chunk_0,11,0,0
1776916149789286,GET,chunk_0,8,0,0
1776916149789159,GET,chunk_0,9,0,0
1776916149789278,PUT,chunk_0,10,0,4096
1776916149789300,PUT,chunk_0,12,0,4096
1776916149789294,GET,chunk_0,11,0,0
1776916149789311,PUT,chunk_0,13,0,4096
1776916149789316,GET,chunk_0,13,0,0
1776916149789322,PUT,chunk_0,13,0,4096
1776916149789304,GET,chunk_3,12,0,0
1776916149789334,GET,chunk_0,12,0,0
1776916149789329,PUT,chunk_3,11,0,4096
1776916149789345,GET,chunk_0,9,0,0
1776916149789339,GET,chunk_0,9,0,0
1776916149789355,GET,chunk_0,10,0,0
1776916149789350,PUT,chunk_0,9,0,4096
1776916149789364,PUT,chunk_0,9,0,4096
1776916149789370,GET,chunk_0,9,0,0
1776916149789374,GET,chunk_0,10,0,0
1776916149789377,PUT,chunk_0,9,0,4096
1776916149789389,GET,chunk_4,9,0,0
1776916149789395,PUT,chunk_0,10,0,4096
1776916149789402,PUT,chunk_0,10,0,4096
1776916149789410,GET,chunk_0,10,0,0
1776916149789418,GET,chunk_0,10,0,0
1776916149789426,GET,chunk_0,10,0,0
1776916149789433,PUT,chunk_0,11,0,4096
1776916149789441,GET,chunk_1,9,0,0
1776916149789357,PUT,chunk_0,10,0,4096
1776916149789455,GET,chunk_0,8,0,0
1776916149789449,GET,chunk_1,8,0,0
1776916149789468,GET,chunk_0,10,0,0
1776916149789476,GET,chunk_0,11,0,0
1776916149789484,GET,chunk_1,10,0,0
1776916149789492,PUT,chunk_0,9,0,4096
1776916149789383,GET,chunk_0,8,0,0
1776916149789461,PUT,chunk_0,11,0,4096
1776916149789512,PUT,chunk_0,9,0,4096
1776916149789517,GET,chunk_0,10,0,0
1776916149789506,GET,chunk_3,8,0,0
1776916149789526,GET,chunk_2,10,0,0
1776916149789533,GET,chunk_0,12,0,0
1776916149789536,PUT,chunk_4,14,0,4096
1776916149789500,GET,chunk_0,9,0,0
1776916149789550,GET,chunk_0,11,0,0
1776916149789542,GET,chunk_0,11,0,0
1776916149789562,PUT,chunk_4,11,0,4096
1776916149789565,PUT,chunk_0,10,0,4096
1776916149789578,GET,chunk_0,8,0,0
1776916149789584,GET,chunk_3,9,0,0
1776916149789591,GET,chunk_2,8,0,0
1776916149789556,GET,chunk_0,11,0,0
1776916149789597,GET,chunk_0,8,0,0
1776916149789572,GET,chunk_4,9,0,0
1776916149789603,GET,chunk_3,10,0,0
1776916149789606,GET,chunk_0,11,0,0
1776916149789622,PUT,chunk_0,9,0,4096
1776916149789610,GET,chunk_0,10,0,0
1776916149789616,GET,chunk_0,10,0,0
1776916149789632,GET,chunk_0,12,0,0
1776916149789642,PUT,chunk_0,14,0,4096
1776916149789648,GET,chunk_0,14,0,0
1776916149789655,GET,chunk_0,12,0,0
1776916149789637,PUT,chunk_4,14,0,4096
1776916149789668,GET,chunk_0,12,0,0
1776916149789662,PUT,chunk_0,11,0,4096
1776916149789680,PUT,chunk_0,11,0,4096
1776916149789671,PUT,chunk_1,13,0,4096
1776916149789691,GET,chunk_3,11,0,0
1776916149789686,GET,chunk_0,10,0,0
1776916149789701,GET,chunk_0,9,0,0
1776916149789706,GET,chunk_0,9,0,0
1776916149789711,GET,chunk_0,10,0,0
1776916149789713,GET,chunk_0,10,0,0
1776916149789725,GET,chunk_0,9,0,0
1776916149789731,GET,chunk_2,10,0,0
1776916149789739,GET,chunk_0,10,0,0
1776916149789747,PUT,chunk_4,10,0,4096
1776916149789755,GET,chunk_0,10,0,0
1776916149789762,GET,chunk_1,11,0,0
1776916149789770,GET,chunk_4,10,0,0
1776916149789694,GET,chunk_0,9,0,0
1776916149789779,GET,chunk_0,9,0,0
1776916149789785,GET,chunk_0,8,0,0
1776916149789719,PUT,chunk_0,8,0,4096
1776916149789793,GET,chunk_2,10,0,0
1776916149789789,GET,chunk_0,11,0,0
1776916149789802,GET,chunk_0,10,0,0
1776916149789807,GET,chunk_1,9,0,0
1776916149789812,PUT,chunk_2,10,0,4096
1776916149789797,PUT,chunk_0,9,0,4096
1776916149789826,GET,chunk_0,9,0,0
1776916149789831,PUT,chunk_0,10,0,4096
1776916149789839,GET,chunk_0,10,0,0
1776916149789847,PUT,chunk_4,10,0,4096
1776916149789854,GET,chunk_0,10,0,0
1776916149789862,GET,chunk_0,10,0,0
1776916149789870,PUT,chunk_0,10,0,4096
1776916149789877,PUT,chunk_0,10,0,4096
1776916149789885,GET,chunk_4,10,0,0
1776916149789893,GET,chunk_0,9,0,0
1776916149789899,GET,chunk_0,8,0,0
1776916149789815,PUT,chunk_0,9,0,4096
1776916149789906,PUT,chunk_0,8,0,4096
1776916149789821,GET,chunk_0,9,0,0
1776916149789915,GET,chunk_0,11,0,0
1776916149789912,GET,chunk_0,10,0,0
1776916149789930,GET,chunk_0,8,0,0
1776916149789937,PUT,chunk_0,8,0,4096
1776916149789919,PUT,chunk_0,9,0,4096
1776916149789950,GET,chunk_0,10,0,0
1776916149789957,PUT,chunk_0,12,0,4096
1776916149789925,GET,chunk_0,9,0,0
1776916149789975,GET,chunk_0,10,0,0
1776916149789983,GET,chunk_0,11,0,0
1776916149789990,GET,chunk_0,10,0,0
1776916149789966,GET,chunk_4,13,0,0
1776916149790006,PUT,chunk_0,10,0,4096
1776916149789999,GET,chunk_3,10,0,0
1776916149790021,PUT,chunk_0,10,0,4096
1776916149790013,PUT,chunk_0,11,0,4096
1776916149790036,GET,chunk_0,10,0,0
1776916149790028,PUT,chunk_0,11,0,4096
1776916149790052,GET,chunk_0,10,0,0
1776916149790044,PUT,chunk_0,11,0,4096
1776916149790067,GET,chunk_3,10,0,0
1776916149790059,PUT,chunk_0,11,0,4096
1776916149790082,GET,chunk_0,10,0,0
1776916149790075,PUT,chunk_0,10,0,4096
1776916149790098,GET,chunk_0,9,0,0
1776916149790090,GET,chunk_0,11,0,0
1776916149790112,GET,chunk_1,10,0,0
1776916149790104,GET,chunk_0,11,0,0
1776916149790128,PUT,chunk_0,10,0,4096
1776916149790120,GET,chunk_0,11,0,0
1776916149790143,GET,chunk_3,11,0,0
1776916149790150,GET,chunk_0,10,0,0
1776916149789943,GET,chunk_0,8,0,0
1776916149790166,GET,chunk_0,10,0,0
1776916149790158,PUT,chunk_0,10,0,4096
1776916149790135,PUT,chunk_0,10,0,4096
1776916149790188,GET,chunk_4,11,0,0
1776916149790181,PUT,chunk_0,10,0,4096
1776916149790203,GET,chunk_0,9,0,0
1776916149790195,GET,chunk_3,10,0,0
1776916149790173,PUT,chunk_3,11,0,4096
1776916149790210,PUT,chunk_2,12,0,4096
1776916149790217,GET,chunk_0,10,0,0
1776916149790224,GET,chunk_0,11,0,0
1776916149790231,GET,chunk_0,10,0,0
1776916149790238,PUT,chunk_0,11,0,4096
1776916149790244,GET,chunk_0,10,0,0
1776916149790258,GET,chunk_2,12,0,0
1776916149790264,GET,chunk_4,10,0,0
1776916149790270,GET,chunk_0,10,0,0
1776916149790273,PUT,chunk_0,9,0,4096
1776916149790284,GET,chunk_0,9,0,0
1776916149790290,GET,chunk_2,10,0,0
1776916149790298,PUT,chunk_2,10,0,4096
1776916149790306,GET,chunk_2,10,0,0
1776916149790314,GET,chunk_0,10,0,0
1776916149790321,GET,chunk_0,10,0,0
1776916149790329,GET,chunk_0,9,0,0
1776916149790337,GET,chunk_0,8,0,0
1776916149790343,GET,chunk_0,8,0,0
1776916149790278,GET,chunk_0,8,0,0
1776916149790355,GET,chunk_0,9,0,0
1776916149790349,PUT,chunk_0,8,0,4096
1776916149790369,GET,chunk_0,10,0,0
1776916149790377,PUT,chunk_0,11,0,4096
1776916149790384,GET,chunk_0,10,0,0
1776916149790393,GET,chunk_0,10,0,0
1776916149790400,GET,chunk_0,9,0,0
1776916149790407,PUT,chunk_0,8,0,4096
1776916149790361,PUT,chunk_0,11,0,4096
1776916149790413,PUT,chunk_0,8,0,4096
1776916149790251,PUT,chunk_0,10,0,4096
1776916149790422,GET,chunk_0,11,0,0
1776916149790419,GET,chunk_2,9,0,0
1776916149790432,GET,chunk_0,9,0,0
1776916149790426,GET,chunk_0,9,0,0
1776916149790442,PUT,chunk_1,10,0,4096
1776916149790438,GET,chunk_0,9,0,0
1776916149790452,GET,chunk_0,9,0,0
1776916149790445,GET,chunk_0,10,0,0
1776916149790462,GET,chunk_0,10,0,0
1776916149790458,GET,chunk_4,9,0,0
1776916149790472,PUT,chunk_0,9,0,4096
1776916149790477,GET,chunk_0,9,0,0
1776916149790481,PUT,chunk_0,10,0,4096
1776916149790484,GET,chunk_0,9,0,0
1776916149790497,GET,chunk_0,9,0,0
1776916149790502,GET,chunk_4,10,0,0
1776916149790465,GET,chunk_0,9,0,0
1776916149790518,PUT,chunk_0,11,0,4096
1776916149790525,GET,chunk_0,11,0,0
1776916149790533,GET,chunk_0,10,0,0
1776916149790541,GET,chunk_2,10,0,0
1776916149790549,PUT,chunk_0,8,0,4096
1776916149790511,GET,chunk_0,11,0,0
1776916149790561,GET,chunk_0,8,0,0
1776916149790567,PUT,chunk_0,11,0,4096
1776916149790575,GET,chunk_0,10,0,0
1776916149790490,GET,chunk_0,8,0,0
1776916149790583,GET,chunk_0,10,0,0
1776916149790590,PUT,chunk_0,12,0,4096
1776916149790594,PUT,chunk_0,14,0,4096
1776916149790555,PUT,chunk_0,8,0,4096
1776916149790607,GET,chunk_0,10,0,0
1776916149790613,GET,chunk_0,9,0,0
1776916149790618,PUT,chunk_4,10,0,4096
1776916149790598,PUT,chunk_0,12,0,4096
1776916149790633,GET,chunk_0,9,0,0
1776916149790639,PUT,chunk_3,11,0,4096
1776916149790647,GET,chunk_2,10,0,0
1776916149790655,GET,chunk_0,10,0,0
1776916149790662,PUT,chunk_0,10,0,4096
1776916149790626,GET,chunk_0,8,0,0
1776916149790677,GET,chunk_0,9,0,0
1776916149790670,GET,chunk_0,10,0,0
1776916149790692,GET,chunk_0,10,0,0
1776916149790699,GET,chunk_0,11,0,0
1776916149790707,GET,chunk_4,10,0,0
1776916149790715,GET,chunk_1,10,0,0
1776916149790722,GET,chunk_0,11,0,0
1776916149790730,GET,chunk_0,8,0,0
1776916149790621,PUT,chunk_0,10,0,4096
1776916149790743,GET,chunk_0,9,0,0
1776916149790749,PUT,chunk_2,11,0,4096
1776916149790757,GET,chunk_0,10,0,0
1776916149790766,GET,chunk_0,10,0,0
1776916149790773,GET,chunk_0,10,0,0
1776916149790781,GET,chunk_0,10,0,0
1776916149790789,GET,chunk_0,9,0,0
1776916149790796,PUT,chunk_0,9,0,4096
1776916149790802,GET,chunk_4,8,0,0
1776916149790684,PUT,chunk_0,11,0,4096
1776916149790737,GET,chunk_0,8,0,0
1776916149790815,GET,chunk_0,9,0,0
1776916149790819,GET,chunk_1,9,0,0
1776916149790825,GET,chunk_0,10,0,0
1776916149790827,GET,chunk_3,9,0,0
1776916149790839,GET,chunk_0,8,0,0
1776916149790845,GET,chunk_0,8,0,0
1776916149790809,GET,chunk_0,8,0,0
1776916149790858,GET,chunk_0,8,0,0
1776916149790863,GET,chunk_0,11,0,0
1776916149790872,GET,chunk_3,10,0,0
1776916149790880,GET,chunk_3,10,0,0
1776916149790887,GET,chunk_0,10,0,0
1776916149790895,PUT,chunk_0,10,0,4096
1776916149790903,GET,chunk_4,10,0,0
1776916149790910,GET,chunk_0,10,0,0
1776916149790918,GET,chunk_0,9,0,0
1776916149790925,PUT,chunk_0,8,0,4096
1776916149790833,GET,chunk_0,9,0,0
1776916149790937,GET,chunk_2,8,0,0
1776916149790943,PUT,chunk_2,9,0,4096
1776916149790931,GET,chunk_0,8,0,0
1776916149790952,PUT,chunk_0,10,0,4096
1776916149790958,GET,chunk_4,11,0,0
1776916149790852,GET,chunk_0,8,0,0
1776916149790974,PUT,chunk_1,11,0,4096
1776916149790983,GET,chunk_0,10,0,0
1776916149790990,GET,chunk_0,10,0,0
1776916149790967,GET,chunk_0,12,0,0
1776916149791005,GET,chunk_0,8,0,0
1776916149791011,GET,chunk_0,9,0,0
1776916149791018,GET,chunk_0,8,0,0
1776916149790962,GET,chunk_0,14,0,0
1776916149790999,GET,chunk_0,9,0,0
1776916149791035,GET,chunk_0,9,0,0
1776916149791040,PUT,chunk_0,10,0,4096
1776916149791048,GET,chunk_0,10,0,0
1776916149791056,GET,chunk_0,10,0,0
1776916149791063,GET,chunk_0,10,0,0
1776916149791071,GET,chunk_3,10,0,0
1776916149791079,PUT,chunk_0,10,0,4096
1776916149791086,PUT,chunk_0,10,0,4096
1776916149791094,PUT,chunk_0,9,0,4096
1776916149791030,GET,chunk_0,8,0,0
1776916149791108,GET,chunk_0,10,0,0
1776916149791113,GET,chunk_0,11,0,0
1776916149791025,PUT,chunk_3,8,0,4096
1776916149791130,PUT,chunk_1,10,0,4096
1776916149791122,GET,chunk_3,10,0,0
1776916149791145,PUT,chunk_0,10,0,4096
1776916149791137,GET,chunk_0,11,0,0
1776916149791161,GET,chunk_0,10,0,0
1776916149791102,GET,chunk_0,8,0,0
1776916149791169,PUT,chunk_1,10,0,4096
1776916149791153,GET,chunk_0,11,0,0
1776916149791180,GET,chunk_0,13,0,0
1776916149791176,GET,chunk_0,12,0,0
1776916149791193,GET,chunk_0,9,0,0
1776916149791198,PUT,chunk_0,9,0,4096
1776916149791203,GET,chunk_0,10,0,0
1776916149791206,PUT,chunk_1,9,0,4096
1776916149791217,GET,chunk_0,9,0,0
1776916149791223,GET,chunk_3,10,0,0
1776916149791185,GET,chunk_0,11,0,0
1776916149791238,GET,chunk_0,10,0,0
1776916149791245,GET,chunk_1,12,0,0
1776916149791254,PUT,chunk_4,10,0,4096
1776916149791211,GET,chunk_0,9,0,0
1776916149791262,GET,chunk_0,9,0,0
1776916149791269,GET,chunk_0,8,0,0
1776916149791231,GET,chunk_0,11,0,0
1776916149791276,PUT,chunk_2,10,0,4096
1776916149791280,GET,chunk_0,9,0,0
1776916149791272,PUT,chunk_1,11,0,4096
1776916149791290,PUT,chunk_1,10,0,4096
1776916149791285,GET,chunk_0,10,0,0
1776916149791300,GET,chunk_0,10,0,0
1776916149791305,GET,chunk_0,9,0,0
1776916149791310,GET,chunk_2,10,0,0
1776916149791293,PUT,chunk_0,9,0,4096
1776916149791314,PUT,chunk_2,11,0,4096
1776916149791323,GET,chunk_0,10,0,0
1776916149791328,PUT,chunk_4,10,0,4096
1776916149791334,GET,chunk_0,10,0,0
1776916149791318,GET,chunk_1,11,0,0
1776916149791337,PUT,chunk_0,9,0,4096
1776916149791353,GET,chunk_2,9,0,0
1776916149791343,GET,chunk_0,8,0,0
1776916149791348,GET,chunk_0,9,0,0
1776916149791368,PUT,chunk_0,14,0,4096
1776916149791373,GET,chunk_0,14,0,0
1776916149791379,PUT,chunk_0,13,0,4096
1776916149791362,GET,chunk_0,12,0,0
1776916149791392,PUT,chunk_4,13,0,4096
1776916149791387,GET,chunk_0,11,0,0
1776916149791404,GET,chunk_0,10,0,0
1776916149791397,PUT,chunk_0,13,0,4096
1776916149791415,GET,chunk_0,10,0,0
1776916149791410,GET,chunk_0,10,0,0
1776916149791424,GET,chunk_2,9,0,0
1776916149791418,GET,chunk_0,9,0,0
1776916149791434,GET,chunk_0,10,0,0
1776916149791430,GET,chunk_0,9,0,0
1776916149791444,GET,chunk_0,9,0,0
1776916149791449,PUT,chunk_3,9,0,4096
1776916149791454,GET,chunk_0,10,0,0
1776916149791456,GET,chunk_0,9,0,0
1776916149791468,GET,chunk_0,9,0,0
1776916149791474,PUT,chunk_0,10,0,4096
1776916149791482,GET,chunk_0,10,0,0
1776916149791489,PUT,chunk_0,10,0,4096
1776916149791497,GET,chunk_0,10,0,0
1776916149791504,GET,chunk_3,10,0,0
1776916149791512,PUT,chunk_0,10,0,4096
1776916149791519,GET,chunk_0,8,0,0
1776916149791462,GET,chunk_1,8,0,0
1776916149791527,GET,chunk_0,10,0,0
1776916149791533,GET,chunk_0,12,0,0
1776916149791537,GET,chunk_1,14,0,0
1776916149791437,GET,chunk_0,10,0,0
1776916149791550,GET,chunk_0,11,0,0
1776916149791542,GET,chunk_4,11,0,0
1776916149791562,PUT,chunk_2,12,0,4096
1776916149791566,GET,chunk_4,10,0,0
1776916149791579,GET,chunk_4,8,0,0
1776916149791584,GET,chunk_4,8,0,0
1776916149791573,PUT,chunk_0,9,0,4096
1776916149791591,GET,chunk_0,8,0,0
1776916149791556,GET,chunk_3,11,0,0
1776916149791600,PUT,chunk_0,11,0,4096
1776916149791597,GET,chunk_0,10,0,0
1776916149791610,GET,chunk_0,9,0,0
1776916149791604,GET,chunk_2,9,0,0
1776916149791620,GET,chunk_0,11,0,0
1776916149791616,GET,chunk_0,9,0,0
1776916149791630,GET,chunk_0,9,0,0
1776916149791623,GET,chunk_4,10,0,0
1776916149791640,GET,chunk_0,10,0,0
1776916149791635,GET,chunk_0,9,0,0
1776916149791650,GET,chunk_0,9,0,0
1776916149791655,GET,chunk_0,9,0,0
1776916149791660,GET,chunk_2,10,0,0
1776916149791662,PUT,chunk_1,10,0,4096
1776916149791674,GET,chunk_0,8,0,0
1776916149791679,GET,chunk_0,8,0,0
1776916149791687,GET,chunk_4,8,0,0
1776916149791643,GET,chunk_0,9,0,0
1776916149791692,GET,chunk_0,8,0,0
1776916149791699,GET,chunk_0,8,0,0
1776916149791703,PUT,chunk_0,10,0,4096
1776916149791709,GET,chunk_0,10,0,0
1776916149791668,PUT,chunk_2,9,0,4096
1776916149791723,GET,chunk_0,9,0,0
1776916149791711,GET,chunk_0,9,0,0
1776916149791718,PUT,chunk_0,9,0,4096
1776916149791742,GET,chunk_1,9,0,0
1776916149791748,GET,chunk_0,9,0,0
1776916149791736,GET,chunk_0,8,0,0
1776916149791730,GET,chunk_1,9,0,0
1776916149791756,GET,chunk_0,8,0,0
1776916149791767,GET,chunk_0,11,0,0
1776916149791772,GET,chunk_0,10,0,0
1776916149791762,GET,chunk_0,8,0,0
1776916149791787,GET,chunk_0,9,0,0
1776916149791780,PUT,chunk_0,10,0,4096
1776916149791795,PUT,chunk_0,9,0,4096
1776916149791781,GET,chunk_0,10,0,0
1776916149791804,GET,chunk_0,11,0,0
1776916149791814,GET,chunk_1,9,0,0
1776916149791819,GET,chunk_0,10,0,0
1776916149791801,PUT,chunk_0,9,0,4096
1776916149791834,GET,chunk_0,10,0,0
1776916149791841,PUT,chunk_0,11,0,4096
1776916149791850,GET,chunk_0,10,0,0
1776916149791857,GET,chunk_0,10,0,0
1776916149791865,GET,chunk_0,10,0,0
1776916149791873,GET,chunk_1,9,0,0
1776916149791879,GET,chunk_2,8,0,0
1776916149791808,PUT,chunk_0,10,0,4096
1776916149791827,GET,chunk_0,10,0,0
1776916149791886,GET,chunk_2,8,0,0
1776916149791896,GET,chunk_0,9,0,0
1776916149791892,GET,chunk_0,8,0,0
1776916149791906,GET,chunk_1,10,0,0
1776916149791901,PUT,chunk_0,10,0,4096
1776916149791916,GET,chunk_3,9,0,0
1776916149791921,GET,chunk_0,9,0,0
1776916149791926,GET,chunk_0,10,0,0
1776916149791929,PUT,chunk_0,9,0,4096
1776916149791940,GET,chunk_0,9,0,0
1776916149791946,PUT,chunk_0,10,0,4096
1776916149791909,PUT,chunk_0,10,0,4096
1776916149791962,GET,chunk_3,10,0,0
1776916149791969,GET,chunk_0,11,0,0
1776916149791977,GET,chunk_0,10,0,0
1776916149791955,GET,chunk_0,10,0,0
1776916149791992,GET,chunk_0,10,0,0
1776916149791985,PUT,chunk_0,10,0,4096
1776916149792007,GET,chunk_0,10,0,0
1776916149791999,GET,chunk_1,11,0,0
1776916149792022,GET,chunk_0,10,0,0
1776916149792015,GET,chunk_0,10,0,0
1776916149792037,GET,chunk_0,9,0,0
1776916149792029,GET,chunk_3,10,0,0
1776916149792051,GET,chunk_4,11,0,0
1776916149792058,GET,chunk_0,11,0,0
1776916149791934,GET,chunk_3,8,0,0
1776916149792074,PUT,chunk_1,10,0,4096
1776916149792067,PUT,chunk_0,10,0,4096
1776916149792089,GET,chunk_0,9,0,0
1776916149792081,GET,chunk_0,10,0,0
1776916149792103,PUT,chunk_2,10,0,4096
1776916149792096,PUT,chunk_0,11,0,4096
1776916149792119,GET,chunk_3,10,0,0
1776916149792111,PUT,chunk_0,11,0,4096
1776916149792134,GET,chunk_0,10,0,0
1776916149792126,PUT,chunk_3,10,0,4096
1776916149792150,GET,chunk_0,10,0,0
1776916149792141,GET,chunk_0,11,0,0
1776916149792043,PUT,chunk_0,11,0,4096
1776916149792172,PUT,chunk_4,11,0,4096
1776916149792179,GET,chunk_0,10,0,0
1776916149792165,PUT,chunk_0,10,0,4096
1776916149792188,GET,chunk_0,8,0,0
1776916149792157,PUT,chunk_0,11,0,4096
1776916149792197,GET,chunk_0,11,0,0
1776916149792194,GET,chunk_0,10,0,0
1776916149792208,PUT,chunk_0,9,0,4096
1776916149792201,GET,chunk_0,9,0,0
1776916149792217,GET,chunk_2,10,0,0
1776916149792213,PUT,chunk_0,9,0,4096
1776916149792227,GET,chunk_0,9,0,0
1776916149792232,GET,chunk_2,9,0,0
1776916149792237,GET,chunk_0,10,0,0
1776916149792240,GET,chunk_0,9,0,0
1776916149792251,PUT,chunk_3,8,0,4096
1776916149792257,GET,chunk_3,10,0,0
1776916149792265,GET,chunk_0,10,0,0
1776916149792273,GET,chunk_0,10,0,0
1776916149792280,PUT,chunk_0,10,0,4096
1776916149792288,PUT,chunk_0,11,0,4096
1776916149792295,PUT,chunk_0,10,0,4096
1776916149792245,GET,chunk_0,8,0,0
1776916149792311,GET,chunk_0,9,0,0
1776916149792304,GET,chunk_0,10,0,0
1776916149792325,GET,chunk_0,10,0,0
1776916149792333,PUT,chunk_0,11,0,4096
1776916149792341,GET,chunk_0,10,0,0
1776916149792349,GET,chunk_0,10,0,0
1776916149792356,PUT,chunk_4,10,0,4096
1776916149792364,GET,chunk_0,8,0,0
1776916149792220,GET,chunk_0,10,0,0
1776916149792376,GET,chunk_0,8,0,0
1776916149792370,PUT,chunk_0,8,0,4096
1776916149792390,PUT,chunk_4,10,0,4096
1776916149792398,GET,chunk_0,12,0,0
1776916149792405,PUT,chunk_0,10,0,4096
1776916149792317,PUT,chunk_1,10,0,4096
1776916149792382,GET,chunk_3,11,0,0
1776916149792421,PUT,chunk_0,11,0,4096
1776916149792415,GET,chunk_0,10,0,0
1776916149792432,GET,chunk_0,10,0,0
1776916149792426,GET,chunk_4,10,0,0
1776916149792442,PUT,chunk_0,9,0,4096
1776916149792447,GET,chunk_0,9,0,0
1776916149792451,PUT,chunk_0,10,0,4096
1776916149792435,GET,chunk_1,10,0,0
1776916149792454,GET,chunk_0,9,0,0
1776916149792471,GET,chunk_0,9,0,0
1776916149792477,GET,chunk_4,8,0,0
1776916149792466,PUT,chunk_0,8,0,4096
1776916149792485,PUT,chunk_0,8,0,4096
1776916149792490,PUT,chunk_0,9,0,4096
1776916149792460,GET,chunk_0,8,0,0
1776916149792494,GET,chunk_0,11,0,0
1776916149792502,GET,chunk_4,10,0,0
1776916149792507,GET,chunk_0,10,0,0
1776916149792512,GET,chunk_0,9,0,0
1776916149792498,PUT,chunk_0,11,0,4096
1776916149792522,PUT,chunk_0,10,0,4096
1776916149792518,GET,chunk_0,10,0,0
1776916149792532,GET,chunk_0,9,0,0
1776916149792536,PUT,chunk_3,9,0,4096
1776916149792541,PUT,chunk_0,10,0,4096
1776916149792544,PUT,chunk_0,9,0,4096
1776916149792556,GET,chunk_0,8,0,0
1776916149792549,GET,chunk_0,8,0,0
1776916149792568,GET,chunk_0,9,0,0
1776916149792574,PUT,chunk_2,11,0,4096
1776916149792582,GET,chunk_0,10,0,0
1776916149792590,PUT,chunk_0,10,0,4096
1776916149792598,GET,chunk_0,11,0,0
1776916149792525,GET,chunk_0,9,0,0
1776916149792609,PUT,chunk_4,10,0,4096
1776916149792625,PUT,chunk_0,12,0,4096
1776916149792632,GET,chunk_0,11,0,0
1776916149792617,GET,chunk_0,11,0,0
1776916149792561,GET,chunk_0,9,0,0
1776916149792652,PUT,chunk_0,12,0,4096
1776916149792648,PUT,chunk_0,20,0,4096
1776916149792659,PUT,chunk_0,20,0,4096
1776916149792642,PUT,chunk_0,26,0,4096
1776916149792686,PUT,chunk_0,10,0,4096
1776916149792673,GET,chunk_0,15,0,0
1776916149792701,GET,chunk_0,10,0,0
1776916149792709,PUT,chunk_0,11,0,4096
1776916149792717,PUT,chunk_0,10,0,4096
1776916149792693,GET,chunk_0,10,0,0
1776916149792732,GET,chunk_3,10,0,0
1776916149792739,GET,chunk_0,11,0,0
1776916149792747,GET,chunk_2,9,0,0
1776916149792755,GET,chunk_0,10,0,0
1776916149792762,PUT,chunk_0,10,0,4096
1776916149792770,GET,chunk_0,10,0,0
1776916149792778,PUT,chunk_0,9,0,4096
1776916149792785,GET,chunk_0,11,0,0
1776916149792792,GET,chunk_0,10,0,0
1776916149792668,PUT,chunk_0,15,0,4096
1776916149792801,PUT,chunk_0,10,0,4096
1776916149792725,GET,chunk_0,10,0,0
1776916149792812,GET,chunk_0,15,0,0
1776916149792808,GET,chunk_0,14,0,0
1776916149792817,PUT,chunk_0,12,0,4096
1776916149792833,GET,chunk_0,12,0,0
1776916149792838,GET,chunk_0,10,0,0
1776916149792845,PUT,chunk_0,10,0,4096
1776916149792828,GET,chunk_0,12,0,0
1776916149792853,GET,chunk_0,10,0,0
1776916149792858,GET,chunk_0,9,0,0
1776916149792863,PUT,chunk_0,10,0,4096
1776916149792849,PUT,chunk_1,10,0,4096
1776916149792877,PUT,chunk_2,9,0,4096
1776916149792884,GET,chunk_0,11,0,0
1776916149792891,PUT,chunk_0,10,0,4096
1776916149792900,PUT,chunk_0,10,0,4096
1776916149792907,PUT,chunk_0,10,0,4096
1776916149792915,PUT,chunk_0,10,0,4096
1776916149792922,PUT,chunk_4,10,0,4096
1776916149792930,GET,chunk_0,9,0,0
1776916149792937,GET,chunk_0,8,0,0
1776916149792871,GET,chunk_0,9,0,0
1776916149792949,GET,chunk_0,10,0,0
1776916149792955,GET,chunk_0,11,0,0
1776916149792866,GET,chunk_0,9,0,0
1776916149792972,GET,chunk_4,10,0,0
1776916149792964,GET,chunk_0,10,0,0
1776916149792987,PUT,chunk_0,10,0,4096
1776916149792980,GET,chunk_0,11,0,0
1776916149793002,GET,chunk_0,8,0,0
1776916149792994,GET,chunk_0,10,0,0
1776916149792943,GET,chunk_0,8,0,0
1776916149793008,GET,chunk_0,12,0,0
1776916149793016,GET,chunk_0,10,0,0
1776916149793037,GET,chunk_0,10,0,0
1776916149793030,GET,chunk_2,10,0,0
1776916149793052,PUT,chunk_0,9,0,4096
1776916149793044,PUT,chunk_4,10,0,4096
1776916149793066,PUT,chunk_0,10,0,4096
1776916149793058,PUT,chunk_0,11,0,4096
1776916149793082,PUT,chunk_4,10,0,4096
1776916149793074,GET,chunk_0,11,0,0
1776916149793097,GET,chunk_0,10,0,0
1776916149793089,GET,chunk_0,11,0,0
1776916149793112,PUT,chunk_0,10,0,4096
1776916149793104,PUT,chunk_0,11,0,4096
1776916149793127,PUT,chunk_0,9,0,4096
1776916149793119,GET,chunk_0,11,0,0
1776916149793023,PUT,chunk_0,10,0,4096
1776916149793150,PUT,chunk_0,10,0,4096
1776916149793142,PUT,chunk_4,10,0,4096
1776916149793166,GET,chunk_0,10,0,0
1776916149793157,GET,chunk_0,10,0,0
1776916149793181,GET,chunk_2,11,0,0
1776916149793188,GET,chunk_0,11,0,0
1776916149793135,GET,chunk_0,11,0,0
1776916149793204,GET,chunk_2,8,0,0
1776916149793196,GET,chunk_0,10,0,0
1776916149793173,GET,chunk_0,11,0,0
1776916149793225,PUT,chunk_0,11,0,4096
1776916149793232,GET,chunk_1,10,0,0
1776916149793218,GET,chunk_0,10,0,0
1776916149793241,GET,chunk_0,10,0,0
1776916149793247,GET,chunk_0,12,0,0
1776916149793251,GET,chunk_0,12,0,0
1776916149793264,GET,chunk_0,8,0,0
1776916149793268,PUT,chunk_0,9,0,4096
1776916149793256,GET,chunk_0,9,0,0
1776916149793210,GET,chunk_0,12,0,0
1776916149793282,GET,chunk_3,11,0,0
1776916149793276,PUT,chunk_0,10,0,4096
1776916149793294,GET,chunk_0,13,0,0
1776916149793297,PUT,chunk_0,12,0,4096
1776916149793312,GET,chunk_0,10,0,0
1776916149793319,GET,chunk_0,9,0,0
1776916149793287,PUT,chunk_0,12,0,4096
1776916149793334,GET,chunk_0,10,0,0
1776916149793341,GET,chunk_0,11,0,0
1776916149793349,PUT,chunk_0,10,0,4096
1776916149793357,GET,chunk_1,10,0,0
1776916149793364,PUT,chunk_0,11,0,4096
1776916149793372,GET,chunk_0,8,0,0
1776916149793326,PUT,chunk_0,10,0,4096
1776916149793384,PUT,chunk_0,8,0,4096
1776916149793379,GET,chunk_0,8,0,0
1776916149793392,GET,chunk_0,11,0,0
1776916149793398,GET,chunk_0,11,0,0
1776916149793305,GET,chunk_0,11,0,0
1776916149793403,PUT,chunk_0,13,0,4096
1776916149793408,GET,chunk_0,13,0,0
1776916149793427,PUT,chunk_0,11,0,4096
1776916149793413,PUT,chunk_3,12,0,4096
1776916149793420,GET,chunk_0,13,0,0
1776916149793444,GET,chunk_0,11,0,0
1776916149793438,GET,chunk_0,12,0,0
1776916149793455,PUT,chunk_0,13,0,4096
1776916149793459,GET,chunk_0,11,0,0
1776916149793474,PUT,chunk_0,9,0,4096
1776916149793479,GET,chunk_0,9,0,0
1776916149793448,GET,chunk_0,12,0,0
1776916149793493,PUT,chunk_0,10,0,4096
1776916149793501,GET,chunk_0,11,0,0
1776916149793509,PUT,chunk_0,10,0,4096
1776916149793517,GET,chunk_0,9,0,0
1776916149793524,GET,chunk_0,8,0,0
1776916149793487,GET,chunk_0,10,0,0
1776916149793537,PUT,chunk_0,8,0,4096
1776916149793542,GET,chunk_0,9,0,0
1776916149793549,GET,chunk_0,8,0,0
1776916149793531,GET,chunk_0,9,0,0
1776916149793562,PUT,chunk_0,8,0,4096
1776916149793555,GET,chunk_0,8,0,0
1776916149793467,PUT,chunk_0,10,0,4096
1776916149793582,GET,chunk_0,11,0,0
1776916149793589,GET,chunk_0,10,0,0
1776916149793575,GET,chunk_0,10,0,0
1776916149793567,GET,chunk_0,11,0,0
1776916149793604,GET,chunk_0,11,0,0
1776916149793598,GET,chunk_0,9,0,0
1776916149793616,PUT,chunk_0,11,0,4096
1776916149793610,PUT,chunk_0,11,0,4096
1776916149793626,GET,chunk_0,9,0,0
1776916149793620,GET,chunk_3,10,0,0
1776916149793637,GET,chunk_0,11,0,0
1776916149793639,GET,chunk_4,10,0,0
1776916149793652,GET,chunk_0,8,0,0
1776916149793658,PUT,chunk_0,8,0,4096
1776916149793665,PUT,chunk_0,8,0,4096
1776916149793646,GET,chunk_3,9,0,0
1776916149793632,GET,chunk_0,9,0,0
1776916149793683,PUT,chunk_0,9,0,4096
1776916149793688,GET,chunk_3,10,0,0
1776916149793671,PUT,chunk_0,8,0,4096
1776916149793704,PUT,chunk_0,10,0,4096
1776916149793711,PUT,chunk_0,11,0,4096
1776916149793719,GET,chunk_3,10,0,0
1776916149793727,PUT,chunk_0,10,0,4096
1776916149793735,GET,chunk_0,10,0,0
1776916149793742,GET,chunk_1,9,0,0
1776916149793677,PUT,chunk_0,8,0,4096
1776916149793755,PUT,chunk_4,10,0,4096
1776916149793761,GET,chunk_0,11,0,0
1776916149793697,PUT,chunk_0,10,0,4096
1776916149793777,GET,chunk_0,10,0,0
1776916149793770,GET,chunk_1,10,0,0
1776916149793792,PUT,chunk_0,10,0,4096
1776916149793784,GET,chunk_0,10,0,0
1776916149793807,PUT,chunk_0,9,0,4096
1776916149793813,GET,chunk_0,12,0,0
1776916149793821,GET,chunk_0,10,0,0
1776916149793749,PUT,chunk_0,8,0,4096
1776916149793830,GET,chunk_0,10,0,0
1776916149793836,GET,chunk_0,12,0,0
1776916149793840,GET,chunk_0,13,0,0
1776916149793853,GET,chunk_0,10,0,0
1776916149793859,PUT,chunk_2,10,0,4096
1776916149793799,GET,chunk_0,10,0,0
1776916149793874,GET,chunk_3,10,0,0
1776916149793881,PUT,chunk_0,11,0,4096
1776916149793890,GET,chunk_0,10,0,0
1776916149793898,PUT,chunk_0,10,0,4096
1776916149793905,GET,chunk_3,10,0,0
1776916149793913,GET,chunk_0,8,0,0
1776916149793845,GET,chunk_2,12,0,0
1776916149793925,GET,chunk_4,8,0,0
1776916149793919,GET,chunk_0,8,0,0
1776916149793939,PUT,chunk_0,10,0,4096
1776916149793946,GET,chunk_3,12,0,0
1776916149793954,GET,chunk_2,10,0,0
1776916149793867,GET,chunk_0,10,0,0
1776916149793963,PUT,chunk_0,10,0,4096
1776916149793969,GET,chunk_0,10,0,0
1776916149793931,GET,chunk_3,11,0,0
1776916149793978,GET,chunk_0,10,0,0
1776916149793983,PUT,chunk_0,9,0,4096
1776916149793973,PUT,chunk_0,11,0,4096
1776916149793992,GET,chunk_0,10,0,0
1776916149793988,PUT,chunk_0,10,0,4096
1776916149794002,GET,chunk_0,9,0,0
1776916149794007,GET,chunk_0,9,0,0
1776916149794012,GET,chunk_0,10,0,0
1776916149794015,GET,chunk_0,9,0,0
1776916149794026,PUT,chunk_1,8,0,4096
1776916149794031,GET,chunk_0,9,0,0
1776916149794038,GET,chunk_0,8,0,0
1776916149793995,GET,chunk_3,9,0,0
1776916149794020,GET,chunk_0,8,0,0
1776916149794055,GET,chunk_3,9,0,0
1776916149794060,GET,chunk_0,9,0,0
1776916149794044,PUT,chunk_4,8,0,4096
1776916149794075,GET,chunk_0,10,0,0
1776916149794068,PUT,chunk_0,10,0,4096
1776916149794090,PUT,chunk_0,9,0,4096
1776916149794098,PUT,chunk_0,11,0,4096
1776916149794105,GET,chunk_0,10,0,0
1776916149794050,GET,chunk_0,8,0,0
1776916149794114,GET,chunk_0,9,0,0
1776916149794119,GET,chunk_0,9,0,0
1776916149794082,GET,chunk_0,11,0,0
1776916149794122,PUT,chunk_0,11,0,4096
1776916149794132,PUT,chunk_0,10,0,4096
1776916149794137,GET,chunk_0,10,0,0
1776916149794143,GET,chunk_3,10,0,0
1776916149794127,GET,chunk_0,11,0,0
1776916149794157,GET,chunk_3,8,0,0
1776916149794162,PUT,chunk_1,9,0,4096
1776916149794169,GET,chunk_3,10,0,0
1776916149794177,GET,chunk_0,10,0,0
1776916149794184,GET,chunk_0,10,0,0
1776916149794192,GET,chunk_0,10,0,0
1776916149794200,GET,chunk_0,10,0,0
1776916149794208,PUT,chunk_0,10,0,4096
1776916149794215,PUT,chunk_0,11,0,4096
1776916149794223,GET,chunk_0,9,0,0
1776916149794151,GET,chunk_0,8,0,0
1776916149794145,GET,chunk_0,9,0,0
1776916149794236,PUT,chunk_0,11,0,4096
1776916149794232,GET,chunk_0,11,0,0
1776916149794248,GET,chunk_0,13,0,0
1776916149794242,GET,chunk_0,12,0,0
1776916149794259,GET,chunk_0,12,0,0
1776916149794252,PUT,chunk_0,12,0,4096
1776916149794272,PUT,chunk_0,11,0,4096
1776916149794276,GET,chunk_2,10,0,0
1776916149794288,GET,chunk_0,8,0,0
1776916149794294,GET,chunk_0,8,0,0
1776916149794282,GET,chunk_0,9,0,0
1776916149794266,GET,chunk_0,11,0,0
1776916149794300,PUT,chunk_4,8,0,4096
1776916149794306,GET,chunk_0,8,0,0
1776916149794316,GET,chunk_0,10,0,0
1776916149794321,GET,chunk_0,9,0,0
1776916149794326,GET,chunk_1,9,0,0
1776916149794310,GET,chunk_0,9,0,0
1776916149794340,GET,chunk_3,8,0,0
1776916149794345,PUT,chunk_0,10,0,4096
1776916149794352,PUT,chunk_0,10,0,4096
1776916149794360,PUT,chunk_3,10,0,4096
1776916149794368,PUT,chunk_0,10,0,4096
1776916149794375,GET,chunk_0,10,0,0
1776916149794383,GET,chunk_0,10,0,0
1776916149794391,GET,chunk_0,10,0,0
1776916149794398,PUT,chunk_1,9,0,4096
1776916149794334,GET,chunk_0,9,0,0
1776916149794411,GET,chunk_0,8,0,0
1776916149794417,GET,chunk_0,9,0,0
1776916149794424,GET,chunk_3,8,0,0
1776916149794405,GET,chunk_0,8,0,0
1776916149794436,GET,chunk_0,8,0,0
1776916149794430,GET,chunk_0,8,0,0
1776916149794450,GET,chunk_3,11,0,0
1776916149794457,GET,chunk_0,11,0,0
1776916149794329,GET,chunk_4,9,0,0
1776916149794474,GET,chunk_0,10,0,0
1776916149794466,PUT,chunk_4,10,0,4096
1776916149794488,GET,chunk_0,10,0,0
1776916149794495,GET,chunk_4,11,0,0
1776916149794442,GET,chunk_0,10,0,0
1776916149794511,GET,chunk_0,9,0,0
1776916149794503,GET,chunk_0,10,0,0
1776916149794526,GET,chunk_0,10,0,0
1776916149794518,GET,chunk_0,11,0,0
1776916149794540,GET,chunk_0,8,0,0
1776916149794533,GET,chunk_0,9,0,0
1776916149794554,PUT,chunk_0,10,0,4096
1776916149794547,GET,chunk_0,10,0,0
1776916149794569,GET,chunk_0,10,0,0
1776916149794561,PUT,chunk_0,11,0,4096
1776916149794584,GET,chunk_0,9,0,0
1776916149794577,GET,chunk_2,10,0,0
1776916149794599,GET,chunk_0,10,0,0
1776916149794591,PUT,chunk_0,11,0,4096
1776916149794614,GET,chunk_0,9,0,0
1776916149794606,PUT,chunk_0,11,0,4096
1776916149794629,GET,chunk_0,10,0,0
1776916149794621,GET,chunk_0,11,0,0
1776916149794643,GET,chunk_0,8,0,0
1776916149794636,GET,chunk_0,9,0,0
1776916149794656,PUT,chunk_0,10,0,4096
1776916149794649,GET,chunk_0,11,0,0
1776916149794672,PUT,chunk_0,10,0,4096
1776916149794664,GET,chunk_0,10,0,0
1776916149794687,PUT,chunk_0,10,0,4096
1776916149794679,PUT,chunk_0,10,0,4096
1776916149794702,PUT,chunk_0,9,0,4096
1776916149794693,GET,chunk_0,11,0,0
1776916149794717,GET,chunk_0,10,0,0
1776916149794709,GET,chunk_0,11,0,0
1776916149794732,PUT,chunk_0,10,0,4096
1776916149794724,PUT,chunk_0,11,0,4096
1776916149794747,GET,chunk_1,9,0,0
1776916149794739,GET,chunk_0,11,0,0
1776916149794762,GET,chunk_0,10,0,0
1776916149794755,GET,chunk_4,10,0,0
1776916149794778,GET,chunk_0,8,0,0
1776916149794770,PUT,chunk_0,10,0,4096
1776916149794791,PUT,chunk_2,10,0,4096
1776916149794784,GET,chunk_0,10,0,0
1776916149794806,PUT,chunk_0,9,0,4096
1776916149794798,GET,chunk_4,10,0,0
1776916149794821,PUT,chunk_3,10,0,4096
1776916149794814,GET,chunk_0,11,0,0
1776916149794836,GET,chunk_0,10,0,0
1776916149794828,GET,chunk_3,11,0,0
1776916149794851,GET,chunk_0,9,0,0
1776916149794843,GET,chunk_0,11,0,0
1776916149794866,PUT,chunk_0,10,0,4096
1776916149794859,GET,chunk_0,10,0,0
1776916149794881,GET,chunk_0,8,0,0
1776916149794874,GET,chunk_0,9,0,0
1776916149794895,GET,chunk_1,10,0,0
1776916149794887,GET,chunk_0,11,0,0
1776916149794910,GET,chunk_0,10,0,0
1776916149794902,GET,chunk_0,11,0,0
1776916149794926,GET,chunk_0,9,0,0
1776916149794917,PUT,chunk_0,12,0,4096
1776916149794940,GET,chunk_0,10,0,0
1776916149794933,GET,chunk_3,11,0,0
1776916149794955,PUT,chunk_0,10,0,4096
1776916149794948,GET,chunk_0,11,0,0
1776916149794970,GET,chunk_0,10,0,0
1776916149794963,GET,chunk_0,11,0,0
1776916149794985,PUT,chunk_0,8,0,4096
1776916149794978,GET,chunk_0,9,0,0
1776916149794998,PUT,chunk_0,10,0,4096
1776916149794991,GET,chunk_2,10,0,0
1776916149795013,GET,chunk_4,9,0,0
1776916149795005,GET,chunk_0,11,0,0
1776916149795028,GET,chunk_0,9,0,0
1776916149795021,PUT,chunk_0,11,0,4096
1776916149795041,GET,chunk_0,8,0,0
1776916149795035,PUT,chunk_0,9,0,4096
1776916149795055,PUT,chunk_0,10,0,4096
1776916149795047,GET,chunk_0,10,0,0
1776916149795070,GET,chunk_0,9,0,0
1776916149795062,GET,chunk_0,11,0,0
1776916149795085,GET,chunk_0,10,0,0
1776916149795077,GET,chunk_0,10,0,0
1776916149795099,GET,chunk_0,8,0,0
1776916149795093,GET,chunk_0,9,0,0
1776916149794481,GET,chunk_2,9,0,0
1776916149795121,GET,chunk_0,11,0,0
1776916149795129,GET,chunk_4,10,0,0
1776916149795137,GET,chunk_0,10,0,0
1776916149795144,GET,chunk_0,9,0,0
1776916149795152,PUT,chunk_0,9,0,4096
1776916149795157,GET,chunk_0,10,0,0
1776916149795113,GET,chunk_0,10,0,0
1776916149795166,GET,chunk_0,10,0,0
1776916149795173,PUT,chunk_0,10,0,4096
1776916149795105,PUT,chunk_2,11,0,4096
1776916149795181,PUT,chunk_0,11,0,4096
1776916149795187,GET,chunk_0,11,0,0
1776916149795177,GET,chunk_0,13,0,0
1776916149795194,PUT,chunk_0,11,0,4096
1776916149795208,GET,chunk_0,9,0,0
1776916149795214,PUT,chunk_0,9,0,4096
1776916149795199,GET,chunk_0,11,0,0
1776916149795229,GET,chunk_0,10,0,0
1776916149795236,GET,chunk_0,11,0,0
1776916149795244,GET,chunk_0,10,0,0
1776916149795252,GET,chunk_0,10,0,0
1776916149795259,GET,chunk_0,9,0,0
1776916149795202,PUT,chunk_0,9,0,4096
1776916149795266,GET,chunk_0,9,0,0
1776916149795222,GET,chunk_0,10,0,0
1776916149795275,GET,chunk_0,11,0,0
1776916149795272,PUT,chunk_0,10,0,4096
1776916149795285,GET,chunk_3,9,0,0
1776916149795279,GET,chunk_0,10,0,0
1776916149795295,GET,chunk_0,10,0,0
1776916149795290,GET,chunk_4,10,0,0
1776916149795305,GET,chunk_0,9,0,0
1776916149795298,PUT,chunk_0,9,0,4096
1776916149795315,GET,chunk_0,11,0,0
1776916149795310,GET,chunk_0,9,0,0
1776916149795324,GET,chunk_0,9,0,0
1776916149795318,GET,chunk_0,9,0,0
1776916149795334,GET,chunk_0,10,0,0
1776916149795329,PUT,chunk_0,9,0,4096
1776916149795344,GET,chunk_0,9,0,0
1776916149795349,GET,chunk_0,9,0,0
1776916149795354,GET,chunk_4,10,0,0
1776916149795357,GET,chunk_0,9,0,0
1776916149795368,GET,chunk_0,9,0,0
1776916149795374,GET,chunk_0,10,0,0
1776916149795337,GET,chunk_0,10,0,0
1776916149795389,GET,chunk_0,10,0,0
1776916149795396,GET,chunk_0,11,0,0
1776916149795404,PUT,chunk_0,10,0,4096
1776916149795382,GET,chunk_0,11,0,0
1776916149795420,GET,chunk_0,9,0,0
1776916149795426,PUT,chunk_2,11,0,4096
1776916149795434,PUT,chunk_0,10,0,4096
1776916149795413,GET,chunk_0,9,0,0
1776916149795449,GET,chunk_0,10,0,0
1776916149795442,GET,chunk_0,10,0,0
1776916149795464,GET,chunk_0,10,0,0
1776916149795456,PUT,chunk_0,11,0,4096
1776916149795362,PUT,chunk_0,8,0,4096
1776916149795487,GET,chunk_0,10,0,0
1776916149795494,GET,chunk_0,10,0,0
1776916149795472,PUT,chunk_0,11,0,4096
1776916149795510,GET,chunk_4,8,0,0
1776916149795503,GET,chunk_2,9,0,0
1776916149795524,GET,chunk_0,10,0,0
1776916149795516,GET,chunk_0,11,0,0
1776916149795539,GET,chunk_0,9,0,0
1776916149795531,GET,chunk_2,11,0,0
1776916149795554,GET,chunk_0,10,0,0
1776916149795547,GET,chunk_0,11,0,0
1776916149795569,GET,chunk_0,10,0,0
1776916149795561,GET,chunk_0,11,0,0
1776916149795479,GET,chunk_1,10,0,0
1776916149795592,GET,chunk_0,11,0,0
1776916149795598,GET,chunk_0,11,0,0
1776916149795577,PUT,chunk_1,11,0,4096
1776916149795584,PUT,chunk_0,10,0,4096
1776916149795607,GET,chunk_0,9,0,0
1776916149795614,GET,chunk_0,9,0,0
1776916149795619,GET,chunk_0,9,0,0
1776916149795637,GET,chunk_0,8,0,0
1776916149795630,GET,chunk_0,8,0,0
1776916149795651,GET,chunk_0,10,0,0
1776916149795642,GET,chunk_0,10,0,0
1776916149795665,PUT,chunk_0,10,0,4096
1776916149795658,PUT,chunk_1,11,0,4096
1776916149795681,PUT,chunk_0,10,0,4096
1776916149795673,GET,chunk_0,11,0,0
1776916149795695,PUT,chunk_1,9,0,4096
1776916149795688,PUT,chunk_4,9,0,4096
1776916149795709,GET,chunk_1,10,0,0
1776916149795701,GET,chunk_0,11,0,0
1776916149795724,GET,chunk_0,10,0,0
1776916149795717,GET,chunk_0,10,0,0
1776916149795740,GET,chunk_2,9,0,0
1776916149795732,GET,chunk_1,10,0,0
1776916149795754,GET,chunk_3,10,0,0
1776916149795747,GET,chunk_0,11,0,0
1776916149795769,GET,chunk_0,10,0,0
1776916149795761,GET,chunk_0,11,0,0
1776916149795784,PUT,chunk_0,10,0,4096
1776916149795777,GET,chunk_0,10,0,0
1776916149795798,GET,chunk_0,9,0,0
1776916149795792,GET,chunk_0,9,0,0
1776916149795812,PUT,chunk_0,10,0,4096
1776916149795804,PUT,chunk_0,10,0,4096
1776916149795625,GET,chunk_0,9,0,0
1776916149795834,GET,chunk_0,11,0,0
1776916149795841,GET,chunk_0,9,0,0
1776916149795819,GET,chunk_0,10,0,0
1776916149795827,GET,chunk_0,10,0,0
1776916149795863,PUT,chunk_0,12,0,4096
1776916149795849,PUT,chunk_4,10,0,4096
1776916149795856,GET,chunk_0,12,0,0
1776916149795881,PUT,chunk_1,13,0,4096
1776916149795886,GET,chunk_0,13,0,0
1776916149795894,GET,chunk_0,11,0,0
1776916149795875,GET,chunk_4,12,0,0
1776916149795903,GET,chunk_3,9,0,0
1776916149795908,GET,chunk_2,9,0,0
1776916149795898,PUT,chunk_4,10,0,4096
1776916149795914,PUT,chunk_0,10,0,4096
1776916149795927,GET,chunk_0,9,0,0
1776916149795933,PUT,chunk_0,8,0,4096
1776916149795922,PUT,chunk_4,8,0,4096
1776916149795916,PUT,chunk_0,9,0,4096
1776916149795952,GET,chunk_0,10,0,0
1776916149795957,PUT,chunk_0,9,0,4096
1776916149795946,GET,chunk_2,8,0,0
1776916149795941,GET,chunk_0,8,0,0
1776916149795972,GET,chunk_0,9,0,0
1776916149795976,GET,chunk_0,10,0,0
1776916149795981,GET,chunk_0,9,0,0
1776916149795985,PUT,chunk_2,10,0,4096
1776916149795966,GET,chunk_3,8,0,0
1776916149796000,GET,chunk_0,8,0,0
1776916149796006,PUT,chunk_0,8,0,4096
1776916149795995,PUT,chunk_0,8,0,4096
1776916149795989,PUT,chunk_4,9,0,4096
1776916149796023,GET,chunk_4,9,0,0
1776916149796028,GET,chunk_0,10,0,0
1776916149796013,GET,chunk_0,8,0,0
1776916149796043,GET,chunk_3,10,0,0
1776916149796050,PUT,chunk_0,11,0,4096
1776916149796059,GET,chunk_4,10,0,0
1776916149796067,GET,chunk_0,10,0,0
1776916149796074,GET,chunk_0,10,0,0
1776916149796082,PUT,chunk_0,8,0,4096
1776916149796018,GET,chunk_0,9,0,0
1776916149796094,GET,chunk_0,8,0,0
1776916149796088,GET,chunk_2,8,0,0
1776916149796108,PUT,chunk_0,10,0,4096
1776916149796116,GET,chunk_0,11,0,0
1776916149796123,GET,chunk_0,10,0,0
1776916149796100,PUT,chunk_0,11,0,4096
1776916149796139,PUT,chunk_0,10,0,4096
1776916149796131,GET,chunk_0,10,0,0
1776916149796153,GET,chunk_1,8,0,0
1776916149796146,PUT,chunk_0,9,0,4096
1776916149796167,GET,chunk_0,10,0,0
1776916149796159,PUT,chunk_2,11,0,4096
1776916149796036,GET,chunk_0,10,0,0
1776916149796189,GET,chunk_2,11,0,0
1776916149796197,GET,chunk_0,10,0,0
1776916149796174,PUT,chunk_1,11,0,4096
1776916149796182,PUT,chunk_0,10,0,4096
1776916149796219,GET,chunk_0,11,0,0
1776916149796226,PUT,chunk_0,10,0,4096
1776916149796204,PUT,chunk_0,11,0,4096
1776916149796242,GET,chunk_3,10,0,0
1776916149796235,GET,chunk_0,10,0,0
1776916149796256,PUT,chunk_0,9,0,4096
1776916149796249,GET,chunk_0,9,0,0
1776916149796270,GET,chunk_4,10,0,0
1776916149796262,GET,chunk_0,11,0,0
1776916149796285,GET,chunk_0,10,0,0
1776916149796278,GET,chunk_0,10,0,0
1776916149796301,GET,chunk_0,9,0,0
1776916149796293,GET,chunk_0,10,0,0
1776916149796315,PUT,chunk_0,10,0,4096
1776916149796307,PUT,chunk_0,11,0,4096
1776916149796331,GET,chunk_3,10,0,0
1776916149796323,PUT,chunk_0,10,0,4096
1776916149796346,PUT,chunk_0,9,0,4096
1776916149796338,GET,chunk_4,11,0,0
1776916149796361,GET,chunk_1,10,0,0
1776916149796353,GET,chunk_0,11,0,0
1776916149796376,GET,chunk_0,10,0,0
1776916149796368,GET,chunk_0,10,0,0
1776916149796212,GET,chunk_0,10,0,0
1776916149796397,GET,chunk_4,9,0,0
1776916149796391,GET,chunk_3,8,0,0
1776916149796411,GET,chunk_0,10,0,0
1776916149796403,GET,chunk_0,10,0,0
1776916149796426,PUT,chunk_3,10,0,4096
1776916149796419,GET,chunk_0,10,0,0
1776916149796441,GET,chunk_0,9,0,0
1776916149796433,GET,chunk_0,10,0,0
1776916149796455,GET,chunk_0,10,0,0
1776916149796447,GET,chunk_0,11,0,0
1776916149796471,GET,chunk_1,10,0,0
1776916149796462,PUT,chunk_0,11,0,4096
1776916149796486,GET,chunk_3,10,0,0
1776916149796478,GET,chunk_0,11,0,0
1776916149796501,GET,chunk_0,10,0,0
1776916149796493,PUT,chunk_0,11,0,4096
1776916149796516,GET,chunk_1,10,0,0
1776916149796508,GET,chunk_2,11,0,0
1776916149796383,GET,chunk_0,10,0,0
1776916149796539,GET,chunk_0,10,0,0
1776916149796531,GET,chunk_0,11,0,0
1776916149796553,GET,chunk_0,9,0,0
1776916149796546,GET,chunk_1,9,0,0
1776916149796567,GET,chunk_0,10,0,0
1776916149796559,GET,chunk_4,11,0,0
1776916149796523,GET,chunk_0,11,0,0
1776916149796589,PUT,chunk_0,11,0,4096
1776916149796596,GET,chunk_2,10,0,0
1776916149796575,GET,chunk_0,11,0,0
1776916149796611,PUT,chunk_0,9,0,4096
1776916149796605,GET,chunk_0,9,0,0
1776916149796625,GET,chunk_0,10,0,0
1776916149796617,GET,chunk_0,11,0,0
1776916149796641,GET,chunk_0,9,0,0
1776916149796633,GET,chunk_0,10,0,0
1776916149796656,GET,chunk_0,9,0,0
1776916149796648,PUT,chunk_0,11,0,4096
1776916149796670,GET,chunk_0,9,0,0
1776916149796662,GET,chunk_0,11,0,0
1776916149796582,GET,chunk_0,10,0,0
1776916149796693,GET,chunk_0,11,0,0
1776916149796686,GET,chunk_3,10,0,0
1776916149796708,GET,chunk_4,9,0,0
1776916149796678,GET,chunk_0,11,0,0
1776916149796715,GET,chunk_0,11,0,0
1776916149796722,GET,chunk_0,11,0,0
1776916149796700,PUT,chunk_1,10,0,4096
1776916149796732,GET,chunk_0,14,0,0
1776916149796727,GET,chunk_3,13,0,0
1776916149796744,GET,chunk_0,12,0,0
1776916149796751,PUT,chunk_0,11,0,4096
1776916149796757,GET,chunk_0,11,0,0
1776916149796738,GET,chunk_0,13,0,0
1776916149796772,PUT,chunk_0,8,0,4096
1776916149796777,GET,chunk_0,9,0,0
1776916149796766,GET,chunk_0,8,0,0
1776916149796784,PUT,chunk_0,10,0,4096
1776916149796791,GET,chunk_0,12,0,0
1776916149796795,GET,chunk_0,13,0,0
1776916149796761,GET,chunk_0,9,0,0
1776916149796813,GET,chunk_0,11,0,0
1776916149796800,GET,chunk_1,11,0,0
1776916149796808,GET,chunk_0,10,0,0
1776916149796829,GET,chunk_0,11,0,0
1776916149796825,GET,chunk_0,11,0,0
1776916149796839,PUT,chunk_0,11,0,4096
1776916149796834,GET,chunk_0,11,0,0
1776916149796849,GET,chunk_0,11,0,0
1776916149796843,PUT,chunk_0,11,0,4096
1776916149796859,GET,chunk_2,11,0,0
1776916149796854,PUT,chunk_0,11,0,4096
1776916149796868,GET,chunk_0,10,0,0
1776916149796864,PUT,chunk_4,10,0,4096
1776916149796878,GET,chunk_4,11,0,0
1776916149796882,PUT,chunk_0,10,0,4096
1776916149796888,GET,chunk_0,9,0,0
1776916149796873,GET,chunk_0,9,0,0
1776916149796897,GET,chunk_0,11,0,0
1776916149796893,PUT,chunk_0,9,0,4096
1776916149796907,PUT,chunk_4,9,0,4096
1776916149796912,GET,chunk_4,9,0,0
1776916149796916,GET,chunk_0,10,0,0
1776916149796900,GET,chunk_0,9,0,0
1776916149796930,GET,chunk_0,9,0,0
1776916149796935,GET,chunk_0,9,0,0
1776916149796943,GET,chunk_3,10,0,0
1776916149796950,GET,chunk_0,10,0,0
1776916149796958,GET,chunk_0,10,0,0
1776916149796966,GET,chunk_0,10,0,0
1776916149796973,GET,chunk_4,10,0,0
1776916149796981,PUT,chunk_0,10,0,4096
1776916149796988,PUT,chunk_0,8,0,4096
1776916149796919,GET,chunk_0,10,0,0
1776916149796995,GET,chunk_2,9,0,0
1776916149797001,GET,chunk_0,9,0,0
1776916149796925,GET,chunk_4,8,0,0
1776916149797008,GET,chunk_0,11,0,0
1776916149797013,GET,chunk_4,10,0,0
1776916149797004,PUT,chunk_0,11,0,4096
1776916149797024,PUT,chunk_2,10,0,4096
1776916149797018,GET,chunk_1,10,0,0
1776916149797033,PUT,chunk_0,9,0,4096
1776916149797038,PUT,chunk_0,9,0,4096
1776916149797043,GET,chunk_0,10,0,0
1776916149797046,PUT,chunk_0,9,0,4096
1776916149797058,PUT,chunk_0,9,0,4096
1776916149797064,PUT,chunk_0,10,0,4096
1776916149797071,GET,chunk_0,10,0,0
1776916149797079,GET,chunk_0,10,0,0
1776916149797087,GET,chunk_0,10,0,0
1776916149797027,PUT,chunk_0,9,0,4096
1776916149797051,GET,chunk_0,8,0,0
1776916149797108,GET,chunk_4,11,0,0
1776916149797115,PUT,chunk_0,9,0,4096
1776916149797102,GET,chunk_0,10,0,0
1776916149797124,GET,chunk_0,8,0,0
1776916149797129,GET,chunk_0,8,0,0
1776916149797095,PUT,chunk_0,10,0,4096
1776916149797137,GET,chunk_0,11,0,0
1776916149797147,PUT,chunk_0,9,0,4096
1776916149797152,PUT,chunk_0,9,0,4096
1776916149797140,GET,chunk_2,10,0,0
1776916149797160,GET,chunk_3,10,0,0
1776916149797166,PUT,chunk_0,13,0,4096
1776916149797171,GET,chunk_0,14,0,0
1776916149797133,GET,chunk_2,10,0,0
1776916149797184,GET,chunk_0,11,0,0
1776916149797176,GET,chunk_0,12,0,0
1776916149797196,PUT,chunk_0,13,0,4096
1776916149797199,GET,chunk_0,12,0,0
1776916149797214,PUT,chunk_0,8,0,4096
1776916149797219,GET,chunk_0,8,0,0
1776916149797207,GET,chunk_2,9,0,0
1776916149797226,GET,chunk_0,9,0,0
1776916149797232,GET,chunk_0,10,0,0
1776916149797191,PUT,chunk_0,11,0,4096
1776916149797246,GET,chunk_0,9,0,0
1776916149797252,PUT,chunk_0,11,0,4096
1776916149797260,GET,chunk_0,10,0,0
1776916149797268,PUT,chunk_4,10,0,4096
1776916149797276,GET,chunk_0,10,0,0
1776916149797284,GET,chunk_3,9,0,0
1776916149797291,PUT,chunk_0,10,0,4096
1776916149797299,GET,chunk_0,9,0,0
1776916149797235,PUT,chunk_0,11,0,4096
1776916149797312,PUT,chunk_0,8,0,4096
1776916149797306,PUT,chunk_0,8,0,4096
1776916149797326,GET,chunk_0,10,0,0
1776916149797318,GET,chunk_0,10,0,0
1776916149797342,PUT,chunk_0,10,0,4096
1776916149797349,PUT,chunk_0,10,0,4096
1776916149797357,GET,chunk_1,8,0,0
1776916149797240,PUT,chunk_0,9,0,4096
1776916149797364,GET,chunk_0,8,0,0
1776916149797369,PUT,chunk_4,9,0,4096
1776916149797334,GET,chunk_3,11,0,0
1776916149797377,PUT,chunk_0,11,0,4096
1776916149797381,GET,chunk_0,10,0,0
1776916149797387,GET,chunk_4,9,0,0
1776916149797373,GET,chunk_0,10,0,0
1776916149797392,GET,chunk_0,10,0,0
1776916149797406,GET,chunk_0,9,0,0
1776916149797412,GET,chunk_0,9,0,0
1776916149797399,GET,chunk_0,10,0,0
1776916149797419,GET,chunk_0,10,0,0
1776916149797426,GET,chunk_3,12,0,0
1776916149797429,GET,chunk_0,14,0,0
1776916149797396,GET,chunk_0,11,0,0
1776916149797443,GET,chunk_1,11,0,0
1776916149797449,GET,chunk_0,11,0,0
1776916149797455,GET,chunk_4,12,0,0
1776916149797435,GET,chunk_0,12,0,0
1776916149797471,GET,chunk_0,9,0,0
1776916149797478,PUT,chunk_0,11,0,4096
1776916149797486,GET,chunk_0,10,0,0
1776916149797465,GET,chunk_0,10,0,0
1776916149797501,GET,chunk_0,10,0,0
1776916149797508,GET,chunk_0,11,0,0
1776916149797516,GET,chunk_3,8,0,0
1776916149797494,GET,chunk_0,10,0,0
1776916149797529,GET,chunk_0,8,0,0
1776916149797523,PUT,chunk_0,8,0,4096
1776916149797542,GET,chunk_0,10,0,0
1776916149797550,PUT,chunk_0,11,0,4096
1776916149797558,GET,chunk_0,10,0,0
1776916149797566,PUT,chunk_0,10,0,4096
1776916149797573,GET,chunk_0,10,0,0
1776916149797581,GET,chunk_4,8,0,0
1776916149797587,GET,chunk_2,8,0,0
1776916149797594,PUT,chunk_0,8,0,4096
1776916149797458,GET,chunk_0,11,0,0
1776916149797606,GET,chunk_4,8,0,0
1776916149797612,GET,chunk_0,11,0,0
1776916149797620,PUT,chunk_0,10,0,4096
1776916149797628,GET,chunk_0,10,0,0
1776916149797600,GET,chunk_0,8,0,0
1776916149797636,PUT,chunk_0,10,0,4096
1776916149797535,PUT,chunk_4,11,0,4096
1776916149797646,GET,chunk_1,15,0,0
1776916149797651,PUT,chunk_0,12,0,4096
1776916149797666,PUT,chunk_3,8,0,4096
1776916149797671,GET,chunk_0,9,0,0
1776916149797679,GET,chunk_0,10,0,0
1776916149797686,GET,chunk_0,10,0,0
1776916149797694,GET,chunk_0,10,0,0
1776916149797701,PUT,chunk_0,10,0,4096
1776916149797709,GET,chunk_4,10,0,0
1776916149797716,PUT,chunk_0,10,0,4096
1776916149797724,GET,chunk_3,9,0,0
1776916149797659,PUT,chunk_0,10,0,4096
1776916149797643,GET,chunk_0,12,0,0
1776916149797743,GET,chunk_0,9,0,0
1776916149797748,GET,chunk_0,10,0,0
1776916149797731,GET,chunk_0,9,0,0
1776916149797764,GET,chunk_0,10,0,0
1776916149797757,GET,chunk_0,10,0,0
1776916149797779,GET,chunk_0,10,0,0
1776916149797787,GET,chunk_0,10,0,0
1776916149797794,GET,chunk_0,8,0,0
1776916149797737,GET,chunk_0,8,0,0
1776916149797801,GET,chunk_0,8,0,0
1776916149797807,PUT,chunk_0,8,0,4096
1776916149797771,GET,chunk_0,11,0,0
1776916149797811,GET,chunk_2,10,0,0
1776916149797824,GET,chunk_0,10,0,0
1776916149797830,GET,chunk_1,9,0,0
1776916149797815,PUT,chunk_2,11,0,4096
1776916149797845,GET,chunk_0,10,0,0
1776916149797852,GET,chunk_2,12,0,0
1776916149797860,GET,chunk_1,10,0,0
1776916149797869,GET,chunk_0,10,0,0
1776916149797876,GET,chunk_0,10,0,0
1776916149797884,GET,chunk_4,9,0,0
1776916149797891,GET,chunk_0,8,0,0
1776916149797838,GET,chunk_0,10,0,0
1776916149797904,PUT,chunk_4,10,0,4096
1776916149797910,PUT,chunk_0,11,0,4096
1776916149797819,GET,chunk_1,10,0,0
1776916149797926,GET,chunk_0,10,0,0
1776916149797919,GET,chunk_0,10,0,0
1776916149797898,GET,chunk_4,8,0,0
1776916149797949,GET,chunk_0,11,0,0
1776916149797956,PUT,chunk_0,11,0,4096
1776916149797934,PUT,chunk_0,11,0,4096
1776916149797972,GET,chunk_0,9,0,0
1776916149797965,PUT,chunk_4,10,0,4096
1776916149797987,GET,chunk_0,10,0,0
1776916149797979,GET,chunk_0,11,0,0
1776916149798002,GET,chunk_0,10,0,0
1776916149797995,PUT,chunk_0,11,0,4096
1776916149798018,PUT,chunk_0,10,0,4096
1776916149798010,GET,chunk_0,11,0,0
1776916149798033,PUT,chunk_0,10,0,4096
1776916149798025,GET,chunk_0,11,0,0
1776916149798048,GET,chunk_0,8,0,0
1776916149798040,GET,chunk_0,9,0,0
1776916149798061,GET,chunk_1,10,0,0
1776916149798054,GET,chunk_0,11,0,0
1776916149798077,GET,chunk_0,9,0,0
1776916149798069,GET,chunk_0,10,0,0
1776916149798091,PUT,chunk_0,9,0,4096
1776916149798084,GET,chunk_0,10,0,0
1776916149798106,GET,chunk_0,10,0,0
1776916149798098,GET,chunk_0,11,0,0
1776916149798122,GET,chunk_0,10,0,0
1776916149798114,PUT,chunk_3,11,0,4096
1776916149798137,GET,chunk_0,9,0,0
1776916149798129,GET,chunk_0,11,0,0
1776916149798151,GET,chunk_0,8,0,0
1776916149798145,PUT,chunk_0,9,0,4096
1776916149798165,GET,chunk_0,10,0,0
1776916149798157,GET,chunk_0,10,0,0
1776916149798180,GET,chunk_1,10,0,0
1776916149798172,GET,chunk_0,10,0,0
1776916149798195,PUT,chunk_0,9,0,4096
1776916149798187,GET,chunk_0,10,0,0
1776916149798209,PUT,chunk_0,10,0,4096
1776916149798201,PUT,chunk_0,11,0,4096
1776916149798225,GET,chunk_3,10,0,0
1776916149798217,GET,chunk_0,11,0,0
1776916149798240,GET,chunk_0,9,0,0
1776916149798232,PUT,chunk_0,11,0,4096
1776916149798254,GET,chunk_0,8,0,0
1776916149798247,GET,chunk_0,9,0,0
1776916149798267,GET,chunk_0,10,0,0
1776916149798260,PUT,chunk_0,11,0,4096
1776916149798282,PUT,chunk_0,10,0,4096
1776916149798274,PUT,chunk_0,10,0,4096
1776916149798297,GET,chunk_0,9,0,0
1776916149798290,PUT,chunk_0,10,0,4096
1776916149798311,GET,chunk_0,10,0,0
1776916149798304,PUT,chunk_0,11,0,4096
1776916149798327,GET,chunk_0,10,0,0
1776916149798319,GET,chunk_0,12,0,0
1776916149798342,PUT,chunk_1,11,0,4096
1776916149798349,GET,chunk_0,11,0,0
1776916149797941,GET,chunk_3,10,0,0
1776916149798366,GET,chunk_0,10,0,0
1776916149798358,GET,chunk_0,10,0,0
1776916149798381,GET,chunk_0,9,0,0
1776916149798373,GET,chunk_0,11,0,0
1776916149798396,GET,chunk_0,10,0,0
1776916149798388,GET,chunk_0,11,0,0
1776916149798411,GET,chunk_0,9,0,0
1776916149798403,GET,chunk_0,11,0,0
1776916149798426,PUT,chunk_0,10,0,4096
1776916149798419,GET,chunk_0,10,0,0
1776916149798441,PUT,chunk_1,8,0,4096
1776916149798433,GET,chunk_1,9,0,0
1776916149798454,GET,chunk_3,10,0,0
1776916149798447,GET,chunk_0,11,0,0
1776916149798470,GET,chunk_0,10,0,0
1776916149798462,GET,chunk_0,11,0,0
1776916149798485,PUT,chunk_2,9,0,4096
1776916149798477,GET,chunk_0,11,0,0
1776916149798500,PUT,chunk_0,9,0,4096
1776916149798492,PUT,chunk_3,11,0,4096
1776916149798514,GET,chunk_0,10,0,0
1776916149798507,GET,chunk_0,11,0,0
1776916149798530,GET,chunk_4,9,0,0
1776916149798522,GET,chunk_0,11,0,0
1776916149798544,GET,chunk_4,9,0,0
1776916149798537,GET,chunk_2,9,0,0
1776916149798558,PUT,chunk_0,11,0,4096
1776916149798565,GET,chunk_0,11,0,0
1776916149798334,PUT,chunk_1,10,0,4096
1776916149798581,PUT,chunk_0,10,0,4096
1776916149798573,GET,chunk_0,10,0,0
1776916149798595,GET,chunk_0,8,0,0
1776916149798589,GET,chunk_0,9,0,0
1776916149798609,GET,chunk_0,10,0,0
1776916149798601,GET,chunk_0,11,0,0
1776916149798550,PUT,chunk_3,11,0,4096
1776916149798632,GET,chunk_0,10,0,0
1776916149798639,GET,chunk_0,9,0,0
1776916149798617,GET,chunk_0,11,0,0
1776916149798654,GET,chunk_0,11,0,0
1776916149798661,PUT,chunk_0,11,0,4096
1776916149798647,GET,chunk_0,10,0,0
1776916149798671,PUT,chunk_0,10,0,4096
1776916149798678,GET,chunk_4,12,0,0
1776916149798681,GET,chunk_0,13,0,0
1776916149798694,GET,chunk_0,8,0,0
1776916149798699,PUT,chunk_0,8,0,4096
1776916149798686,PUT,chunk_0,10,0,4096
1776916149798706,PUT,chunk_0,8,0,4096
1776916149798624,GET,chunk_0,10,0,0
1776916149798715,PUT,chunk_0,11,0,4096
1776916149798712,GET,chunk_0,10,0,0
1776916149798725,GET,chunk_0,9,0,0
1776916149798730,GET,chunk_0,9,0,0
1776916149798735,GET,chunk_0,10,0,0
1776916149798738,PUT,chunk_0,9,0,4096
1776916149798749,GET,chunk_0,9,0,0
1776916149798755,PUT,chunk_0,11,0,4096
1776916149798764,GET,chunk_0,10,0,0
1776916149798772,GET,chunk_0,10,0,0
1776916149798780,PUT,chunk_0,10,0,4096
1776916149798787,GET,chunk_1,10,0,0
1776916149798795,GET,chunk_4,9,0,0
1776916149798802,PUT,chunk_0,8,0,4096
1776916149798719,GET,chunk_0,9,0,0
1776916149798815,GET,chunk_0,8,0,0
1776916149798820,PUT,chunk_0,11,0,4096
1776916149798828,PUT,chunk_0,10,0,4096
1776916149798836,GET,chunk_0,10,0,0
1776916149798843,PUT,chunk_0,10,0,4096
1776916149798851,PUT,chunk_0,10,0,4096
1776916149798859,PUT,chunk_3,10,0,4096
1776916149798866,GET,chunk_0,8,0,0
1776916149798873,PUT,chunk_0,8,0,4096
1776916149798809,GET,chunk_0,8,0,0
1776916149798885,GET,chunk_0,8,0,0
1776916149798891,GET,chunk_4,11,0,0
1776916149798899,PUT,chunk_0,10,0,4096
1776916149798907,GET,chunk_1,11,0,0
1776916149798914,PUT,chunk_2,10,0,4096
1776916149798743,GET,chunk_0,9,0,0
1776916149798923,GET,chunk_0,10,0,0
1776916149798929,GET,chunk_0,10,0,0
1776916149798933,GET,chunk_4,11,0,0
1776916149798944,PUT,chunk_0,8,0,4096
1776916149798949,GET,chunk_0,8,0,0
1776916149798937,PUT,chunk_0,9,0,4096
1776916149798879,GET,chunk_0,8,0,0
1776916149798966,PUT,chunk_0,9,0,4096
1776916149798971,GET,chunk_0,9,0,0
1776916149798956,GET,chunk_0,8,0,0
1776916149798986,GET,chunk_2,10,0,0
1776916149798979,GET,chunk_0,10,0,0
1776916149799001,PUT,chunk_0,10,0,4096
1776916149798993,PUT,chunk_0,12,0,4096
1776916149799017,PUT,chunk_0,10,0,4096
1776916149799009,GET,chunk_0,10,0,0
1776916149799032,GET,chunk_0,9,0,0
1776916149799038,GET,chunk_0,11,0,0
1776916149798961,GET,chunk_0,8,0,0
1776916149799054,GET,chunk_0,9,0,0
1776916149799047,GET,chunk_0,10,0,0
1776916149799069,GET,chunk_0,10,0,0
1776916149799062,GET,chunk_0,10,0,0
1776916149799084,GET,chunk_0,8,0,0
1776916149799091,PUT,chunk_0,9,0,4096
1776916149799096,GET,chunk_0,10,0,0
1776916149799105,GET,chunk_2,10,0,0
1776916149799111,GET,chunk_4,9,0,0
1776916149799024,GET,chunk_0,10,0,0
1776916149799120,GET,chunk_0,10,0,0
1776916149799126,GET,chunk_0,10,0,0
1776916149799076,PUT,chunk_0,10,0,4096
1776916149799135,GET,chunk_3,10,0,0
1776916149799140,GET,chunk_0,9,0,0
1776916149799130,GET,chunk_1,11,0,0
1776916149799149,GET,chunk_4,11,0,0
1776916149799144,GET,chunk_0,10,0,0
1776916149799152,GET,chunk_1,10,0,0
1776916149799170,GET,chunk_0,10,0,0
1776916149799176,PUT,chunk_2,10,0,4096
1776916149799184,GET,chunk_0,10,0,0
1776916149799191,GET,chunk_0,10,0,0
1776916149799199,GET,chunk_0,10,0,0
1776916149799207,GET,chunk_0,9,0,0
1776916149799214,GET,chunk_0,10,0,0
1776916149799222,GET,chunk_1,10,0,0
1776916149799229,GET,chunk_0,8,0,0
1776916149799165,GET,chunk_0,9,0,0
1776916149799241,PUT,chunk_4,8,0,4096
1776916149799235,GET,chunk_0,8,0,0
1776916149799255,GET,chunk_0,10,0,0
1776916149799263,GET,chunk_0,11,0,0
1776916149799270,PUT,chunk_0,10,0,4096
1776916149799247,PUT,chunk_1,11,0,4096
1776916149799285,PUT,chunk_0,10,0,4096
1776916149799293,GET,chunk_0,9,0,0
1776916149799300,GET,chunk_0,8,0,0
1776916149799159,GET,chunk_0,9,0,0
1776916149799307,GET,chunk_0,8,0,0
1776916149799279,PUT,chunk_0,10,0,4096
1776916149799316,GET,chunk_0,11,0,0
1776916149799312,PUT,chunk_2,9,0,4096
1776916149799326,GET,chunk_0,11,0,0
1776916149799320,GET,chunk_0,10,0,0
1776916149799335,PUT,chunk_1,11,0,4096
1776916149799330,PUT,chunk_0,11,0,4096
1776916149799346,PUT,chunk_0,10,0,4096
1776916149799350,GET,chunk_0,9,0,0
1776916149799356,GET,chunk_0,10,0,0
1776916149799360,GET,chunk_0,11,0,0
1776916149799341,PUT,chunk_0,10,0,4096
1776916149799370,GET,chunk_0,8,0,0
1776916149799364,GET,chunk_0,9,0,0
1776916149799386,GET,chunk_0,9,0,0
1776916149799391,GET,chunk_0,9,0,0
1776916149799380,GET,chunk_0,9,0,0
1776916149799399,GET,chunk_0,10,0,0
1776916149799405,GET,chunk_0,12,0,0
1776916149799409,GET,chunk_0,15,0,0
1776916149799422,GET,chunk_0,10,0,0
1776916149799429,GET,chunk_0,11,0,0
1776916149799375,PUT,chunk_2,8,0,4096
1776916149799445,PUT,chunk_0,9,0,4096
1776916149799451,GET,chunk_0,11,0,0
1776916149799459,GET,chunk_0,10,0,0
1776916149799438,GET,chunk_0,9,0,0
1776916149799474,PUT,chunk_4,10,0,4096
1776916149799467,GET,chunk_0,10,0,0
1776916149799489,PUT,chunk_0,10,0,4096
1776916149799497,PUT,chunk_0,11,0,4096
1776916149799505,PUT,chunk_0,10,0,4096
1776916149799513,GET,chunk_0,10,0,0
1776916149799521,GET,chunk_0,10,0,0
1776916149799529,PUT,chunk_0,9,0,4096
1776916149799535,GET,chunk_0,8,0,0
1776916149799414,GET,chunk_0,12,0,0
1776916149799542,PUT,chunk_0,8,0,4096
1776916149799481,GET,chunk_0,11,0,0
1776916149799551,GET,chunk_0,12,0,0
1776916149799548,GET,chunk_0,9,0,0
1776916149799561,PUT,chunk_0,9,0,4096
1776916149799567,GET,chunk_0,9,0,0
1776916149799571,PUT,chunk_0,10,0,4096
1776916149799555,GET,chunk_0,9,0,0
1776916149799586,GET,chunk_0,9,0,0
1776916149799592,PUT,chunk_0,12,0,4096
1776916149799600,PUT,chunk_0,10,0,4096
1776916149799579,GET,chunk_0,9,0,0
1776916149799616,GET,chunk_0,10,0,0
1776916149799609,GET,chunk_0,10,0,0
1776916149799631,GET,chunk_0,10,0,0
1776916149799638,GET,chunk_0,10,0,0
1776916149799646,PUT,chunk_0,8,0,4096
1776916149799623,PUT,chunk_0,10,0,4096
1776916149799658,GET,chunk_0,8,0,0
1776916149799664,GET,chunk_0,11,0,0
1776916149799671,PUT,chunk_0,10,0,4096
1776916149799574,GET,chunk_4,10,0,0
1776916149799680,GET,chunk_3,10,0,0
1776916149799652,GET,chunk_0,8,0,0
1776916149799691,GET,chunk_0,15,0,0
1776916149799687,GET,chunk_0,14,0,0
1776916149799705,GET,chunk_0,11,0,0
1776916149799711,PUT,chunk_0,9,0,4096
1776916149799716,PUT,chunk_2,9,0,4096
1776916149799696,GET,chunk_0,13,0,0
1776916149799719,PUT,chunk_0,9,0,4096
1776916149799734,GET,chunk_0,10,0,0
1776916149799724,GET,chunk_0,8,0,0
1776916149799730,PUT,chunk_0,10,0,4096
1776916149799744,GET,chunk_0,13,0,0
1776916149799754,PUT,chunk_0,15,0,4096
1776916149799761,GET,chunk_0,12,0,0
1776916149799769,GET,chunk_0,12,0,0
1776916149799749,GET,chunk_0,14,0,0
1776916149799787,GET,chunk_0,10,0,0
1776916149799794,GET,chunk_1,11,0,0
1776916149799802,GET,chunk_1,10,0,0
1776916149799810,GET,chunk_0,10,0,0
1776916149799818,PUT,chunk_0,10,0,4096
1776916149799825,GET,chunk_0,10,0,0
1776916149799833,GET,chunk_0,10,0,0
1776916149799841,GET,chunk_0,8,0,0
1776916149799773,GET,chunk_0,12,0,0
1776916149799779,GET,chunk_0,11,0,0
1776916149799859,PUT,chunk_0,10,0,4096
1776916149799864,PUT,chunk_0,11,0,4096
1776916149799847,PUT,chunk_0,8,0,4096
1776916149799881,PUT,chunk_3,10,0,4096
1776916149799874,GET,chunk_0,10,0,0
1776916149799896,GET,chunk_0,10,0,0
1776916149799904,GET,chunk_0,9,0,0
1776916149799910,GET,chunk_0,8,0,0
1776916149799888,PUT,chunk_0,11,0,4096
1776916149799923,PUT,chunk_0,9,0,4096
1776916149799917,GET,chunk_0,8,0,0
1776916149799937,GET,chunk_0,10,0,0
1776916149799929,GET,chunk_0,11,0,0
1776916149799953,PUT,chunk_0,10,0,4096
1776916149799945,GET,chunk_0,11,0,0
1776916149799853,PUT,chunk_0,8,0,4096
1776916149799960,GET,chunk_0,12,0,0
1776916149799968,GET,chunk_0,11,0,0
1776916149799982,GET,chunk_0,9,0,0
1776916149799987,GET,chunk_0,9,0,0
1776916149799993,GET,chunk_0,10,0,0
1776916149799975,GET,chunk_0,10,0,0
1776916149800007,GET,chunk_0,8,0,0
1776916149800000,GET,chunk_0,9,0,0
1776916149800020,GET,chunk_3,8,0,0
1776916149800013,PUT,chunk_1,9,0,4096
1776916149800034,PUT,chunk_0,12,0,4096
1776916149800026,PUT,chunk_0,16,0,4096
1776916149800052,GET,chunk_0,12,0,0
1776916149799995,PUT,chunk_0,10,0,4096
1776916149800047,GET,chunk_0,12,0,0
1776916149800070,GET,chunk_4,12,0,0
1776916149800064,GET,chunk_0,12,0,0
1776916149800083,GET,chunk_0,14,0,0
1776916149800087,GET,chunk_0,11,0,0
1776916149800101,GET,chunk_0,9,0,0
1776916149800107,GET,chunk_0,9,0,0
1776916149800114,GET,chunk_3,10,0,0
1776916149800121,GET,chunk_0,10,0,0
1776916149800129,GET,chunk_0,10,0,0
1776916149800136,GET,chunk_0,10,0,0
1776916149800144,PUT,chunk_0,10,0,4096
1776916149800151,PUT,chunk_0,10,0,4096
1776916149800159,GET,chunk_0,10,0,0
1776916149800167,GET,chunk_3,8,0,0
1776916149800173,GET,chunk_0,8,0,0
1776916149800095,GET,chunk_1,9,0,0
1776916149800186,GET,chunk_4,9,0,0
1776916149800191,GET,chunk_4,11,0,0
1776916149800076,GET,chunk_0,13,0,0
1776916149800208,GET,chunk_0,10,0,0
1776916149800215,PUT,chunk_0,11,0,4096
1776916149800223,GET,chunk_1,10,0,0
1776916149800231,GET,chunk_3,10,0,0
1776916149800238,GET,chunk_4,10,0,0
1776916149800246,GET,chunk_0,9,0,0
1776916149800252,GET,chunk_0,8,0,0
1776916149800180,GET,chunk_0,8,0,0
1776916149800260,GET,chunk_4,8,0,0
1776916149800265,PUT,chunk_0,9,0,4096
1776916149800200,GET,chunk_0,10,0,0
1776916149800273,GET,chunk_0,11,0,0
1776916149800269,PUT,chunk_4,10,0,4096
1776916149800283,GET,chunk_2,13,0,0
1776916149800287,GET,chunk_0,13,0,0
1776916149800277,PUT,chunk_0,10,0,4096
1776916149800300,GET,chunk_0,9,0,0
1776916149800304,PUT,chunk_0,9,0,4096
1776916149800309,PUT,chunk_4,10,0,4096
1776916149800293,GET,chunk_0,10,0,0
1776916149800323,GET,chunk_0,9,0,0
1776916149800330,GET,chunk_0,11,0,0
1776916149800338,PUT,chunk_0,11,0,4096
1776916149800346,GET,chunk_1,10,0,0
1776916149800354,GET,chunk_0,10,0,0
1776916149800361,PUT,chunk_0,10,0,4096
1776916149800369,PUT,chunk_0,9,0,4096
1776916149800377,GET,chunk_3,8,0,0
1776916149800383,GET,chunk_0,8,0,0
1776916149800317,GET,chunk_0,9,0,0
1776916149800396,GET,chunk_0,8,0,0
1776916149800402,GET,chunk_0,9,0,0
1776916149800408,GET,chunk_0,8,0,0
1776916149800312,PUT,chunk_0,10,0,4096
1776916149800415,GET,chunk_3,8,0,0
1776916149800390,GET,chunk_0,9,0,0
1776916149800423,GET,chunk_0,12,0,0
1776916149800420,PUT,chunk_0,10,0,4096
1776916149800434,GET,chunk_0,9,0,0
1776916149800440,GET,chunk_1,9,0,0
1776916149800444,GET,chunk_0,11,0,0
1776916149800447,GET,chunk_0,10,0,0
1776916149800460,GET,chunk_0,9,0,0
1776916149800465,PUT,chunk_0,10,0,4096
1776916149800473,PUT,chunk_0,10,0,4096
1776916149800481,PUT,chunk_0,10,0,4096
1776916149800489,PUT,chunk_0,10,0,4096
1776916149800496,GET,chunk_0,10,0,0
1776916149800504,PUT,chunk_0,10,0,4096
1776916149800512,PUT,chunk_3,8,0,4096
1776916149800518,PUT,chunk_0,8,0,4096
1776916149800428,PUT,chunk_0,10,0,4096
1776916149800525,GET,chunk_0,8,0,0
1776916149800453,GET,chunk_0,8,0,0
1776916149800534,PUT,chunk_0,11,0,4096
1776916149800538,GET,chunk_0,10,0,0
1776916149800544,GET,chunk_0,9,0,0
1776916149800530,PUT,chunk_0,9,0,4096
1776916149800552,GET,chunk_0,11,0,0
1776916149800556,GET,chunk_0,10,0,0
1776916149800562,PUT,chunk_0,10,0,4096
1776916149800548,GET,chunk_0,10,0,0
1776916149800567,PUT,chunk_0,10,0,4096
1776916149800575,PUT,chunk_3,12,0,4096
1776916149800571,PUT,chunk_0,11,0,4096
1776916149800581,GET,chunk_0,12,0,0
1776916149800596,PUT,chunk_0,9,0,4096
1776916149800602,GET,chunk_1,9,0,0
1776916149800587,GET,chunk_2,12,0,0
1776916149800617,GET,chunk_2,10,0,0
1776916149800624,PUT,chunk_0,11,0,4096
1776916149800632,GET,chunk_0,10,0,0
1776916149800640,GET,chunk_0,10,0,0
1776916149800648,PUT,chunk_0,11,0,4096
1776916149800655,GET,chunk_0,10,0,0
1776916149800664,GET,chunk_3,9,0,0
1776916149800671,PUT,chunk_0,9,0,4096
1776916149800677,GET,chunk_0,8,0,0
1776916149800590,GET,chunk_0,9,0,0
1776916149800685,GET,chunk_3,8,0,0
1776916149800610,GET,chunk_0,10,0,0
1776916149800693,GET,chunk_0,12,0,0
1776916149800697,GET,chunk_0,10,0,0
1776916149800709,PUT,chunk_3,8,0,4096
1776916149800715,GET,chunk_0,9,0,0
1776916149800704,GET,chunk_0,9,0,0
1776916149800722,GET,chunk_0,8,0,0
1776916149800690,GET,chunk_0,10,0,0
1776916149800731,PUT,chunk_0,11,0,4096
1776916149800728,PUT,chunk_1,9,0,4096
1776916149800741,GET,chunk_0,9,0,0
1776916149800735,GET,chunk_0,10,0,0
1776916149800751,GET,chunk_0,11,0,0
1776916149800746,GET,chunk_0,10,0,0
1776916149800761,GET,chunk_0,9,0,0
1776916149800754,GET,chunk_0,9,0,0
1776916149800771,GET,chunk_1,11,0,0
1776916149800766,GET,chunk_1,9,0,0
1776916149800786,GET,chunk_0,9,0,0
1776916149800792,PUT,chunk_0,10,0,4096
1776916149800799,GET,chunk_0,8,0,0
1776916149800780,GET,chunk_0,9,0,0
1776916149800812,GET,chunk_0,8,0,0
1776916149800806,GET,chunk_1,8,0,0
1776916149800826,GET,chunk_0,10,0,0
1776916149800817,GET,chunk_0,11,0,0
1776916149800841,GET,chunk_0,10,0,0
1776916149800833,GET,chunk_2,11,0,0
1776916149800856,PUT,chunk_2,10,0,4096
1776916149800848,GET,chunk_0,11,0,0
1776916149800870,GET,chunk_0,8,0,0
1776916149800863,PUT,chunk_0,9,0,4096
1776916149800884,PUT,chunk_0,10,0,4096
1776916149800876,PUT,chunk_0,11,0,4096
1776916149800899,PUT,chunk_0,10,0,4096
1776916149800891,PUT,chunk_0,11,0,4096
1776916149800914,GET,chunk_0,9,0,0
1776916149800907,GET,chunk_0,11,0,0
1776916149800929,GET,chunk_0,13,0,0
1776916149800937,GET,chunk_0,11,0,0
1776916149800948,GET,chunk_0,10,0,0
1776916149800953,PUT,chunk_4,11,0,4096
1776916149800921,GET,chunk_0,11,0,0
1776916149800963,GET,chunk_0,9,0,0
1776916149800969,GET,chunk_0,9,0,0
1776916149800774,GET,chunk_0,9,0,0
1776916149800978,PUT,chunk_0,11,0,4096
1776916149800974,GET,chunk_0,10,0,0
1776916149800988,GET,chunk_3,9,0,0
1776916149800981,GET,chunk_0,10,0,0
1776916149800997,GET,chunk_0,11,0,0
1776916149800993,GET,chunk_4,9,0,0
1776916149801007,GET,chunk_0,9,0,0
1776916149801000,GET,chunk_0,10,0,0
1776916149801013,GET,chunk_3,11,0,0
1776916149801022,GET,chunk_0,10,0,0
1776916149801026,GET,chunk_0,10,0,0
1776916149801017,GET,chunk_0,11,0,0
1776916149801036,GET,chunk_0,11,0,0
1776916149801032,PUT,chunk_0,9,0,4096
1776916149801046,GET,chunk_0,10,0,0
1776916149801051,GET,chunk_0,10,0,0
1776916149801040,GET,chunk_0,11,0,0
1776916149801065,PUT,chunk_0,9,0,4096
1776916149801057,GET,chunk_0,10,0,0
1776916149801060,PUT,chunk_0,9,0,4096
1776916149801079,PUT,chunk_0,8,0,4096
1776916149801090,PUT,chunk_0,9,0,4096
1776916149801096,GET,chunk_0,9,0,0
1776916149801085,GET,chunk_0,9,0,0
1776916149801104,GET,chunk_3,8,0,0
1776916149801109,GET,chunk_0,8,0,0
1776916149801072,GET,chunk_3,9,0,0
1776916149801118,GET,chunk_0,11,0,0
1776916149801114,GET,chunk_0,10,0,0
1776916149801128,GET,chunk_0,9,0,0
1776916149801133,PUT,chunk_0,9,0,4096
1776916149801138,GET,chunk_0,10,0,0
1776916149801122,GET,chunk_4,10,0,0
1776916149801141,PUT,chunk_4,10,0,4096
1776916149801159,PUT,chunk_0,9,0,4096
1776916149801165,GET,chunk_0,9,0,0
1776916149801147,GET,chunk_0,9,0,0
1776916149801179,GET,chunk_0,8,0,0
1776916149801185,GET,chunk_0,11,0,0
1776916149801193,GET,chunk_0,10,0,0
1776916149801172,PUT,chunk_0,8,0,4096
1776916149801208,PUT,chunk_0,10,0,4096
1776916149801215,GET,chunk_0,11,0,0
1776916149801223,GET,chunk_0,10,0,0
1776916149801231,GET,chunk_0,9,0,0
1776916149801238,GET,chunk_4,8,0,0
1776916149801153,GET,chunk_0,8,0,0
1776916149801244,PUT,chunk_3,8,0,4096
1776916149801201,GET,chunk_0,10,0,0
1776916149801253,PUT,chunk_3,11,0,4096
1776916149801250,PUT,chunk_0,9,0,4096
1776916149801264,GET,chunk_0,9,0,0
1776916149801257,PUT,chunk_0,10,0,4096
1776916149801274,GET,chunk_0,11,0,0
1776916149801269,PUT,chunk_4,9,0,4096
1776916149801284,GET,chunk_4,11,0,0
1776916149801277,PUT,chunk_0,10,0,4096
1776916149801294,PUT,chunk_0,11,0,4096
1776916149801298,GET,chunk_0,10,0,0
1776916149801304,GET,chunk_0,9,0,0
1776916149801289,GET,chunk_0,10,0,0
1776916149801313,GET,chunk_0,11,0,0
1776916149801309,GET,chunk_0,9,0,0
1776916149801323,GET,chunk_0,11,0,0
1776916149801317,PUT,chunk_0,11,0,4096
1776916149801332,GET,chunk_0,10,0,0
1776916149801338,GET,chunk_0,9,0,0
1776916149801343,GET,chunk_0,10,0,0
1776916149801327,GET,chunk_4,11,0,0
1776916149801358,PUT,chunk_0,9,0,4096
1776916149801364,GET,chunk_0,11,0,0
1776916149801372,GET,chunk_0,10,0,0
1776916149801380,GET,chunk_0,10,0,0
1776916149801388,PUT,chunk_0,10,0,4096
1776916149801396,GET,chunk_4,10,0,0
1776916149801403,PUT,chunk_0,9,0,4096
1776916149801411,PUT,chunk_0,8,0,4096
1776916149801347,GET,chunk_4,9,0,0
1776916149801423,GET,chunk_0,8,0,0
1776916149801417,PUT,chunk_0,8,0,4096
1776916149801437,GET,chunk_0,10,0,0
1776916149801444,GET,chunk_0,11,0,0
1776916149801451,PUT,chunk_0,10,0,4096
1776916149801429,GET,chunk_0,11,0,0
1776916149801467,GET,chunk_4,10,0,0
1776916149801460,PUT,chunk_0,10,0,4096
1776916149801481,GET,chunk_1,8,0,0
1776916149801487,GET,chunk_0,11,0,0
1776916149801351,GET,chunk_0,9,0,0
1776916149801504,GET,chunk_0,9,0,0
1776916149801496,GET,chunk_0,10,0,0
1776916149801518,GET,chunk_2,10,0,0
1776916149801511,GET,chunk_0,11,0,0
1776916149801533,GET,chunk_0,9,0,0
1776916149801526,PUT,chunk_0,9,0,4096
1776916149801547,GET,chunk_4,10,0,0
1776916149801538,PUT,chunk_0,11,0,4096
1776916149801474,PUT,chunk_0,9,0,4096
1776916149801569,GET,chunk_0,10,0,0
1776916149801562,GET,chunk_1,10,0,0
1776916149801584,PUT,chunk_0,9,0,4096
1776916149801577,PUT,chunk_0,9,0,4096
1776916149801598,PUT,chunk_0,10,0,4096
1776916149801590,GET,chunk_0,11,0,0
1776916149801614,GET,chunk_2,10,0,0
1776916149801606,GET,chunk_0,10,0,0
1776916149801628,GET,chunk_4,9,0,0
1776916149801621,PUT,chunk_0,10,0,4096
1776916149801642,GET,chunk_0,10,0,0
1776916149801635,GET,chunk_0,10,0,0
1776916149801658,GET,chunk_0,9,0,0
1776916149801650,PUT,chunk_0,11,0,4096
1776916149801672,GET,chunk_0,10,0,0
1776916149801665,PUT,chunk_3,11,0,4096
1776916149801687,GET,chunk_3,10,0,0
1776916149801680,GET,chunk_0,10,0,0
1776916149801702,PUT,chunk_0,10,0,4096
1776916149801695,GET,chunk_2,10,0,0
1776916149801718,GET,chunk_1,8,0,0
1776916149801710,GET,chunk_0,10,0,0
1776916149801732,PUT,chunk_0,10,0,4096
1776916149801724,GET,chunk_0,11,0,0
1776916149801747,GET,chunk_4,10,0,0
1776916149801739,GET,chunk_0,11,0,0
1776916149801762,GET,chunk_0,9,0,0
1776916149801754,GET,chunk_3,11,0,0
1776916149801777,GET,chunk_0,10,0,0
1776916149801769,GET,chunk_0,11,0,0
1776916149801792,GET,chunk_3,10,0,0
1776916149801784,GET,chunk_2,11,0,0
1776916149801807,GET,chunk_4,11,0,0
1776916149801799,PUT,chunk_0,10,0,4096
1776916149801822,PUT,chunk_0,8,0,4096
1776916149801814,PUT,chunk_0,10,0,4096
1776916149801835,GET,chunk_0,10,0,0
1776916149801828,GET,chunk_0,10,0,0
1776916149801850,PUT,chunk_0,10,0,4096
1776916149801843,PUT,chunk_0,10,0,4096
1776916149801865,PUT,chunk_0,9,0,4096
1776916149801858,PUT,chunk_3,11,0,4096
1776916149801879,GET,chunk_2,8,0,0
1776916149801872,GET,chunk_1,9,0,0
1776916149801892,GET,chunk_0,10,0,0
1776916149801885,GET,chunk_0,11,0,0
1776916149801907,PUT,chunk_3,10,0,4096
1776916149801900,PUT,chunk_0,11,0,4096
1776916149801922,GET,chunk_0,10,0,0
1776916149801915,GET,chunk_0,10,0,0
1776916149801937,GET,chunk_0,9,0,0
1776916149801930,GET,chunk_0,10,0,0
1776916149801951,GET,chunk_0,10,0,0
1776916149801554,GET,chunk_0,11,0,0
1776916149801959,GET,chunk_0,10,0,0
1776916149801966,PUT,chunk_0,11,0,4096
1776916149801943,GET,chunk_0,11,0,0
1776916149801976,PUT,chunk_4,13,0,4096
1776916149801970,GET,chunk_0,12,0,0
1776916149801988,PUT,chunk_1,10,0,4096
1776916149801981,GET,chunk_0,11,0,0
1776916149801998,GET,chunk_1,11,0,0
1776916149801993,PUT,chunk_0,10,0,4096
1776916149802008,PUT,chunk_0,10,0,4096
1776916149802002,GET,chunk_0,10,0,0
1776916149802017,GET,chunk_0,11,0,0
1776916149802013,GET,chunk_0,9,0,0
1776916149802027,GET,chunk_1,10,0,0
1776916149802033,GET,chunk_0,9,0,0
1776916149802038,PUT,chunk_0,10,0,4096
1776916149802041,PUT,chunk_0,9,0,4096
1776916149802052,GET,chunk_0,9,0,0
1776916149802058,GET,chunk_0,10,0,0
1776916149802066,GET,chunk_0,10,0,0
1776916149802074,PUT,chunk_4,10,0,4096
1776916149802081,GET,chunk_0,10,0,0
1776916149802089,GET,chunk_0,10,0,0
1776916149802096,GET,chunk_0,10,0,0
1776916149802104,GET,chunk_0,10,0,0
1776916149802112,GET,chunk_4,8,0,0
1776916149802046,PUT,chunk_4,9,0,4096
1776916149802124,GET,chunk_0,8,0,0
1776916149802130,GET,chunk_0,11,0,0
1776916149802138,GET,chunk_0,10,0,0
1776916149802146,GET,chunk_0,10,0,0
1776916149802153,GET,chunk_0,10,0,0
1776916149802161,GET,chunk_0,10,0,0
1776916149802168,PUT,chunk_2,10,0,4096
1776916149802176,PUT,chunk_0,9,0,4096
1776916149802021,PUT,chunk_0,10,0,4096
1776916149802189,GET,chunk_4,8,0,0
1776916149802183,GET,chunk_0,8,0,0
1776916149802203,GET,chunk_3,10,0,0
1776916149802210,GET,chunk_0,12,0,0
1776916149802218,GET,chunk_0,10,0,0
1776916149802118,GET,chunk_0,8,0,0
1776916149802195,PUT,chunk_0,12,0,4096
1776916149802233,GET,chunk_0,11,0,0
1776916149802227,GET,chunk_4,10,0,0
1776916149802245,GET,chunk_0,10,0,0
1776916149802239,GET,chunk_0,11,0,0
1776916149802254,GET,chunk_0,9,0,0
1776916149802259,PUT,chunk_0,9,0,4096
1776916149802264,PUT,chunk_0,10,0,4096
1776916149802267,GET,chunk_0,10,0,0
1776916149802279,PUT,chunk_3,9,0,4096
1776916149802285,GET,chunk_0,10,0,0
1776916149802248,PUT,chunk_2,9,0,4096
1776916149802272,GET,chunk_0,8,0,0
1776916149802307,PUT,chunk_0,11,0,4096
1776916149802316,PUT,chunk_0,11,0,4096
1776916149802324,GET,chunk_0,10,0,0
1776916149802331,PUT,chunk_0,10,0,4096
1776916149802339,GET,chunk_0,11,0,0
1776916149802300,GET,chunk_0,10,0,0
1776916149802355,GET,chunk_0,9,0,0
1776916149802346,GET,chunk_0,12,0,0
1776916149802370,PUT,chunk_0,11,0,4096
1776916149802377,GET,chunk_0,11,0,0
1776916149802386,GET,chunk_2,9,0,0
1776916149802363,GET,chunk_0,11,0,0
1776916149802400,GET,chunk_0,8,0,0
1776916149802405,PUT,chunk_1,11,0,4096
1776916149802413,GET,chunk_0,10,0,0
1776916149802394,GET,chunk_0,8,0,0
1776916149802428,GET,chunk_0,10,0,0
1776916149802435,GET,chunk_0,10,0,0
1776916149802444,GET,chunk_0,8,0,0
1776916149802450,GET,chunk_0,8,0,0
1776916149802456,PUT,chunk_0,8,0,4096
1776916149802422,GET,chunk_0,10,0,0
1776916149802469,GET,chunk_1,8,0,0
1776916149802475,PUT,chunk_0,11,0,4096
1776916149802482,GET,chunk_0,10,0,0
1776916149802462,PUT,chunk_0,8,0,4096
1776916149802497,GET,chunk_0,10,0,0
1776916149802505,GET,chunk_0,10,0,0
1776916149802512,GET,chunk_0,10,0,0
1776916149802490,GET,chunk_3,10,0,0
1776916149802528,GET,chunk_0,9,0,0
1776916149802533,GET,chunk_1,11,0,0
1776916149802541,GET,chunk_0,10,0,0
1776916149802549,PUT,chunk_0,10,0,4096
1776916149802557,GET,chunk_0,10,0,0
1776916149802565,GET,chunk_2,10,0,0
1776916149802573,GET,chunk_0,9,0,0
1776916149802580,GET,chunk_2,8,0,0
1776916149802586,GET,chunk_0,8,0,0
1776916149802293,GET,chunk_0,10,0,0
1776916149802592,GET,chunk_1,9,0,0
1776916149802521,GET,chunk_0,9,0,0
1776916149802601,GET,chunk_1,12,0,0
1776916149802605,PUT,chunk_1,10,0,4096
1776916149802618,GET,chunk_2,8,0,0
1776916149802623,GET,chunk_0,8,0,0
1776916149802598,GET,chunk_0,9,0,0
1776916149802636,GET,chunk_4,8,0,0
1776916149802630,GET,chunk_0,8,0,0
1776916149802650,GET,chunk_0,10,0,0
1776916149802642,PUT,chunk_0,11,0,4096
1776916149802665,GET,chunk_0,9,0,0
1776916149802657,GET,chunk_0,10,0,0
1776916149802680,PUT,chunk_0,10,0,4096
1776916149802673,PUT,chunk_0,11,0,4096
1776916149802696,GET,chunk_0,10,0,0
1776916149802704,GET,chunk_0,10,0,0
1776916149802688,GET,chunk_0,12,0,0
1776916149802611,GET,chunk_0,9,0,0
1776916149802719,GET,chunk_0,10,0,0
1776916149802713,PUT,chunk_0,10,0,4096
1776916149802730,PUT,chunk_0,11,0,4096
1776916149802733,GET,chunk_0,10,0,0
1776916149802745,GET,chunk_0,8,0,0
1776916149802751,PUT,chunk_0,8,0,4096
1776916149802739,GET,chunk_0,9,0,0
1776916149802758,PUT,chunk_0,8,0,4096
1776916149802763,GET,chunk_0,9,0,0
1776916149802725,GET,chunk_2,10,0,0
1776916149802771,GET,chunk_0,10,0,0
1776916149802776,PUT,chunk_0,10,0,4096
1776916149802767,GET,chunk_0,10,0,0
1776916149802786,PUT,chunk_0,10,0,4096
1776916149802789,GET,chunk_0,10,0,0
1776916149802795,GET,chunk_0,10,0,0
1776916149802781,GET,chunk_0,9,0,0
1776916149802799,PUT,chunk_0,13,0,4096
1776916149802814,GET,chunk_3,9,0,0
1776916149802821,GET,chunk_0,8,0,0
1776916149802809,GET,chunk_0,9,0,0
1776916149802804,GET,chunk_0,12,0,0
1776916149802839,PUT,chunk_0,9,0,4096
1776916149802846,GET,chunk_0,10,0,0
1776916149802853,GET,chunk_0,10,0,0
1776916149802828,GET,chunk_0,8,0,0
1776916149802862,GET,chunk_2,11,0,0
1776916149802870,GET,chunk_1,12,0,0
1776916149802873,GET,chunk_0,13,0,0
1776916149802879,PUT,chunk_1,11,0,4096
1776916149802834,GET,chunk_0,8,0,0
1776916149802897,GET,chunk_3,10,0,0
1776916149802887,GET,chunk_1,12,0,0
1776916149802905,GET,chunk_0,9,0,0
1776916149802890,GET,chunk_0,12,0,0
1776916149802912,PUT,chunk_0,9,0,4096
1776916149802915,GET,chunk_0,11,0,0
1776916149802923,GET,chunk_3,10,0,0
1776916149802919,GET,chunk_0,10,0,0
1776916149802926,PUT,chunk_0,9,0,4096
1776916149802940,PUT,chunk_0,11,0,4096
1776916149802946,GET,chunk_0,10,0,0
1776916149802940,GET,chunk_0,11,0,0
1776916149802955,PUT,chunk_0,8,0,4096
1776916149802960,GET,chunk_0,8,0,0
1776916149802943,PUT,chunk_0,10,0,4096
1776916149802965,PUT,chunk_0,10,0,4096
1776916149802978,GET,chunk_0,9,0,0
1776916149802984,GET,chunk_0,8,0,0
1776916149802972,PUT,chunk_0,9,0,4096
1776916149802992,GET,chunk_0,8,0,0
1776916149802969,PUT,chunk_0,10,0,4096
1776916149803001,GET,chunk_0,11,0,0
1776916149802997,GET,chunk_0,9,0,0
1776916149803011,GET,chunk_0,9,0,0
1776916149803005,GET,chunk_0,10,0,0
1776916149803021,PUT,chunk_0,10,0,4096
1776916149803016,PUT,chunk_4,9,0,4096
1776916149803030,GET,chunk_0,9,0,0
1776916149803035,PUT,chunk_0,9,0,4096
1776916149803040,PUT,chunk_0,11,0,4096
1776916149803023,GET,chunk_0,10,0,0
1776916149803055,GET,chunk_0,10,0,0
1776916149803061,GET,chunk_0,11,0,0
1776916149803070,GET,chunk_0,10,0,0
1776916149803078,GET,chunk_0,10,0,0
1776916149803085,PUT,chunk_0,10,0,4096
1776916149803093,GET,chunk_4,10,0,0
1776916149803101,GET,chunk_0,10,0,0
1776916149803108,GET,chunk_0,8,0,0
1776916149803115,GET,chunk_0,9,0,0
1776916149803121,GET,chunk_0,8,0,0
1776916149803049,GET,chunk_0,9,0,0
1776916149803128,PUT,chunk_0,8,0,4096
1776916149803043,GET,chunk_0,11,0,0
1776916149803136,GET,chunk_0,11,0,0
1776916149803133,GET,chunk_0,9,0,0
1776916149803147,GET,chunk_1,9,0,0
1776916149803141,GET,chunk_0,9,0,0
1776916149803157,GET,chunk_0,11,0,0
1776916149803152,PUT,chunk_0,9,0,4096
1776916149803166,GET,chunk_0,9,0,0
1776916149803160,GET,chunk_0,9,0,0
1776916149803172,GET,chunk_0,10,0,0
1776916149803186,GET,chunk_2,9,0,0
1776916149803192,PUT,chunk_4,8,0,4096
1776916149803176,PUT,chunk_0,12,0,4096
1776916149803205,GET,chunk_0,8,0,0
1776916149803211,PUT,chunk_0,11,0,4096
1776916149803219,PUT,chunk_0,10,0,4096
1776916149803199,PUT,chunk_4,8,0,4096
1776916149803234,GET,chunk_0,10,0,0
1776916149803227,PUT,chunk_0,10,0,4096
1776916149803249,GET,chunk_2,9,0,0
1776916149803241,GET,chunk_0,11,0,0
1776916149803263,GET,chunk_0,9,0,0
1776916149803257,PUT,chunk_4,9,0,4096
1776916149803277,PUT,chunk_0,10,0,4096
1776916149803269,GET,chunk_0,11,0,0
1776916149803179,GET,chunk_0,11,0,0
1776916149803299,PUT,chunk_1,10,0,4096
1776916149803307,GET,chunk_0,9,0,0
1776916149803285,GET,chunk_0,10,0,0
1776916149803320,PUT,chunk_0,8,0,4096
1776916149803314,PUT,chunk_0,8,0,4096
1776916149803334,GET,chunk_0,10,0,0
1776916149803292,GET,chunk_0,10,0,0
1776916149803326,PUT,chunk_0,11,0,4096
1776916149803344,GET,chunk_0,11,0,0
1776916149803363,PUT,chunk_0,12,0,4096
1776916149803350,GET,chunk_0,10,0,0
1776916149803374,PUT,chunk_0,11,0,4096
1776916149803380,GET,chunk_0,14,0,0
1776916149803384,GET,chunk_0,15,0,0
1776916149803357,GET,chunk_0,11,0,0
1776916149803390,GET,chunk_0,11,0,0
1776916149803410,PUT,chunk_0,10,0,4096
1776916149803417,GET,chunk_1,9,0,0
1776916149803425,PUT,chunk_0,8,0,4096
1776916149803402,PUT,chunk_4,11,0,4096
1776916149803437,PUT,chunk_0,8,0,4096
1776916149803405,GET,chunk_0,10,0,0
1776916149803450,GET,chunk_0,9,0,0
1776916149803432,GET,chunk_1,8,0,0
1776916149803446,GET,chunk_3,9,0,0
1776916149803460,GET,chunk_3,13,0,0
1776916149803465,PUT,chunk_0,16,0,4096
1776916149803477,PUT,chunk_0,13,0,4096
1776916149803485,GET,chunk_0,11,0,0
1776916149803491,PUT,chunk_0,13,0,4096
1776916149803494,GET,chunk_0,12,0,0
1776916149803509,PUT,chunk_1,8,0,4096
1776916149803470,PUT,chunk_0,15,0,4096
1776916149803501,GET,chunk_0,10,0,0
1776916149803516,GET,chunk_0,10,0,0
1776916149803536,GET,chunk_0,12,0,0
1776916149803523,GET,chunk_0,10,0,0
1776916149803529,GET,chunk_0,13,0,0
1776916149803553,GET,chunk_4,12,0,0
1776916149803547,GET,chunk_0,12,0,0
1776916149803565,PUT,chunk_0,11,0,4096
1776916149803569,GET,chunk_0,10,0,0
1776916149803575,GET,chunk_4,10,0,0
1776916149803579,PUT,chunk_0,10,0,4096
1776916149803584,PUT,chunk_0,9,0,4096
1776916149803589,PUT,chunk_0,9,0,4096
1776916149803593,GET,chunk_1,10,0,0
1776916149803558,PUT,chunk_1,12,0,4096
1776916149803602,GET,chunk_0,10,0,0
1776916149803606,GET,chunk_0,10,0,0
1776916149803613,GET,chunk_0,10,0,0
1776916149803621,GET,chunk_0,8,0,0
1776916149803628,GET,chunk_0,9,0,0
1776916149803634,PUT,chunk_0,10,0,4096
1776916149803616,GET,chunk_0,10,0,0
1776916149803643,GET,chunk_0,10,0,0
1776916149803597,GET,chunk_0,10,0,0
1776916149803650,PUT,chunk_0,12,0,4096
1776916149803666,GET,chunk_0,11,0,0
1776916149803674,GET,chunk_0,10,0,0
1776916149803658,GET,chunk_2,12,0,0
1776916149803654,GET,chunk_0,14,0,0
1776916149803693,GET,chunk_4,9,0,0
1776916149803699,PUT,chunk_4,9,0,4096
1776916149803688,PUT,chunk_0,8,0,4096
1776916149803683,GET,chunk_0,8,0,0
1776916149803718,GET,chunk_0,9,0,0
1776916149803724,GET,chunk_0,10,0,0
1776916149803713,GET,chunk_2,8,0,0
1776916149803707,PUT,chunk_0,8,0,4096
1776916149803739,GET,chunk_3,11,0,0
1776916149803732,GET,chunk_0,10,0,0
1776916149803752,GET,chunk_0,13,0,0
1776916149803745,GET,chunk_3,12,0,0
1776916149803764,PUT,chunk_3,12,0,4096
1776916149803754,GET,chunk_2,13,0,0
1776916149803776,GET,chunk_0,12,0,0
1776916149803770,GET,chunk_4,12,0,0
1776916149803787,GET,chunk_2,9,0,0
1776916149803792,GET,chunk_0,9,0,0
1776916149803798,GET,chunk_0,10,0,0
1776916149803800,GET,chunk_0,10,0,0
1776916149803812,PUT,chunk_0,9,0,4096
1776916149803806,GET,chunk_4,8,0,0
1776916149803827,GET,chunk_0,10,0,0
1776916149803819,PUT,chunk_0,10,0,4096
1776916149803842,PUT,chunk_2,11,0,4096
1776916149803850,GET,chunk_0,11,0,0
1776916149803858,PUT,chunk_0,9,0,4096
1776916149803780,GET,chunk_0,10,0,0
1776916149803834,GET,chunk_0,11,0,0
1776916149803876,GET,chunk_0,9,0,0
1776916149803882,GET,chunk_2,9,0,0
1776916149803871,PUT,chunk_2,8,0,4096
1776916149803890,PUT,chunk_0,12,0,4096
1776916149803897,GET,chunk_1,11,0,0
1776916149803866,PUT,chunk_0,8,0,4096
1776916149803907,PUT,chunk_0,13,0,4096
1776916149803902,GET,chunk_0,13,0,0
1776916149803920,GET,chunk_0,14,0,0
1776916149803925,PUT,chunk_0,13,0,4096
1776916149803931,GET,chunk_0,11,0,0
1776916149803912,GET,chunk_1,14,0,0
1776916149803943,GET,chunk_0,10,0,0
1776916149803946,PUT,chunk_3,10,0,4096
1776916149803952,GET,chunk_0,10,0,0
1776916149803958,GET,chunk_3,10,0,0
1776916149803961,GET,chunk_0,10,0,0
1776916149803967,PUT,chunk_0,9,0,4096
1776916149803971,GET,chunk_0,9,0,0
1776916149803976,PUT,chunk_4,9,0,4096
1776916149803979,GET,chunk_0,10,0,0
1776916149803984,PUT,chunk_0,9,0,4096
1776916149803989,PUT,chunk_0,9,0,4096
1776916149803993,GET,chunk_0,10,0,0
1776916149803997,GET,chunk_0,10,0,0
1776916149804002,GET,chunk_0,9,0,0
1776916149804006,PUT,chunk_4,10,0,4096
1776916149804011,GET,chunk_0,10,0,0
1776916149804016,GET,chunk_0,10,0,0
1776916149804021,PUT,chunk_0,9,0,4096
1776916149804025,GET,chunk_0,9,0,0
1776916149803938,GET,chunk_0,11,0,0
1776916149804034,GET,chunk_4,10,0,0
1776916149804038,GET,chunk_2,10,0,0
1776916149804030,GET,chunk_0,10,0,0
1776916149804053,GET,chunk_0,9,0,0
1776916149804059,PUT,chunk_0,9,0,4096
1776916149804048,GET,chunk_0,9,0,0
1776916149804045,PUT,chunk_0,10,0,4096
1776916149804073,GET,chunk_0,8,0,0
1776916149804077,PUT,chunk_0,9,0,4096
1776916149804082,GET,chunk_4,10,0,0
1776916149804085,GET,chunk_0,10,0,0
1776916149804091,PUT,chunk_0,9,0,4096
1776916149804067,GET,chunk_0,8,0,0
1776916149804100,GET,chunk_2,11,0,0
1776916149804095,PUT,chunk_0,9,0,4096
1776916149804110,GET,chunk_0,9,0,0
1776916149804115,GET,chunk_0,9,0,0
1776916149804121,GET,chunk_4,10,0,0
1776916149804103,GET,chunk_0,10,0,0
1776916149804136,PUT,chunk_3,8,0,4096
1776916149804124,PUT,chunk_0,10,0,4096
1776916149804143,GET,chunk_0,11,0,0
1776916149804150,GET,chunk_3,11,0,0
1776916149804129,PUT,chunk_0,9,0,4096
1776916149804160,PUT,chunk_0,13,0,4096
1776916149804172,GET,chunk_0,12,0,0
1776916149804179,PUT,chunk_0,10,0,4096
1776916149804189,PUT,chunk_0,8,0,4096
1776916149804194,PUT,chunk_0,9,0,4096
1776916149804165,PUT,chunk_0,12,0,4096
1776916149804208,GET,chunk_0,8,0,0
1776916149804155,GET,chunk_0,14,0,0
1776916149804216,GET,chunk_0,10,0,0
1776916149804220,GET,chunk_0,10,0,0
1776916149804202,GET,chunk_0,8,0,0
1776916149804228,PUT,chunk_0,11,0,4096
1776916149804234,GET,chunk_0,10,0,0
1776916149804238,PUT,chunk_0,10,0,4096
1776916149804246,PUT,chunk_0,10,0,4096
1776916149804253,GET,chunk_0,9,0,0
1776916149804247,PUT,chunk_3,10,0,4096
1776916149804261,GET,chunk_2,9,0,0
1776916149804266,GET,chunk_0,9,0,0
1776916149804230,PUT,chunk_2,10,0,4096
1776916149804280,GET,chunk_0,9,0,0
1776916149804268,GET,chunk_4,10,0,0
1776916149804275,GET,chunk_0,8,0,0
1776916149804295,GET,chunk_0,8,0,0
1776916149804288,PUT,chunk_0,9,0,4096
1776916149804304,GET,chunk_0,10,0,0
1776916149804299,PUT,chunk_0,9,0,4096
1776916149804319,PUT,chunk_0,9,0,4096
1776916149804325,PUT,chunk_2,9,0,4096
1776916149804313,GET,chunk_0,9,0,0
1776916149804307,GET,chunk_0,10,0,0
1776916149804343,GET,chunk_0,9,0,0
1776916149804349,GET,chunk_0,10,0,0
1776916149804332,GET,chunk_0,8,0,0
1776916149804364,GET,chunk_0,10,0,0
1776916149804371,GET,chunk_0,11,0,0
1776916149804379,GET,chunk_0,10,0,0
1776916149804387,GET,chunk_0,10,0,0
1776916149804394,GET,chunk_0,11,0,0
1776916149804402,GET,chunk_0,8,0,0
1776916149804357,PUT,chunk_4,10,0,4096
1776916149804409,PUT,chunk_0,8,0,4096
1776916149804414,PUT,chunk_0,9,0,4096
1776916149804338,GET,chunk_4,8,0,0
1776916149804418,PUT,chunk_0,11,0,4096
1776916149804427,GET,chunk_0,10,0,0
1776916149804432,PUT,chunk_0,10,0,4096
1776916149804438,GET,chunk_0,10,0,0
1776916149804441,PUT,chunk_0,10,0,4096
1776916149804452,GET,chunk_0,9,0,0
1776916149804458,PUT,chunk_0,10,0,4096
1776916149804466,PUT,chunk_0,10,0,4096
1776916149804473,GET,chunk_0,11,0,0
1776916149804482,GET,chunk_0,10,0,0
1776916149804490,PUT,chunk_0,10,0,4096
1776916149804497,PUT,chunk_0,10,0,4096
1776916149804505,GET,chunk_0,10,0,0
1776916149804446,GET,chunk_0,9,0,0
1776916149804513,PUT,chunk_0,8,0,4096
1776916149804422,GET,chunk_0,11,0,0
1776916149804522,PUT,chunk_0,12,0,4096
1776916149804519,PUT,chunk_3,9,0,4096
1776916149804532,GET,chunk_4,9,0,0
1776916149804538,GET,chunk_0,9,0,0
1776916149804542,GET,chunk_0,10,0,0
1776916149804545,GET,chunk_0,9,0,0
1776916149804556,GET,chunk_0,8,0,0
1776916149804562,GET,chunk_0,8,0,0
1776916149804526,GET,chunk_0,9,0,0
1776916149804575,GET,chunk_0,8,0,0
1776916149804581,GET,chunk_0,11,0,0
1776916149804588,PUT,chunk_0,10,0,4096
1776916149804597,PUT,chunk_2,10,0,4096
1776916149804604,GET,chunk_0,10,0,0
1776916149804612,GET,chunk_0,10,0,0
1776916149804619,GET,chunk_0,10,0,0
1776916149804627,GET,chunk_0,10,0,0
1776916149804634,PUT,chunk_0,9,0,4096
1776916149804569,GET,chunk_0,8,0,0
1776916149804648,GET,chunk_0,8,0,0
1776916149804641,PUT,chunk_0,8,0,4096
1776916149804661,GET,chunk_0,10,0,0
1776916149804653,PUT,chunk_0,11,0,4096
1776916149804676,GET,chunk_0,10,0,0
1776916149804669,PUT,chunk_0,11,0,4096
1776916149804691,GET,chunk_2,9,0,0
1776916149804684,PUT,chunk_0,10,0,4096
1776916149804706,PUT,chunk_0,9,0,4096
1776916149804712,GET,chunk_0,11,0,0
1776916149804550,GET,chunk_0,8,0,0
1776916149804728,GET,chunk_0,9,0,0
1776916149804720,PUT,chunk_0,10,0,4096
1776916149804743,GET,chunk_0,10,0,0
1776916149804736,PUT,chunk_0,11,0,4096
1776916149804758,GET,chunk_4,8,0,0
1776916149804751,PUT,chunk_0,9,0,4096
1776916149804699,GET,chunk_1,9,0,0
1776916149804779,GET,chunk_4,10,0,0
1776916149804786,GET,chunk_1,10,0,0
1776916149804764,GET,chunk_0,11,0,0
1776916149804801,PUT,chunk_0,11,0,4096
1776916149804794,GET,chunk_0,10,0,0
1776916149804818,PUT,chunk_0,10,0,4096
1776916149804771,GET,chunk_0,10,0,0
1776916149804826,GET,chunk_0,11,0,0
1776916149804808,PUT,chunk_0,11,0,4096
1776916149804837,PUT,chunk_0,13,0,4096
1776916149804833,GET,chunk_0,12,0,0
1776916149804850,GET,chunk_0,11,0,0
1776916149804842,GET,chunk_0,12,0,0
1776916149804855,GET,chunk_0,11,0,0
1776916149804870,GET,chunk_1,9,0,0
1776916149804876,PUT,chunk_0,9,0,4096
1776916149804864,PUT,chunk_0,10,0,4096
1776916149804884,GET,chunk_0,10,0,0
1776916149804860,PUT,chunk_0,11,0,4096
1776916149804894,GET,chunk_0,17,0,0
1776916149804910,PUT,chunk_0,11,0,4096
1776916149804918,PUT,chunk_0,11,0,4096
1776916149804926,GET,chunk_0,11,0,0
1776916149804933,PUT,chunk_0,9,0,4096
1776916149804899,GET,chunk_0,14,0,0
1776916149804947,GET,chunk_0,9,0,0
1776916149804941,PUT,chunk_0,8,0,4096
1776916149804961,GET,chunk_2,10,0,0
1776916149804968,GET,chunk_0,11,0,0
1776916149804976,GET,chunk_0,10,0,0
1776916149804984,GET,chunk_0,10,0,0
1776916149804992,GET,chunk_0,10,0,0
1776916149804999,PUT,chunk_0,9,0,4096
1776916149805006,GET,chunk_0,8,0,0
1776916149804890,GET,chunk_0,14,0,0
1776916149805012,GET,chunk_4,8,0,0
1776916149805018,GET,chunk_1,9,0,0
1776916149805021,GET,chunk_0,10,0,0
1776916149805028,PUT,chunk_0,10,0,4096
1776916149804952,PUT,chunk_0,11,0,4096
1776916149805042,GET,chunk_0,9,0,0
1776916149805048,PUT,chunk_0,11,0,4096
1776916149805057,GET,chunk_4,10,0,0
1776916149805036,GET,chunk_3,9,0,0
1776916149805072,GET,chunk_0,10,0,0
1776916149805065,GET,chunk_0,10,0,0
1776916149805087,PUT,chunk_0,11,0,4096
1776916149805095,GET,chunk_0,10,0,0
1776916149805102,GET,chunk_0,8,0,0
1776916149805079,GET,chunk_0,11,0,0
1776916149805114,GET,chunk_0,8,0,0
1776916149805108,GET,chunk_2,8,0,0
1776916149805128,GET,chunk_0,10,0,0
1776916149805120,GET,chunk_0,11,0,0
1776916149805031,GET,chunk_0,10,0,0
1776916149805151,GET,chunk_2,11,0,0
1776916149805158,PUT,chunk_0,10,0,4096
1776916149805135,GET,chunk_4,11,0,0
1776916149805174,PUT,chunk_3,11,0,4096
1776916149805166,GET,chunk_0,10,0,0
1776916149805190,GET,chunk_3,10,0,0
1776916149805181,GET,chunk_4,11,0,0
1776916149805205,GET,chunk_0,10,0,0
1776916149805197,GET,chunk_1,10,0,0
1776916149805219,PUT,chunk_0,9,0,4096
1776916149805212,GET,chunk_0,9,0,0
1776916149805233,GET,chunk_0,10,0,0
1776916149805225,GET,chunk_0,11,0,0
1776916149805248,GET,chunk_0,10,0,0
1776916149805241,GET,chunk_0,11,0,0
1776916149805264,GET,chunk_0,9,0,0
1776916149805255,GET,chunk_0,10,0,0
1776916149805278,GET,chunk_0,10,0,0
1776916149805271,GET,chunk_1,11,0,0
1776916149805293,PUT,chunk_0,9,0,4096
1776916149805285,GET,chunk_0,11,0,0
1776916149805308,GET,chunk_0,10,0,0
1776916149805301,GET,chunk_0,10,0,0
1776916149805323,PUT,chunk_4,8,0,4096
1776916149805316,GET,chunk_0,9,0,0
1776916149805336,GET,chunk_0,10,0,0
1776916149805329,GET,chunk_0,11,0,0
1776916149805351,PUT,chunk_0,10,0,4096
1776916149805343,GET,chunk_0,10,0,0
1776916149805143,PUT,chunk_0,10,0,4096
1776916149805373,GET,chunk_0,10,0,0
1776916149805379,PUT,chunk_0,11,0,4096
1776916149805359,GET,chunk_4,11,0,0
1776916149805395,GET,chunk_0,10,0,0
1776916149805388,GET,chunk_0,10,0,0
1776916149805411,PUT,chunk_0,10,0,4096
1776916149805402,GET,chunk_0,11,0,0
1776916149805425,GET,chunk_0,9,0,0
1776916149805418,PUT,chunk_0,9,0,4096
1776916149805439,PUT,chunk_0,10,0,4096
1776916149805431,PUT,chunk_0,11,0,4096
1776916149805454,GET,chunk_3,10,0,0
1776916149805446,PUT,chunk_0,10,0,4096
1776916149805469,GET,chunk_0,9,0,0
1776916149805462,GET,chunk_0,10,0,0
1776916149805484,GET,chunk_0,10,0,0
1776916149805476,GET,chunk_3,11,0,0
1776916149805499,PUT,chunk_0,9,0,4096
1776916149805491,GET,chunk_0,10,0,0
1776916149805514,PUT,chunk_0,10,0,4096
1776916149805506,PUT,chunk_1,11,0,4096
1776916149805528,GET,chunk_0,9,0,0
1776916149805534,GET,chunk_0,11,0,0
1776916149805366,PUT,chunk_0,9,0,4096
1776916149805550,GET,chunk_0,9,0,0
1776916149805542,GET,chunk_4,10,0,0
1776916149805521,GET,chunk_0,9,0,0
1776916149805572,PUT,chunk_0,10,0,4096
1776916149805578,PUT,chunk_0,11,0,4096
1776916149805558,GET,chunk_0,11,0,0
1776916149805594,GET,chunk_0,10,0,0
1776916149805587,GET,chunk_4,10,0,0
1776916149805565,GET,chunk_0,10,0,0
1776916149805602,PUT,chunk_0,11,0,4096
1776916149805609,PUT,chunk_0,11,0,4096
1776916149805616,GET,chunk_2,10,0,0
1776916149805622,PUT,chunk_4,9,0,4096
1776916149805628,GET,chunk_0,9,0,0
1776916149805634,GET,chunk_0,9,0,0
1776916149805639,GET,chunk_1,9,0,0
1776916149805645,GET,chunk_2,9,0,0
1776916149805650,GET,chunk_0,8,0,0
1776916149805656,GET,chunk_0,8,0,0
1776916149805661,GET,chunk_0,8,0,0
1776916149805666,GET,chunk_4,8,0,0
1776916149805671,GET,chunk_0,8,0,0
1776916149805677,GET,chunk_1,8,0,0
1776916149805682,GET,chunk_0,8,0,0
1776916149805688,GET,chunk_0,9,0,0
1776916149805693,GET,chunk_0,9,0,0
1776916149805698,GET,chunk_0,9,0,0
1776916149805703,GET,chunk_0,8,0,0
1776916149805709,GET,chunk_4,8,0,0
1776916149805719,GET,chunk_0,9,0,0
1776916149805724,PUT,chunk_0,9,0,4096
1776916149805729,PUT,chunk_0,10,0,4096
1776916149805714,GET,chunk_0,8,0,0
1776916149805737,GET,chunk_0,8,0,0
1776916149805731,PUT,chunk_0,10,0,4096
1776916149805743,GET,chunk_0,11,0,0
1776916149805757,PUT,chunk_0,9,0,4096
1776916149805762,GET,chunk_0,9,0,0
1776916149805747,PUT,chunk_0,11,0,4096
1776916149805777,GET,chunk_0,10,0,0
1776916149805770,GET,chunk_2,10,0,0
1776916149805792,PUT,chunk_0,10,0,4096
1776916149805784,GET,chunk_1,11,0,0
1776916149805807,PUT,chunk_0,10,0,4096
1776916149805799,GET,chunk_0,11,0,0
1776916149805822,GET,chunk_0,8,0,0
1776916149805815,GET,chunk_0,9,0,0
1776916149805836,PUT,chunk_0,10,0,4096
1776916149805828,PUT,chunk_0,11,0,4096
1776916149805851,PUT,chunk_0,10,0,4096
1776916149805843,GET,chunk_0,10,0,0
1776916149805867,PUT,chunk_0,9,0,4096
1776916149805859,GET,chunk_0,11,0,0
1776916149805881,GET,chunk_0,10,0,0
1776916149805873,GET,chunk_0,10,0,0
1776916149805896,PUT,chunk_0,9,0,4096
1776916149805904,GET,chunk_0,10,0,0
1776916149805749,PUT,chunk_0,10,0,4096
1776916149805919,PUT,chunk_0,9,0,4096
1776916149805913,PUT,chunk_0,9,0,4096
1776916149805934,PUT,chunk_0,10,0,4096
1776916149805926,GET,chunk_0,11,0,0
1776916149805949,GET,chunk_1,9,0,0
1776916149805941,GET,chunk_3,11,0,0
1776916149805964,PUT,chunk_0,10,0,4096
1776916149805971,GET,chunk_0,9,0,0
1776916149805888,PUT,chunk_1,11,0,4096
1776916149805986,GET,chunk_0,10,0,0
1776916149805979,GET,chunk_0,10,0,0
1776916149806001,GET,chunk_1,10,0,0
1776916149805993,GET,chunk_0,10,0,0
1776916149806017,PUT,chunk_0,9,0,4096
1776916149806009,GET,chunk_4,11,0,0
1776916149806031,GET,chunk_0,10,0,0
1776916149806024,GET,chunk_0,10,0,0
1776916149806047,GET,chunk_0,10,0,0
1776916149806039,GET,chunk_1,11,0,0
1776916149805957,GET,chunk_1,11,0,0
1776916149806069,PUT,chunk_0,10,0,4096
1776916149806076,PUT,chunk_0,11,0,4096
1776916149806054,GET,chunk_0,11,0,0
1776916149806092,GET,chunk_0,11,0,0
1776916149806099,GET,chunk_0,11,0,0
1776916149806061,GET,chunk_0,10,0,0
1776916149806115,GET,chunk_3,10,0,0
1776916149806108,PUT,chunk_0,10,0,4096
1776916149806129,PUT,chunk_0,9,0,4096
1776916149806123,GET,chunk_0,9,0,0
1776916149806143,GET,chunk_4,10,0,0
1776916149806135,GET,chunk_0,11,0,0
1776916149806158,GET,chunk_0,10,0,0
1776916149806151,GET,chunk_0,11,0,0
1776916149806173,GET,chunk_0,9,0,0
1776916149806166,GET,chunk_3,10,0,0
1776916149806188,PUT,chunk_2,10,0,4096
1776916149806180,GET,chunk_3,11,0,0
1776916149806203,GET,chunk_0,10,0,0
1776916149806195,GET,chunk_0,10,0,0
1776916149806218,GET,chunk_0,10,0,0
1776916149806210,GET,chunk_0,11,0,0
1776916149806233,PUT,chunk_0,10,0,4096
1776916149806226,GET,chunk_0,11,0,0
1776916149806249,PUT,chunk_0,9,0,4096
1776916149806241,PUT,chunk_0,11,0,4096
1776916149806264,GET,chunk_0,9,0,0
1776916149806257,GET,chunk_0,10,0,0
1776916149806278,GET,chunk_0,10,0,0
1776916149806270,GET,chunk_0,11,0,0
1776916149806293,GET,chunk_0,10,0,0
1776916149806286,PUT,chunk_0,11,0,4096
1776916149806308,GET,chunk_0,11,0,0
1776916149806300,PUT,chunk_4,11,0,4096
1776916149806324,GET,chunk_4,9,0,0
1776916149806316,PUT,chunk_1,11,0,4096
1776916149806084,GET,chunk_0,10,0,0
1776916149806346,PUT,chunk_0,11,0,4096
1776916149806339,PUT,chunk_0,10,0,4096
1776916149806362,PUT,chunk_0,9,0,4096
1776916149806354,GET,chunk_3,10,0,0
1776916149806377,GET,chunk_0,10,0,0
1776916149806369,PUT,chunk_0,11,0,4096
1776916149806392,GET,chunk_0,9,0,0
1776916149806384,PUT,chunk_3,11,0,4096
1776916149806407,PUT,chunk_1,10,0,4096
1776916149806399,GET,chunk_0,11,0,0
1776916149806421,PUT,chunk_1,8,0,4096
1776916149806414,GET,chunk_2,9,0,0
1776916149806435,GET,chunk_0,11,0,0
1776916149806442,PUT,chunk_0,10,0,4096
1776916149806332,PUT,chunk_0,11,0,4096
1776916149806458,GET,chunk_0,9,0,0
1776916149806451,GET,chunk_3,10,0,0
1776916149806472,PUT,chunk_0,8,0,4096
1776916149806465,GET,chunk_0,9,0,0
1776916149806486,GET,chunk_0,10,0,0
1776916149806478,GET,chunk_0,10,0,0
1776916149806501,PUT,chunk_2,10,0,4096
1776916149806493,PUT,chunk_0,10,0,4096
1776916149806516,PUT,chunk_0,9,0,4096
1776916149806508,GET,chunk_4,10,0,0
1776916149806427,GET,chunk_0,10,0,0
1776916149806538,GET,chunk_0,11,0,0
1776916149806546,GET,chunk_0,10,0,0
1776916149806523,GET,chunk_2,12,0,0
1776916149806561,GET,chunk_0,10,0,0
1776916149806554,PUT,chunk_0,10,0,4096
1776916149806576,GET,chunk_0,10,0,0
1776916149806568,GET,chunk_0,10,0,0
1776916149806591,GET,chunk_0,10,0,0
1776916149806584,GET,chunk_1,10,0,0
1776916149806606,GET,chunk_0,8,0,0
1776916149806599,GET,chunk_0,10,0,0
1776916149806620,GET,chunk_0,9,0,0
1776916149806612,GET,chunk_0,10,0,0
1776916149806635,PUT,chunk_4,10,0,4096
1776916149806627,PUT,chunk_0,10,0,4096
1776916149806650,GET,chunk_0,10,0,0
1776916149806642,PUT,chunk_0,11,0,4096
1776916149806665,GET,chunk_0,10,0,0
1776916149806657,PUT,chunk_0,11,0,4096
1776916149806680,GET,chunk_0,11,0,0
1776916149806688,PUT,chunk_0,11,0,4096
1776916149806530,GET,chunk_0,11,0,0
1776916149806704,GET,chunk_0,9,0,0
1776916149806696,GET,chunk_1,10,0,0
1776916149806718,GET,chunk_0,10,0,0
1776916149806711,PUT,chunk_0,11,0,4096
1776916149806734,GET,chunk_0,10,0,0
1776916149806726,GET,chunk_0,10,0,0
1776916149806749,PUT,chunk_0,9,0,4096
1776916149806741,GET,chunk_0,10,0,0
1776916149806763,GET,chunk_0,10,0,0
1776916149806755,GET,chunk_0,10,0,0
1776916149806778,GET,chunk_0,10,0,0
1776916149806770,GET,chunk_0,10,0,0
1776916149806793,GET,chunk_4,9,0,0
1776916149806785,PUT,chunk_0,11,0,4096
1776916149806808,GET,chunk_0,10,0,0
1776916149806800,GET,chunk_0,10,0,0
1776916149806823,GET,chunk_0,9,0,0
1776916149806815,GET,chunk_3,11,0,0
1776916149806673,GET,chunk_4,10,0,0
1776916149806831,GET,chunk_0,10,0,0
1776916149806838,PUT,chunk_0,11,0,4096
1776916149806845,PUT,chunk_0,9,0,4096
1776916149806852,PUT,chunk_1,9,0,4096
1776916149806857,GET,chunk_0,8,0,0
1776916149806862,PUT,chunk_0,8,0,4096
1776916149806868,PUT,chunk_0,8,0,4096
1776916149806873,PUT,chunk_0,8,0,4096
1776916149806878,PUT,chunk_0,8,0,4096
1776916149806883,GET,chunk_0,8,0,0
1776916149806889,GET,chunk_0,8,0,0
1776916149806894,PUT,chunk_0,8,0,4096
1776916149806899,GET,chunk_0,8,0,0
1776916149806904,GET,chunk_0,8,0,0
1776916149806909,GET,chunk_4,8,0,0
1776916149806915,GET,chunk_0,8,0,0
1776916149806920,GET,chunk_0,8,0,0
1776916149806925,GET,chunk_0,9,0,0
1776916149806930,PUT,chunk_0,8,0,4096
1776916149806935,GET,chunk_0,8,0,0
1776916149806941,GET,chunk_0,8,0,0
1776916149806946,PUT,chunk_0,8,0,4096
1776916149806957,PUT,chunk_0,9,0,4096
1776916149806962,GET,chunk_0,9,0,0
1776916149806967,GET,chunk_0,9,0,0
1776916149806951,GET,chunk_0,8,0,0
1776916149806975,PUT,chunk_0,8,0,4096
1776916149806970,GET,chunk_0,9,0,0
1776916149806984,GET,chunk_0,10,0,0
1776916149806980,GET,chunk_0,9,0,0
1776916149806994,GET,chunk_0,9,0,0
1776916149806999,GET,chunk_3,9,0,0
1776916149807003,GET,chunk_0,10,0,0
1776916149807006,GET,chunk_0,10,0,0
1776916149807018,GET,chunk_0,9,0,0
1776916149807023,GET,chunk_0,10,0,0
1776916149806987,PUT,chunk_0,10,0,4096
1776916149807039,GET,chunk_0,10,0,0
1776916149807046,PUT,chunk_1,10,0,4096
1776916149807054,GET,chunk_0,10,0,0
1776916149807062,GET,chunk_0,10,0,0
1776916149807069,GET,chunk_0,9,0,0
1776916149807012,GET,chunk_0,8,0,0
1776916149807077,GET,chunk_0,10,0,0
1776916149807083,GET,chunk_0,11,0,0
1776916149807087,GET,chunk_2,14,0,0
1776916149807100,GET,chunk_0,10,0,0
1776916149807106,GET,chunk_0,10,0,0
1776916149807032,PUT,chunk_0,10,0,4096
1776916149807122,GET,chunk_0,8,0,0
1776916149807128,GET,chunk_0,8,0,0
1776916149807135,PUT,chunk_3,8,0,4096
1776916149807115,GET,chunk_0,9,0,0
1776916149807147,PUT,chunk_0,8,0,4096
1776916149807153,GET,chunk_4,11,0,0
1776916149807161,PUT,chunk_1,10,0,4096
1776916149807141,PUT,chunk_0,8,0,4096
1776916149807176,GET,chunk_0,10,0,0
1776916149807169,PUT,chunk_0,10,0,4096
1776916149807191,GET,chunk_0,10,0,0
1776916149807183,GET,chunk_2,10,0,0
1776916149807205,GET,chunk_0,8,0,0
1776916149807198,PUT,chunk_4,10,0,4096
1776916149807219,PUT,chunk_4,9,0,4096
1776916149807211,GET,chunk_0,11,0,0
1776916149807092,GET,chunk_0,11,0,0
1776916149807241,PUT,chunk_0,12,0,4096
1776916149807248,GET,chunk_0,10,0,0
1776916149807234,GET,chunk_4,9,0,0
1776916149807257,GET,chunk_0,10,0,0
1776916149807264,PUT,chunk_1,12,0,4096
1776916149807267,PUT,chunk_0,14,0,4096
1776916149807227,GET,chunk_0,10,0,0
1776916149807281,GET,chunk_0,10,0,0
1776916149807272,PUT,chunk_0,12,0,4096
1776916149807292,GET,chunk_0,13,0,0
1776916149807295,GET,chunk_2,12,0,0
1776916149807310,GET,chunk_0,8,0,0
1776916149807315,GET,chunk_0,8,0,0
1776916149807303,PUT,chunk_0,9,0,4096
1776916149807323,GET,chunk_0,8,0,0
1776916149807328,PUT,chunk_0,9,0,4096
1776916149807332,GET,chunk_0,9,0,0
1776916149807337,GET,chunk_2,10,0,0
1776916149807287,GET,chunk_0,10,0,0
1776916149807345,PUT,chunk_0,10,0,4096
1776916149807351,GET,chunk_0,9,0,0
1776916149807356,PUT,chunk_0,10,0,4096
1776916149807341,GET,chunk_0,11,0,0
1776916149807370,GET,chunk_2,9,0,0
1776916149807377,GET,chunk_0,11,0,0
1776916149807385,GET,chunk_0,11,0,0
1776916149807392,GET,chunk_0,10,0,0
1776916149807401,GET,chunk_3,10,0,0
1776916149807408,PUT,chunk_0,10,0,4096
1776916149807416,GET,chunk_0,10,0,0
1776916149807424,GET,chunk_0,9,0,0
1776916149807359,GET,chunk_0,9,0,0
1776916149807437,GET,chunk_0,8,0,0
1776916149807443,GET,chunk_0,11,0,0
1776916149807451,PUT,chunk_1,11,0,4096
1776916149807459,PUT,chunk_0,10,0,4096
1776916149807467,PUT,chunk_1,10,0,4096
1776916149807474,GET,chunk_2,9,0,0
1776916149807364,GET,chunk_0,9,0,0
1776916149807488,PUT,chunk_0,8,0,4096
1776916149807482,GET,chunk_3,8,0,0
1776916149807502,PUT,chunk_0,10,0,4096
1776916149807510,PUT,chunk_0,10,0,4096
1776916149807516,GET,chunk_0,10,0,0
1776916149807431,GET,chunk_0,8,0,0
1776916149807525,GET,chunk_0,9,0,0
1776916149807494,GET,chunk_0,11,0,0
1776916149807535,PUT,chunk_0,12,0,4096
1776916149807539,PUT,chunk_0,10,0,4096
1776916149807551,PUT,chunk_0,8,0,4096
1776916149807556,GET,chunk_0,9,0,0
1776916149807564,GET,chunk_4,10,0,0
1776916149807571,GET,chunk_4,10,0,0
1776916149807579,PUT,chunk_0,10,0,4096
1776916149807587,GET,chunk_0,10,0,0
1776916149807595,GET,chunk_0,10,0,0
1776916149807602,GET,chunk_0,10,0,0
1776916149807610,GET,chunk_0,9,0,0
1776916149807616,GET,chunk_0,8,0,0
1776916149807532,GET,chunk_0,10,0,0
1776916149807629,GET,chunk_0,8,0,0
1776916149807623,PUT,chunk_4,8,0,4096
1776916149807643,PUT,chunk_0,10,0,4096
1776916149807635,PUT,chunk_0,10,0,4096
1776916149807658,GET,chunk_1,10,0,0
1776916149807545,PUT,chunk_0,9,0,4096
1776916149807650,PUT,chunk_0,10,0,4096
1776916149807673,PUT,chunk_2,11,0,4096
1776916149807677,GET,chunk_0,11,0,0
1776916149807684,GET,chunk_0,9,0,0
1776916149807667,GET,chunk_0,12,0,0
1776916149807692,PUT,chunk_0,10,0,4096
1776916149807697,GET,chunk_4,10,0,0
1776916149807688,GET,chunk_0,10,0,0
1776916149807707,GET,chunk_0,10,0,0
1776916149807710,GET,chunk_4,10,0,0
1776916149807716,GET,chunk_0,10,0,0
1776916149807702,PUT,chunk_0,10,0,4096
1776916149807730,PUT,chunk_0,9,0,4096
1776916149807736,GET,chunk_0,10,0,0
1776916149807744,GET,chunk_4,10,0,0
1776916149807752,GET,chunk_0,10,0,0
1776916149807759,GET,chunk_0,10,0,0
1776916149807767,PUT,chunk_1,10,0,4096
1776916149807774,PUT,chunk_0,10,0,4096
1776916149807782,GET,chunk_0,9,0,0
1776916149807720,PUT,chunk_0,11,0,4096
1776916149807796,GET,chunk_0,9,0,0
1776916149807790,GET,chunk_0,8,0,0
1776916149807810,GET,chunk_0,10,0,0
1776916149807817,GET,chunk_4,10,0,0
1776916149807825,GET,chunk_0,10,0,0
1776916149807833,GET,chunk_1,9,0,0
1776916149807840,GET,chunk_0,8,0,0
1776916149807724,GET,chunk_0,10,0,0
1776916149807847,GET,chunk_0,8,0,0
1776916149807802,GET,chunk_0,11,0,0
1776916149807856,GET,chunk_0,10,0,0
1776916149807860,PUT,chunk_0,10,0,4096
1776916149807866,PUT,chunk_4,10,0,4096
1776916149807852,PUT,chunk_0,9,0,4096
1776916149807880,GET,chunk_0,9,0,0
1776916149807886,PUT,chunk_0,10,0,4096
1776916149807893,GET,chunk_0,11,0,0
1776916149807901,PUT,chunk_0,10,0,4096
1776916149807870,GET,chunk_2,11,0,0
1776916149807916,GET,chunk_0,10,0,0
1776916149807923,GET,chunk_4,11,0,0
1776916149807932,GET,chunk_4,10,0,0
1776916149807909,GET,chunk_0,10,0,0
1776916149807947,GET,chunk_0,10,0,0
1776916149807953,PUT,chunk_0,11,0,4096
1776916149807874,PUT,chunk_1,10,0,4096
1776916149807970,GET,chunk_0,10,0,0
1776916149807962,GET,chunk_0,10,0,0
1776916149807985,GET,chunk_0,10,0,0
1776916149807977,GET,chunk_0,11,0,0
1776916149808001,PUT,chunk_0,8,0,4096
1776916149807993,PUT,chunk_0,10,0,4096
1776916149808014,PUT,chunk_1,10,0,4096
1776916149808007,PUT,chunk_0,11,0,4096
1776916149808030,GET,chunk_4,9,0,0
1776916149808022,PUT,chunk_0,11,0,4096
1776916149808045,PUT,chunk_0,10,0,4096
1776916149808038,GET,chunk_0,11,0,0
1776916149808060,GET,chunk_0,10,0,0
1776916149808052,GET,chunk_0,11,0,0
1776916149807940,PUT,chunk_0,10,0,4096
1776916149808068,GET,chunk_3,11,0,0
1776916149808076,GET,chunk_0,10,0,0
1776916149808083,GET,chunk_0,10,0,0
1776916149808090,GET,chunk_0,8,0,0
1776916149808096,GET,chunk_0,8,0,0
1776916149808101,PUT,chunk_0,9,0,4096
1776916149808106,GET,chunk_0,8,0,0
1776916149808112,PUT,chunk_0,9,0,4096
1776916149808117,GET,chunk_2,8,0,0
1776916149808122,GET,chunk_0,8,0,0
1776916149808127,PUT,chunk_0,8,0,4096
1776916149808138,GET,chunk_1,9,0,0
1776916149808143,GET,chunk_0,8,0,0
1776916149808148,PUT,chunk_3,9,0,4096
1776916149808132,GET,chunk_0,8,0,0
1776916149808156,GET,chunk_3,8,0,0
1776916149808150,GET,chunk_0,9,0,0
1776916149808166,PUT,chunk_0,10,0,4096
1776916149808162,GET,chunk_4,9,0,0
1776916149808181,GET,chunk_0,9,0,0
1776916149808186,PUT,chunk_0,9,0,4096
1776916149808168,GET,chunk_0,10,0,0
1776916149808201,PUT,chunk_2,10,0,4096
1776916149808208,GET,chunk_0,11,0,0
1776916149808216,GET,chunk_0,10,0,0
1776916149808224,PUT,chunk_4,10,0,4096
1776916149808231,GET,chunk_0,10,0,0
1776916149808239,GET,chunk_0,9,0,0
1776916149808246,GET,chunk_0,8,0,0
1776916149808175,GET,chunk_0,9,0,0
1776916149808252,PUT,chunk_1,8,0,4096
1776916149808258,PUT,chunk_0,10,0,4096
1776916149808262,PUT,chunk_3,11,0,4096
1776916149808273,GET,chunk_0,8,0,0
1776916149808277,GET,chunk_0,9,0,0
1776916149808266,GET,chunk_0,10,0,0
1776916149808285,GET,chunk_0,10,0,0
1776916149808194,GET,chunk_0,10,0,0
1776916149808291,GET,chunk_0,12,0,0
1776916149808308,GET,chunk_2,11,0,0
1776916149808315,GET,chunk_0,11,0,0
1776916149808295,GET,chunk_0,14,0,0
1776916149808331,GET,chunk_0,10,0,0
1776916149808338,GET,chunk_0,11,0,0
1776916149808346,PUT,chunk_0,10,0,4096
1776916149808354,GET,chunk_0,10,0,0
1776916149808324,PUT,chunk_0,10,0,4096
1776916149808300,GET,chunk_0,12,0,0
1776916149808370,GET,chunk_0,10,0,0
1776916149808375,PUT,chunk_0,12,0,4096
1776916149808362,GET,chunk_3,29,0,0
1776916149808384,PUT,chunk_0,11,0,4096
1776916149808380,GET,chunk_0,13,0,0
1776916149808392,PUT,chunk_1,9,0,4096
1776916149808397,PUT,chunk_0,10,0,4096
1776916149808410,GET,chunk_0,10,0,0
1776916149808417,GET,chunk_0,8,0,0
1776916149808398,PUT,chunk_0,10,0,4096
1776916149808430,GET,chunk_0,9,0,0
1776916149808435,PUT,chunk_0,9,0,4096
1776916149808404,GET,chunk_0,9,0,0
1776916149808424,GET,chunk_0,8,0,0
1776916149808457,PUT,chunk_0,11,0,4096
1776916149808464,PUT,chunk_4,11,0,4096
1776916149808472,PUT,chunk_0,10,0,4096
1776916149808480,GET,chunk_0,10,0,0
1776916149808487,GET,chunk_0,10,0,0
1776916149808495,PUT,chunk_1,9,0,4096
1776916149808503,GET,chunk_0,8,0,0
1776916149808443,GET,chunk_0,10,0,0
1776916149808509,PUT,chunk_0,8,0,4096
1776916149808515,GET,chunk_0,8,0,0
1776916149808449,GET,chunk_0,10,0,0
1776916149808522,GET,chunk_0,11,0,0
1776916149808527,GET,chunk_0,10,0,0
1776916149808539,GET,chunk_0,9,0,0
1776916149808544,GET,chunk_3,10,0,0
1776916149808518,GET,chunk_1,10,0,0
1776916149808532,GET,chunk_0,9,0,0
1776916149808567,GET,chunk_0,11,0,0
1776916149808574,GET,chunk_0,11,0,0
1776916149808582,GET,chunk_0,10,0,0
1776916149808560,GET,chunk_4,10,0,0
1776916149808597,GET,chunk_0,8,0,0
1776916149808602,PUT,chunk_0,9,0,4096
1776916149808610,GET,chunk_0,8,0,0
1776916149808590,GET,chunk_4,9,0,0
1776916149808622,PUT,chunk_0,8,0,4096
1776916149808628,GET,chunk_0,9,0,0
1776916149808634,GET,chunk_0,8,0,0
1776916149808553,GET,chunk_3,10,0,0
1776916149808616,GET,chunk_2,9,0,0
1776916149808651,GET,chunk_4,9,0,0
1776916149808656,PUT,chunk_0,10,0,4096
1776916149808641,GET,chunk_0,8,0,0
1776916149808671,PUT,chunk_0,10,0,4096
1776916149808678,GET,chunk_0,11,0,0
1776916149808687,GET,chunk_4,9,0,0
1776916149808694,PUT,chunk_2,10,0,4096
1776916149808702,GET,chunk_0,9,0,0
1776916149808664,PUT,chunk_0,10,0,4096
1776916149808715,PUT,chunk_0,8,0,4096
1776916149808721,PUT,chunk_3,11,0,4096
1776916149808729,PUT,chunk_0,10,0,4096
1776916149808646,GET,chunk_0,8,0,0
1776916149808737,PUT,chunk_2,9,0,4096
1776916149808744,GET,chunk_0,11,0,0
1776916149808747,PUT,chunk_0,13,0,4096
1776916149808760,GET,chunk_0,8,0,0
1776916149808765,GET,chunk_0,8,0,0
1776916149808752,GET,chunk_0,11,0,0
1776916149808773,GET,chunk_0,8,0,0
1776916149808778,PUT,chunk_0,8,0,4096
1776916149808709,GET,chunk_3,8,0,0
1776916149808786,GET,chunk_0,11,0,0
1776916149808790,GET,chunk_0,10,0,0
1776916149808782,PUT,chunk_0,10,0,4096
1776916149808801,PUT,chunk_1,10,0,4096
1776916149808804,PUT,chunk_0,10,0,4096
1776916149808810,GET,chunk_1,11,0,0
1776916149808815,PUT,chunk_0,11,0,4096
1776916149808819,GET,chunk_0,10,0,0
1776916149808796,GET,chunk_0,9,0,0
1776916149808830,PUT,chunk_0,10,0,4096
1776916149808826,PUT,chunk_0,9,0,4096
1776916149808839,GET,chunk_0,9,0,0
1776916149808844,GET,chunk_0,9,0,0
1776916149808849,GET,chunk_0,10,0,0
1776916149808852,GET,chunk_0,9,0,0
1776916149808864,GET,chunk_1,9,0,0
1776916149808869,PUT,chunk_2,10,0,4096
1776916149808878,GET,chunk_0,10,0,0
1776916149808885,GET,chunk_0,10,0,0
1776916149808893,GET,chunk_0,10,0,0
1776916149808900,GET,chunk_0,10,0,0
1776916149808908,GET,chunk_0,10,0,0
1776916149808916,GET,chunk_0,8,0,0
1776916149808832,PUT,chunk_0,10,0,4096
1776916149808928,GET,chunk_0,8,0,0
1776916149808922,PUT,chunk_0,8,0,4096
1776916149808942,GET,chunk_0,11,0,0
1776916149808949,GET,chunk_0,11,0,0
1776916149808958,GET,chunk_0,10,0,0
1776916149808965,GET,chunk_0,10,0,0
1776916149808973,GET,chunk_4,10,0,0
1776916149808934,GET,chunk_0,10,0,0
1776916149808987,PUT,chunk_0,8,0,4096
1776916149808993,GET,chunk_0,8,0,0
1776916149809000,GET,chunk_0,8,0,0
1776916149808981,GET,chunk_0,8,0,0
1776916149809012,GET,chunk_0,8,0,0
1776916149809018,GET,chunk_0,11,0,0
1776916149809025,PUT,chunk_0,10,0,4096
1776916149809034,GET,chunk_0,10,0,0
1776916149809041,GET,chunk_4,10,0,0
1776916149809048,PUT,chunk_0,10,0,4096
1776916149809056,PUT,chunk_0,10,0,4096
1776916149809064,GET,chunk_0,8,0,0
1776916149809006,GET,chunk_0,8,0,0
1776916149809071,GET,chunk_2,8,0,0
1776916149808857,PUT,chunk_4,9,0,4096
1776916149809080,PUT,chunk_0,12,0,4096
1776916149809084,PUT,chunk_4,10,0,4096
1776916149809096,PUT,chunk_0,8,0,4096
1776916149809102,GET,chunk_0,8,0,0
1776916149809090,GET,chunk_0,9,0,0
1776916149809076,GET,chunk_4,10,0,0
1776916149809119,GET,chunk_0,9,0,0
1776916149809125,GET,chunk_0,9,0,0
1776916149809114,GET,chunk_0,8,0,0
1776916149809109,GET,chunk_0,8,0,0
1776916149809133,GET,chunk_3,8,0,0
1776916149809143,GET,chunk_0,9,0,0
1776916149809138,GET,chunk_3,8,0,0
1776916149809153,PUT,chunk_4,10,0,4096
1776916149809148,GET,chunk_0,10,0,0
1776916149809163,GET,chunk_0,9,0,0
1776916149809167,PUT,chunk_0,9,0,4096
1776916149809173,GET,chunk_2,10,0,0
1776916149809156,GET,chunk_1,9,0,0
1776916149809187,GET,chunk_0,9,0,0
1776916149809194,PUT,chunk_0,12,0,4096
1776916149809202,GET,chunk_0,10,0,0
1776916149809176,PUT,chunk_3,9,0,4096
1776916149809211,PUT,chunk_0,10,0,4096
1776916149809217,PUT,chunk_0,12,0,4096
1776916149809221,GET,chunk_0,14,0,0
1776916149809181,GET,chunk_0,9,0,0
1776916149809235,GET,chunk_3,10,0,0
1776916149809240,PUT,chunk_0,9,0,4096
1776916149809245,GET,chunk_0,10,0,0
1776916149809248,PUT,chunk_2,10,0,4096
1776916149809260,PUT,chunk_4,8,0,4096
1776916149809226,GET,chunk_0,12,0,0
1776916149809267,GET,chunk_3,11,0,0
1776916149809273,GET,chunk_0,12,0,0
1776916149809253,GET,chunk_0,8,0,0
1776916149809284,GET,chunk_0,11,0,0
1776916149809290,GET,chunk_0,11,0,0
1776916149809296,GET,chunk_4,12,0,0
1776916149809299,PUT,chunk_0,11,0,4096
1776916149809313,GET,chunk_3,9,0,0
1776916149809319,GET,chunk_0,10,0,0
1776916149809327,PUT,chunk_2,10,0,4096
1776916149809334,GET,chunk_0,10,0,0
1776916149809306,GET,chunk_0,8,0,0
1776916149809277,GET,chunk_0,13,0,0
1776916149809342,GET,chunk_3,20,0,0
1776916149809356,PUT,chunk_0,12,0,4096
1776916149809350,PUT,chunk_0,11,0,4096
1776916149809368,GET,chunk_0,11,0,0
1776916149809371,GET,chunk_0,10,0,0
1776916149809384,GET,chunk_0,8,0,0
1776916149809390,PUT,chunk_0,8,0,4096
1776916149809378,PUT,chunk_2,9,0,4096
1776916149809363,PUT,chunk_0,11,0,4096
1776916149809402,GET,chunk_0,9,0,0
1776916149809407,PUT,chunk_0,9,0,4096
1776916149809412,PUT,chunk_0,10,0,4096
1776916149809415,PUT,chunk_0,9,0,4096
1776916149809427,GET,chunk_1,9,0,0
1776916149809432,PUT,chunk_0,10,0,4096
1776916149809397,PUT,chunk_0,8,0,4096
1776916149809448,GET,chunk_0,10,0,0
1776916149809441,PUT,chunk_0,10,0,4096
1776916149809463,PUT,chunk_4,10,0,4096
1776916149809470,GET,chunk_0,10,0,0
1776916149809478,PUT,chunk_0,8,0,4096
1776916149809485,GET,chunk_0,8,0,0
1776916149809421,GET,chunk_0,8,0,0
1776916149809497,PUT,chunk_0,8,0,4096
1776916149809503,GET,chunk_0,11,0,0
1776916149809511,GET,chunk_0,10,0,0
1776916149809519,PUT,chunk_0,10,0,4096
1776916149809526,GET,chunk_0,10,0,0
1776916149809491,PUT,chunk_0,8,0,4096
1776916149809541,GET,chunk_3,9,0,0
1776916149809535,GET,chunk_0,10,0,0
1776916149809556,GET,chunk_0,10,0,0
1776916149809548,GET,chunk_0,11,0,0
1776916149809571,GET,chunk_0,10,0,0
1776916149809564,PUT,chunk_2,11,0,4096
1776916149809587,GET,chunk_0,10,0,0
1776916149809578,GET,chunk_3,11,0,0
1776916149809601,GET,chunk_3,8,0,0
1776916149809594,GET,chunk_0,9,0,0
1776916149809615,GET,chunk_0,10,0,0
1776916149809607,GET,chunk_0,11,0,0
1776916149809630,GET,chunk_1,10,0,0
1776916149809622,GET,chunk_0,11,0,0
1776916149809645,GET,chunk_0,9,0,0
1776916149809638,GET,chunk_0,11,0,0
1776916149809653,PUT,chunk_0,12,0,4096
1776916149809659,PUT,chunk_0,10,0,4096
1776916149809666,GET,chunk_0,13,0,0
1776916149809675,GET,chunk_1,11,0,0
1776916149809669,PUT,chunk_0,12,0,4096
1776916149809692,PUT,chunk_0,10,0,4096
1776916149809699,PUT,chunk_0,11,0,4096
1776916149809707,GET,chunk_3,10,0,0
1776916149809685,GET,chunk_0,10,0,0
1776916149809722,PUT,chunk_0,10,0,4096
1776916149809729,GET,chunk_0,10,0,0
1776916149809737,GET,chunk_1,8,0,0
1776916149809455,GET,chunk_0,11,0,0
1776916149809715,GET,chunk_3,10,0,0
1776916149809754,PUT,chunk_0,9,0,4096
1776916149809759,GET,chunk_0,9,0,0
1776916149809750,GET,chunk_0,8,0,0
1776916149809768,PUT,chunk_0,10,0,4096
1776916149809774,GET,chunk_4,12,0,0
1776916149809778,PUT,chunk_0,14,0,4096
1776916149809744,GET,chunk_0,8,0,0
1776916149809791,GET,chunk_0,11,0,0
1776916149809783,GET,chunk_0,12,0,0
1776916149809803,GET,chunk_0,13,0,0
1776916149809806,GET,chunk_4,12,0,0
1776916149809821,GET,chunk_0,9,0,0
1776916149809827,PUT,chunk_0,8,0,4096
1776916149809815,GET,chunk_0,10,0,0
1776916149809834,GET,chunk_0,8,0,0
1776916149809839,GET,chunk_0,9,0,0
1776916149809797,PUT,chunk_0,11,0,4096
1776916149809847,GET,chunk_3,11,0,0
1776916149809851,GET,chunk_3,10,0,0
1776916149809843,PUT,chunk_0,10,0,4096
1776916149809862,GET,chunk_2,11,0,0
1776916149809857,GET,chunk_0,10,0,0
1776916149809872,GET,chunk_0,9,0,0
1776916149809877,GET,chunk_0,9,0,0
1776916149809881,GET,chunk_0,10,0,0
1776916149809865,PUT,chunk_0,10,0,4096
1776916149809896,PUT,chunk_0,9,0,4096
1776916149809902,PUT,chunk_1,11,0,4096
1776916149809910,PUT,chunk_3,10,0,4096
1776916149809918,GET,chunk_0,10,0,0
1776916149809926,PUT,chunk_0,10,0,4096
1776916149809933,PUT,chunk_0,10,0,4096
1776916149809941,PUT,chunk_0,10,0,4096
1776916149809890,PUT,chunk_0,9,0,4096
1776916149809955,PUT,chunk_0,8,0,4096
1776916149809960,PUT,chunk_0,9,0,4096
1776916149809967,PUT,chunk_0,8,0,4096
1776916149809949,GET,chunk_2,9,0,0
1776916149809979,GET,chunk_0,8,0,0
1776916149809973,PUT,chunk_0,8,0,4096
1776916149809993,GET,chunk_0,10,0,0
1776916149809985,GET,chunk_0,11,0,0
1776916149810008,PUT,chunk_4,10,0,4096
1776916149810000,PUT,chunk_0,11,0,4096
1776916149809884,PUT,chunk_0,10,0,4096
1776916149810030,GET,chunk_0,10,0,0
1776916149810023,PUT,chunk_0,10,0,4096
1776916149810045,GET,chunk_2,9,0,0
1776916149810038,GET,chunk_0,9,0,0
1776916149810059,GET,chunk_3,10,0,0
1776916149810051,GET,chunk_0,11,0,0
1776916149810074,GET,chunk_0,10,0,0
1776916149810067,GET,chunk_0,10,0,0
1776916149810089,GET,chunk_0,9,0,0
1776916149810081,GET,chunk_3,11,0,0
1776916149810104,GET,chunk_0,11,0,0
1776916149810111,GET,chunk_0,11,0,0
1776916149810096,GET,chunk_0,10,0,0
1776916149810120,GET,chunk_0,9,0,0
1776916149810127,GET,chunk_1,12,0,0
1776916149810131,GET,chunk_0,14,0,0
1776916149810144,GET,chunk_0,8,0,0
1776916149810150,GET,chunk_0,8,0,0
1776916149810136,GET,chunk_0,11,0,0
1776916149810016,GET,chunk_0,11,0,0
1776916149810167,GET,chunk_0,9,0,0
1776916149810172,PUT,chunk_0,9,0,4096
1776916149810157,GET,chunk_0,8,0,0
1776916149810187,PUT,chunk_0,10,0,4096
1776916149810180,GET,chunk_0,10,0,0
1776916149810202,GET,chunk_0,10,0,0
1776916149810209,GET,chunk_1,11,0,0
1776916149810218,GET,chunk_0,10,0,0
1776916149810225,GET,chunk_0,8,0,0
1776916149810162,PUT,chunk_0,8,0,4096
1776916149810238,PUT,chunk_0,8,0,4096
1776916149810244,GET,chunk_1,11,0,0
1776916149810251,GET,chunk_0,10,0,0
1776916149810232,GET,chunk_0,8,0,0
1776916149810196,PUT,chunk_1,11,0,4096
1776916149810274,GET,chunk_0,11,0,0
1776916149810281,GET,chunk_0,10,0,0
1776916149810267,GET,chunk_0,10,0,0
1776916149810290,PUT,chunk_2,9,0,4096
1776916149810296,GET,chunk_1,10,0,0
1776916149810260,GET,chunk_0,11,0,0
1776916149810309,GET,chunk_4,8,0,0
1776916149810315,GET,chunk_0,9,0,0
1776916149810322,GET,chunk_0,8,0,0
1776916149810303,GET,chunk_0,9,0,0
1776916149810334,GET,chunk_0,8,0,0
1776916149810340,PUT,chunk_1,11,0,4096
1776916149810348,GET,chunk_2,10,0,0
1776916149810328,GET,chunk_0,8,0,0
1776916149810364,GET,chunk_0,10,0,0
1776916149810357,GET,chunk_0,10,0,0
1776916149810379,GET,chunk_4,10,0,0
1776916149810371,GET,chunk_1,11,0,0
1776916149810393,GET,chunk_0,9,0,0
1776916149810387,GET,chunk_4,9,0,0
1776916149810407,GET,chunk_0,10,0,0
1776916149810400,GET,chunk_3,11,0,0
1776916149810423,GET,chunk_0,10,0,0
1776916149810415,GET,chunk_0,11,0,0
1776916149810438,GET,chunk_0,10,0,0
1776916149810444,GET,chunk_2,12,0,0
1776916149810452,GET,chunk_0,10,0,0
1776916149810299,GET,chunk_0,11,0,0
1776916149810461,PUT,chunk_0,10,0,4096
1776916149810468,PUT,chunk_0,12,0,4096
1776916149810471,PUT,chunk_0,14,0,4096
1776916149810430,PUT,chunk_1,10,0,4096
1776916149810485,PUT,chunk_0,9,0,4096
1776916149810491,PUT,chunk_0,9,0,4096
1776916149810495,PUT,chunk_4,10,0,4096
1776916149810498,GET,chunk_0,9,0,0
1776916149810510,GET,chunk_0,9,0,0
1776916149810516,PUT,chunk_0,10,0,4096
1776916149810524,GET,chunk_0,10,0,0
1776916149810532,GET,chunk_0,10,0,0
1776916149810539,PUT,chunk_4,10,0,4096
1776916149810547,GET,chunk_0,10,0,0
1776916149810554,PUT,chunk_0,8,0,4096
1776916149810476,PUT,chunk_0,12,0,4096
1776916149810561,GET,chunk_0,8,0,0
1776916149810504,GET,chunk_0,8,0,0
1776916149810570,GET,chunk_0,11,0,0
1776916149810567,GET,chunk_4,9,0,0
1776916149810580,PUT,chunk_0,9,0,4096
1776916149810574,GET,chunk_0,10,0,0
1776916149810590,PUT,chunk_0,11,0,4096
1776916149810586,GET,chunk_0,9,0,0
1776916149810600,PUT,chunk_0,9,0,4096
1776916149810593,GET,chunk_1,11,0,0
1776916149810609,PUT,chunk_0,11,0,4096
1776916149810605,GET,chunk_0,9,0,0
1776916149810619,GET,chunk_0,9,0,0
1776916149810624,PUT,chunk_0,9,0,4096
1776916149810629,PUT,chunk_0,10,0,4096
1776916149810632,GET,chunk_0,9,0,0
1776916149810643,GET,chunk_0,10,0,0
1776916149810649,GET,chunk_0,10,0,0
1776916149810637,GET,chunk_3,8,0,0
1776916149810658,PUT,chunk_0,10,0,4096
1776916149810665,PUT,chunk_0,12,0,4096
1776916149810668,PUT,chunk_0,14,0,4096
1776916149810613,GET,chunk_0,9,0,0
1776916149810682,GET,chunk_1,11,0,0
1776916149810687,PUT,chunk_0,11,0,4096
1776916149810694,GET,chunk_0,11,0,0
1776916149810674,PUT,chunk_0,11,0,4096
1776916149810709,GET,chunk_0,9,0,0
1776916149810715,GET,chunk_0,11,0,0
1776916149810723,PUT,chunk_0,10,0,4096
1776916149810731,GET,chunk_0,10,0,0
1776916149810697,GET,chunk_0,10,0,0
1776916149810702,GET,chunk_0,8,0,0
1776916149810754,PUT,chunk_2,10,0,4096
1776916149810761,PUT,chunk_0,8,0,4096
1776916149810747,PUT,chunk_4,10,0,4096
1776916149810739,PUT,chunk_0,10,0,4096
1776916149810774,PUT,chunk_0,8,0,4096
1776916149810768,GET,chunk_0,8,0,0
1776916149810783,GET,chunk_0,11,0,0
1776916149810779,PUT,chunk_0,10,0,4096
1776916149810793,GET,chunk_0,9,0,0
1776916149810787,PUT,chunk_0,10,0,4096
1776916149810803,GET,chunk_2,10,0,0
1776916149810799,PUT,chunk_0,9,0,4096
1776916149810812,GET,chunk_3,9,0,0
1776916149810817,PUT,chunk_0,9,0,4096
1776916149810822,GET,chunk_0,10,0,0
1776916149810825,PUT,chunk_0,11,0,4096
1776916149810830,PUT,chunk_0,9,0,4096
1776916149810837,PUT,chunk_0,10,0,4096
1776916149810840,PUT,chunk_0,11,0,4096
1776916149810806,GET,chunk_0,9,0,0
1776916149810855,PUT,chunk_0,9,0,4096
1776916149810844,GET,chunk_1,9,0,0
1776916149810851,PUT,chunk_0,9,0,4096
1776916149810869,GET,chunk_0,13,0,0
1776916149810864,GET,chunk_0,12,0,0
1776916149810875,GET,chunk_0,15,0,0
1776916149810881,GET,chunk_4,14,0,0
1776916149810959,GET,chunk_0,11,0,0
1776916149810965,GET,chunk_0,11,0,0
1776916149810949,GET,chunk_0,8,0,0
1776916149810974,GET,chunk_0,9,0,0
1776916149810886,GET,chunk_0,12,0,0
1776916149810984,PUT,chunk_0,12,0,4096
1776916149810981,GET,chunk_0,10,0,0
1776916149810994,GET,chunk_0,9,0,0
1776916149811000,GET,chunk_0,9,0,0
1776916149811004,PUT,chunk_0,10,0,4096
1776916149811007,GET,chunk_2,9,0,0
1776916149811019,PUT,chunk_0,8,0,4096
1776916149811024,GET,chunk_0,8,0,0
1776916149811012,GET,chunk_3,9,0,0
1776916149810988,GET,chunk_0,9,0,0
1776916149811041,GET,chunk_0,9,0,0
1776916149811046,GET,chunk_0,10,0,0
1776916149811054,GET,chunk_0,10,0,0
1776916149811062,GET,chunk_0,10,0,0
1776916149811069,PUT,chunk_0,10,0,4096
1776916149811077,PUT,chunk_4,10,0,4096
1776916149811085,GET,chunk_0,10,0,0
1776916149811093,GET,chunk_0,10,0,0
1776916149811100,GET,chunk_0,9,0,0
1776916149811036,PUT,chunk_4,8,0,4096
1776916149811113,GET,chunk_0,8,0,0
1776916149811119,GET,chunk_0,11,0,0
1776916149811127,GET,chunk_0,10,0,0
1776916149811031,GET,chunk_0,8,0,0
1776916149811136,GET,chunk_0,10,0,0
1776916149811142,GET,chunk_2,12,0,0
1776916149811146,GET,chunk_4,14,0,0
1776916149811159,GET,chunk_0,8,0,0
1776916149811164,GET,chunk_0,9,0,0
1776916149811151,PUT,chunk_2,11,0,4096
1776916149811171,GET,chunk_0,10,0,0
1776916149811178,GET,chunk_2,12,0,0
1776916149811182,GET,chunk_0,14,0,0
1776916149811107,GET,chunk_0,8,0,0
1776916149811201,GET,chunk_0,11,0,0
1776916149811186,GET,chunk_3,12,0,0
1776916149811195,PUT,chunk_0,11,0,4096
1776916149811217,PUT,chunk_0,11,0,4096
1776916149811212,GET,chunk_0,11,0,0
1776916149811228,PUT,chunk_0,10,0,4096
1776916149811232,GET,chunk_0,9,0,0
1776916149811237,PUT,chunk_0,10,0,4096
1776916149811241,GET,chunk_0,10,0,0
1776916149811246,PUT,chunk_0,9,0,4096
1776916149811222,GET,chunk_0,10,0,0
1776916149811252,PUT,chunk_0,10,0,4096
1776916149811265,PUT,chunk_0,9,0,4096
1776916149811271,GET,chunk_0,8,0,0
1776916149811258,PUT,chunk_0,10,0,4096
1776916149811278,PUT,chunk_0,8,0,4096
1776916149811255,PUT,chunk_0,11,0,4096
1776916149811287,GET,chunk_0,11,0,0
1776916149811284,GET,chunk_0,8,0,0
1776916149811297,GET,chunk_0,10,0,0
1776916149811302,GET,chunk_0,9,0,0
1776916149811307,PUT,chunk_1,10,0,4096
1776916149811291,GET,chunk_0,11,0,0
1776916149811315,GET,chunk_2,9,0,0
1776916149811321,PUT,chunk_0,9,0,4096
1776916149811326,GET,chunk_0,10,0,0
1776916149811328,GET,chunk_0,9,0,0
1776916149811340,GET,chunk_0,9,0,0
1776916149811346,GET,chunk_0,10,0,0
1776916149811311,GET,chunk_0,10,0,0
1776916149811361,PUT,chunk_0,10,0,4096
1776916149811355,PUT,chunk_0,10,0,4096
1776916149811377,GET,chunk_0,10,0,0
1776916149811384,GET,chunk_0,10,0,0
1776916149811392,GET,chunk_0,8,0,0
1776916149811334,GET,chunk_0,8,0,0
1776916149811399,GET,chunk_0,8,0,0
1776916149811369,PUT,chunk_2,11,0,4096
1776916149811407,GET,chunk_0,11,0,0
1776916149811404,PUT,chunk_0,10,0,4096
1776916149811418,PUT,chunk_0,9,0,4096
1776916149811423,GET,chunk_0,9,0,0
1776916149811428,GET,chunk_0,10,0,0
1776916149811411,PUT,chunk_0,10,0,4096
1776916149811442,GET,chunk_0,9,0,0
1776916149811449,GET,chunk_0,9,0,0
1776916149811456,GET,chunk_1,8,0,0
1776916149811436,GET,chunk_0,9,0,0
1776916149811468,PUT,chunk_0,9,0,4096
1776916149811474,GET,chunk_0,11,0,0
1776916149811431,PUT,chunk_0,10,0,4096
1776916149811490,GET,chunk_0,10,0,0
1776916149811498,PUT,chunk_4,10,0,4096
1776916149811505,GET,chunk_0,10,0,0
1776916149811514,PUT,chunk_0,9,0,4096
1776916149811521,GET,chunk_0,8,0,0
1776916149811462,GET,chunk_0,8,0,0
1776916149811527,GET,chunk_0,8,0,0
1776916149811533,GET,chunk_4,8,0,0
1776916149811537,PUT,chunk_0,11,0,4096
1776916149811541,PUT,chunk_0,10,0,4096
1776916149811546,PUT,chunk_0,9,0,4096
1776916149811483,PUT,chunk_4,10,0,4096
1776916149811555,PUT,chunk_0,10,0,4096
1776916149811551,GET,chunk_4,10,0,0
1776916149811565,PUT,chunk_0,9,0,4096
1776916149811570,GET,chunk_0,9,0,0
1776916149811575,PUT,chunk_0,10,0,4096
1776916149811578,GET,chunk_0,9,0,0
1776916149811589,GET,chunk_0,8,0,0
1776916149811595,GET,chunk_2,8,0,0
1776916149811602,GET,chunk_0,8,0,0
1776916149811558,GET,chunk_3,9,0,0
1776916149811608,GET,chunk_0,8,0,0
1776916149811583,PUT,chunk_0,9,0,4096
1776916149811614,PUT,chunk_0,9,0,4096
1776916149811627,GET,chunk_0,9,0,0
1776916149811633,GET,chunk_0,10,0,0
1776916149811641,GET,chunk_0,10,0,0
1776916149811648,GET,chunk_0,10,0,0
1776916149811656,GET,chunk_3,10,0,0
1776916149811663,PUT,chunk_2,10,0,4096
1776916149811671,GET,chunk_0,10,0,0
1776916149811679,GET,chunk_0,10,0,0
1776916149811686,GET,chunk_0,8,0,0
1776916149811617,GET,chunk_3,11,0,0
1776916149811693,GET,chunk_2,8,0,0
1776916149811621,PUT,chunk_0,10,0,4096
1776916149811702,GET,chunk_0,11,0,0
1776916149811699,GET,chunk_0,9,0,0
1776916149811712,PUT,chunk_0,9,0,4096
1776916149811718,GET,chunk_0,9,0,0
1776916149811723,GET,chunk_0,10,0,0
1776916149811725,PUT,chunk_0,9,0,4096
1776916149811737,GET,chunk_0,9,0,0
1776916149811743,PUT,chunk_0,10,0,4096
1776916149811751,GET,chunk_0,10,0,0
1776916149811759,GET,chunk_3,10,0,0
1776916149811767,GET,chunk_0,10,0,0
1776916149811774,GET,chunk_0,10,0,0
1776916149811781,GET,chunk_0,10,0,0
1776916149811731,GET,chunk_0,8,0,0
1776916149811796,PUT,chunk_0,9,0,4096
1776916149811790,PUT,chunk_0,10,0,4096
1776916149811811,GET,chunk_0,10,0,0
1776916149811803,GET,chunk_0,11,0,0
1776916149811826,GET,chunk_0,10,0,0
1776916149811818,GET,chunk_0,11,0,0
1776916149811841,GET,chunk_4,11,0,0
1776916149811849,GET,chunk_0,11,0,0
1776916149811706,PUT,chunk_0,10,0,4096
1776916149811865,GET,chunk_0,11,0,0
1776916149811872,GET,chunk_0,11,0,0
1776916149811833,GET,chunk_0,10,0,0
1776916149811888,GET,chunk_0,9,0,0
1776916149811881,GET,chunk_0,9,0,0
1776916149811902,GET,chunk_1,10,0,0
1776916149811894,GET,chunk_2,10,0,0
1776916149811917,GET,chunk_0,9,0,0
1776916149811909,GET,chunk_0,11,0,0
1776916149811857,GET,chunk_0,10,0,0
1776916149811924,GET,chunk_0,11,0,0
1776916149811931,GET,chunk_0,9,0,0
1776916149811938,PUT,chunk_0,9,0,4096
1776916149811943,PUT,chunk_0,8,0,4096
1776916149811949,GET,chunk_4,8,0,0
1776916149811954,GET,chunk_0,8,0,0
1776916149811959,GET,chunk_4,8,0,0
1776916149811964,GET,chunk_1,8,0,0
1776916149811970,GET,chunk_0,8,0,0
1776916149811975,GET,chunk_0,8,0,0
1776916149811980,GET,chunk_0,8,0,0
1776916149811985,GET,chunk_0,8,0,0
1776916149811991,GET,chunk_0,8,0,0
1776916149811996,GET,chunk_0,8,0,0
1776916149812001,PUT,chunk_4,8,0,4096
1776916149812006,PUT,chunk_0,8,0,4096
1776916149812012,PUT,chunk_0,8,0,4096
1776916149812017,PUT,chunk_0,8,0,4096
1776916149812022,PUT,chunk_0,8,0,4096
1776916149812027,PUT,chunk_0,9,0,4096
1776916149812038,GET,chunk_0,9,0,0
1776916149812043,GET,chunk_0,9,0,0
1776916149812048,GET,chunk_0,9,0,0
1776916149812033,GET,chunk_0,8,0,0
1776916149812056,GET,chunk_0,9,0,0
1776916149812051,GET,chunk_1,9,0,0
1776916149812066,GET,chunk_0,10,0,0
1776916149812062,GET,chunk_0,9,0,0
1776916149812075,GET,chunk_0,9,0,0
1776916149812080,PUT,chunk_0,9,0,4096
1776916149812085,PUT,chunk_0,10,0,4096
1776916149812069,PUT,chunk_0,9,0,4096
1776916149812099,GET,chunk_0,8,0,0
1776916149812104,GET,chunk_0,9,0,0
1776916149812094,PUT,chunk_0,8,0,4096
1776916149812112,GET,chunk_0,10,0,0
1776916149812118,GET,chunk_0,11,0,0
1776916149812122,GET,chunk_0,14,0,0
1776916149812088,PUT,chunk_0,9,0,4096
1776916149812141,PUT,chunk_0,10,0,4096
1776916149812127,GET,chunk_0,11,0,0
1776916149812135,GET,chunk_0,10,0,0
1776916149812157,GET,chunk_0,11,0,0
1776916149812152,GET,chunk_0,11,0,0
1776916149812167,GET,chunk_2,11,0,0
1776916149812171,GET,chunk_0,10,0,0
1776916149812177,GET,chunk_4,9,0,0
1776916149812162,PUT,chunk_0,11,0,4096
1776916149812186,PUT,chunk_0,10,0,4096
1776916149812196,GET,chunk_0,9,0,0
1776916149812202,GET,chunk_0,9,0,0
1776916149812189,PUT,chunk_0,10,0,4096
1776916149812209,GET,chunk_0,11,0,0
1776916149812216,PUT,chunk_0,13,0,4096
1776916149812226,GET,chunk_0,11,0,0
1776916149812234,GET,chunk_0,11,0,0
1776916149812242,GET,chunk_0,10,0,0
1776916149812250,GET,chunk_0,9,0,0
1776916149812257,GET,chunk_0,8,0,0
1776916149812219,PUT,chunk_0,13,0,4096
1776916149812269,GET,chunk_0,9,0,0
1776916149812275,GET,chunk_0,11,0,0
1776916149812283,GET,chunk_0,10,0,0
1776916149812291,GET,chunk_0,10,0,0
1776916149812299,GET,chunk_0,10,0,0
1776916149812307,PUT,chunk_3,10,0,4096
1776916149812314,GET,chunk_0,9,0,0
1776916149812263,PUT,chunk_0,8,0,4096
1776916149812328,GET,chunk_0,8,0,0
1776916149812322,GET,chunk_0,8,0,0
1776916149812341,PUT,chunk_0,10,0,4096
1776916149812334,PUT,chunk_0,11,0,4096
1776916149812357,GET,chunk_0,10,0,0
1776916149812349,GET,chunk_0,10,0,0
1776916149812372,GET,chunk_2,9,0,0
1776916149812364,GET,chunk_0,10,0,0
1776916149812386,PUT,chunk_0,10,0,4096
1776916149812378,GET,chunk_4,10,0,0
1776916149812401,GET,chunk_1,10,0,0
1776916149812393,PUT,chunk_0,11,0,4096
1776916149812416,GET,chunk_0,10,0,0
1776916149812408,GET,chunk_4,11,0,0
1776916149812432,GET,chunk_4,11,0,0
1776916149812424,GET,chunk_0,11,0,0
1776916149812447,GET,chunk_0,10,0,0
1776916149812439,PUT,chunk_0,11,0,4096
1776916149812462,GET,chunk_1,9,0,0
1776916149812455,GET,chunk_2,10,0,0
1776916149812476,GET,chunk_1,10,0,0
1776916149812468,PUT,chunk_0,11,0,4096
1776916149812182,GET,chunk_2,10,0,0
1776916149812484,GET,chunk_0,10,0,0
1776916149812492,PUT,chunk_1,10,0,4096
1776916149812498,GET,chunk_0,11,0,0
1776916149812518,GET,chunk_0,9,0,0
1776916149812506,GET,chunk_0,10,0,0
1776916149812513,GET,chunk_3,8,0,0
1776916149812525,GET,chunk_0,14,0,0
1776916149812536,GET,chunk_0,12,0,0
1776916149812544,GET,chunk_0,11,0,0
1776916149812532,GET,chunk_4,13,0,0
1776916149812554,GET,chunk_0,12,0,0
1776916149812561,GET,chunk_3,10,0,0
1776916149812550,GET,chunk_0,12,0,0
1776916149812571,GET,chunk_4,12,0,0
1776916149812575,GET,chunk_0,12,0,0
1776916149812567,GET,chunk_0,13,0,0
1776916149812587,GET,chunk_0,10,0,0
1776916149812591,GET,chunk_0,9,0,0
1776916149812585,PUT,chunk_1,10,0,4096
1776916149812602,PUT,chunk_0,10,0,4096
1776916149812597,GET,chunk_0,10,0,0
1776916149812611,PUT,chunk_0,9,0,4096
1776916149812604,GET,chunk_0,10,0,0
1776916149812621,PUT,chunk_0,10,0,4096
1776916149812616,PUT,chunk_0,9,0,4096
1776916149812631,GET,chunk_0,9,0,0
1776916149812636,PUT,chunk_1,9,0,4096
1776916149812641,GET,chunk_0,10,0,0
1776916149812624,GET,chunk_0,10,0,0
1776916149812655,GET,chunk_0,9,0,0
1776916149812660,GET,chunk_0,9,0,0
1776916149812650,GET,chunk_0,9,0,0
1776916149812668,PUT,chunk_0,10,0,4096
1776916149812675,PUT,chunk_0,12,0,4096
1776916149812679,PUT,chunk_1,14,0,4096
1776916149812684,PUT,chunk_3,12,0,4096
1776916149812644,GET,chunk_2,9,0,0
1776916149812698,PUT,chunk_1,13,0,4096
1776916149812692,PUT,chunk_0,11,0,4096
1776916149812709,GET,chunk_0,10,0,0
1776916149812715,PUT,chunk_0,9,0,4096
1776916149812720,GET,chunk_0,10,0,0
1776916149812724,GET,chunk_0,11,0,0
1776916149812729,GET,chunk_2,10,0,0
1776916149812701,GET,chunk_0,12,0,0
1776916149812739,GET,chunk_0,10,0,0
1776916149812735,GET,chunk_0,10,0,0
1776916149812749,GET,chunk_1,9,0,0
1776916149812754,PUT,chunk_0,9,0,4096
1776916149812759,GET,chunk_0,10,0,0
1776916149812762,GET,chunk_0,9,0,0
1776916149812774,PUT,chunk_4,9,0,4096
1776916149812779,GET,chunk_1,11,0,0
1776916149812787,GET,chunk_0,11,0,0
1776916149812795,PUT,chunk_0,10,0,4096
1776916149812804,PUT,chunk_0,10,0,4096
1776916149812811,GET,chunk_0,10,0,0
1776916149812819,PUT,chunk_2,9,0,4096
1776916149812767,GET,chunk_0,8,0,0
1776916149812832,GET,chunk_0,8,0,0
1776916149812838,GET,chunk_0,10,0,0
1776916149812845,GET,chunk_0,10,0,0
1776916149812826,PUT,chunk_0,8,0,4096
1776916149812861,PUT,chunk_0,10,0,4096
1776916149812854,GET,chunk_0,10,0,0
1776916149812876,GET,chunk_0,8,0,0
1776916149812883,GET,chunk_0,11,0,0
1776916149812890,PUT,chunk_4,10,0,4096
1776916149812868,GET,chunk_0,10,0,0
1776916149812905,GET,chunk_4,9,0,0
1776916149812912,PUT,chunk_0,11,0,4096
1776916149812920,GET,chunk_0,9,0,0
1776916149812742,GET,chunk_0,9,0,0
1776916149812928,PUT,chunk_0,8,0,4096
1776916149812898,GET,chunk_0,10,0,0
1776916149812937,GET,chunk_3,11,0,0
1776916149812941,GET,chunk_0,10,0,0
1776916149812947,GET,chunk_0,9,0,0
1776916149812934,GET,chunk_0,9,0,0
1776916149812956,GET,chunk_1,11,0,0
1776916149812960,GET,chunk_0,10,0,0
1776916149812966,GET,chunk_0,9,0,0
1776916149812971,GET,chunk_0,10,0,0
1776916149812974,GET,chunk_3,9,0,0
1776916149812952,PUT,chunk_0,10,0,4096
1776916149812985,GET,chunk_0,11,0,0
1776916149812981,PUT,chunk_0,10,0,4096
1776916149812994,GET,chunk_2,9,0,0
1776916149813000,GET,chunk_0,8,0,0
1776916149813004,GET,chunk_0,10,0,0
1776916149813007,GET,chunk_0,9,0,0
1776916149813019,GET,chunk_0,9,0,0
1776916149813024,GET,chunk_0,10,0,0
1776916149812987,GET,chunk_0,10,0,0
1776916149813040,GET,chunk_0,11,0,0
1776916149813047,GET,chunk_0,11,0,0
1776916149813056,PUT,chunk_4,10,0,4096
1776916149813063,GET,chunk_4,10,0,0
1776916149813071,PUT,chunk_0,9,0,4096
1776916149813077,GET,chunk_0,8,0,0
1776916149813033,GET,chunk_0,11,0,0
1776916149813084,GET,chunk_0,8,0,0
1776916149813013,GET,chunk_0,8,0,0
1776916149813090,PUT,chunk_2,10,0,4096
1776916149813103,PUT,chunk_0,9,0,4096
1776916149813109,GET,chunk_0,8,0,0
1776916149813097,PUT,chunk_0,9,0,4096
1776916149813116,PUT,chunk_0,8,0,4096
1776916149813122,GET,chunk_0,9,0,0
1776916149813093,GET,chunk_0,12,0,0
1776916149813130,GET,chunk_2,11,0,0
1776916149813126,GET,chunk_0,10,0,0
1776916149813139,GET,chunk_0,9,0,0
1776916149813145,GET,chunk_2,9,0,0
1776916149813150,GET,chunk_0,10,0,0
1776916149813152,GET,chunk_0,9,0,0
1776916149813164,GET,chunk_0,9,0,0
1776916149813170,GET,chunk_0,10,0,0
1776916149813178,PUT,chunk_0,11,0,4096
1776916149813185,PUT,chunk_3,11,0,4096
1776916149813194,PUT,chunk_0,10,0,4096
1776916149813201,GET,chunk_0,10,0,0
1776916149813209,GET,chunk_0,10,0,0
1776916149813217,GET,chunk_0,8,0,0
1776916149813134,GET,chunk_0,10,0,0
1776916149813230,GET,chunk_1,9,0,0
1776916149813236,PUT,chunk_0,11,0,4096
1776916149813243,GET,chunk_0,11,0,0
1776916149813253,PUT,chunk_4,9,0,4096
1776916149813259,GET,chunk_0,8,0,0
1776916149813266,PUT,chunk_4,8,0,4096
1776916149813271,GET,chunk_0,8,0,0
1776916149813223,PUT,chunk_0,8,0,4096
1776916149813158,GET,chunk_0,8,0,0
1776916149813290,GET,chunk_0,8,0,0
1776916149813295,PUT,chunk_0,8,0,4096
1776916149813284,GET,chunk_0,8,0,0
1776916149813279,GET,chunk_0,8,0,0
1776916149813312,GET,chunk_0,9,0,0
1776916149813318,PUT,chunk_0,10,0,4096
1776916149813326,PUT,chunk_0,10,0,4096
1776916149813333,GET,chunk_0,10,0,0
1776916149813341,GET,chunk_2,11,0,0
1776916149813349,GET,chunk_0,10,0,0
1776916149813357,PUT,chunk_0,10,0,4096
1776916149813364,PUT,chunk_1,11,0,4096
1776916149813372,GET,chunk_3,9,0,0
1776916149813302,GET,chunk_0,8,0,0
1776916149813379,GET,chunk_0,10,0,0
1776916149813308,PUT,chunk_0,8,0,4096
1776916149813386,PUT,chunk_4,12,0,4096
1776916149813389,PUT,chunk_0,15,0,4096
1776916149813409,PUT,chunk_0,11,0,4096
1776916149813394,GET,chunk_0,12,0,0
1776916149813402,GET,chunk_0,11,0,0
1776916149813425,GET,chunk_0,10,0,0
1776916149813429,GET,chunk_0,10,0,0
1776916149813435,GET,chunk_0,10,0,0
1776916149813420,PUT,chunk_0,10,0,4096
1776916149813450,PUT,chunk_0,9,0,4096
1776916149813456,GET,chunk_0,11,0,0
1776916149813464,PUT,chunk_0,10,0,4096
1776916149813473,PUT,chunk_0,10,0,4096
1776916149813480,GET,chunk_4,10,0,0
1776916149813488,GET,chunk_0,10,0,0
1776916149813496,PUT,chunk_1,10,0,4096
1776916149813503,PUT,chunk_0,8,0,4096
1776916149813510,GET,chunk_0,8,0,0
1776916149813439,GET,chunk_0,9,0,0
1776916149813516,GET,chunk_0,8,0,0
1776916149813521,GET,chunk_0,8,0,0
1776916149813525,GET,chunk_0,11,0,0
1776916149813444,GET,chunk_0,9,0,0
1776916149813534,PUT,chunk_0,10,0,4096
1776916149813540,GET,chunk_2,9,0,0
1776916149813545,PUT,chunk_1,10,0,4096
1776916149813548,GET,chunk_0,9,0,0
1776916149813559,GET,chunk_0,9,0,0
1776916149813565,PUT,chunk_2,11,0,4096
1776916149813573,PUT,chunk_0,10,0,4096
1776916149813581,GET,chunk_0,10,0,0
1776916149813589,GET,chunk_2,10,0,0
1776916149813596,GET,chunk_0,10,0,0
1776916149813604,PUT,chunk_2,10,0,4096
1776916149813612,GET,chunk_0,9,0,0
1776916149813529,GET,chunk_0,11,0,0
1776916149813625,GET,chunk_0,8,0,0
1776916149813630,GET,chunk_0,11,0,0
1776916149813638,GET,chunk_0,10,0,0
1776916149813646,PUT,chunk_0,11,0,4096
1776916149813654,GET,chunk_0,10,0,0
1776916149813553,GET,chunk_0,8,0,0
1776916149813663,GET,chunk_0,10,0,0
1776916149813669,GET,chunk_0,12,0,0
1776916149813673,GET,chunk_0,13,0,0
1776916149813685,GET,chunk_0,8,0,0
1776916149813690,GET,chunk_0,9,0,0
1776916149813678,GET,chunk_0,10,0,0
1776916149813697,PUT,chunk_0,10,0,4096
1776916149813704,GET,chunk_0,13,0,0
1776916149813708,PUT,chunk_0,14,0,4096
1776916149813619,PUT,chunk_0,8,0,4096
1776916149813722,GET,chunk_0,10,0,0
1776916149813727,GET,chunk_4,11,0,0
1776916149813733,PUT,chunk_0,13,0,4096
1776916149813713,PUT,chunk_0,12,0,4096
1776916149813751,GET,chunk_0,9,0,0
1776916149813757,GET,chunk_0,11,0,0
1776916149813765,GET,chunk_0,10,0,0
1776916149813773,GET,chunk_0,10,0,0
1776916149813780,PUT,chunk_3,10,0,4096
1776916149813788,PUT,chunk_3,9,0,4096
1776916149813796,GET,chunk_0,9,0,0
1776916149813802,GET,chunk_0,8,0,0
1776916149813743,PUT,chunk_0,10,0,4096
1776916149813809,GET,chunk_0,8,0,0
1776916149813815,PUT,chunk_0,10,0,4096
1776916149813819,GET,chunk_3,11,0,0
1776916149813829,GET,chunk_0,8,0,0
1776916149813834,PUT,chunk_0,9,0,4096
1776916149813823,PUT,chunk_0,9,0,4096
1776916149813842,GET,chunk_0,10,0,0
1776916149813848,GET,chunk_4,11,0,0
1776916149813852,GET,chunk_0,13,0,0
1776916149813865,GET,chunk_0,10,0,0
1776916149813871,GET,chunk_0,10,0,0
1776916149813857,GET,chunk_0,11,0,0
1776916149813880,PUT,chunk_0,10,0,4096
1776916149813886,GET,chunk_0,11,0,0
1776916149813890,PUT,chunk_0,11,0,4096
1776916149813902,GET,chunk_0,8,0,0
1776916149813906,PUT,chunk_0,8,0,4096
1776916149813895,GET,chunk_0,9,0,0
1776916149813914,GET,chunk_0,10,0,0
1776916149813920,GET,chunk_0,10,0,0
1776916149813736,PUT,chunk_0,12,0,4096
1776916149813926,GET,chunk_0,13,0,0
1776916149813942,GET,chunk_0,13,0,0
1776916149813950,PUT,chunk_1,10,0,4096
1776916149813935,PUT,chunk_0,11,0,4096
1776916149813960,PUT,chunk_0,10,0,4096
1776916149813966,GET,chunk_0,10,0,0
1776916149813931,GET,chunk_0,13,0,0
1776916149813977,GET,chunk_0,13,0,0
1776916149813972,PUT,chunk_0,13,0,4096
1776916149813996,GET,chunk_3,11,0,0
1776916149814004,GET,chunk_0,10,0,0
1776916149813990,GET,chunk_2,11,0,0
1776916149813981,GET,chunk_0,12,0,0
1776916149814019,GET,chunk_0,8,0,0
1776916149814012,GET,chunk_0,8,0,0
1776916149814027,GET,chunk_0,10,0,0
1776916149814036,PUT,chunk_3,9,0,4096
1776916149814042,GET,chunk_4,9,0,0
1776916149814030,GET,chunk_0,9,0,0
1776916149814024,GET,chunk_1,10,0,0
1776916149814056,GET,chunk_0,11,0,0
1776916149814050,PUT,chunk_0,10,0,4096
1776916149814067,GET,chunk_4,13,0,0
1776916149814079,GET,chunk_1,11,0,0
1776916149814061,GET,chunk_0,12,0,0
1776916149814095,GET,chunk_0,10,0,0
1776916149814103,PUT,chunk_0,11,0,4096
1776916149814110,GET,chunk_0,10,0,0
1776916149814088,GET,chunk_0,10,0,0
1776916149814126,GET,chunk_0,10,0,0
1776916149814133,GET,chunk_0,11,0,0
1776916149814141,GET,chunk_0,10,0,0
1776916149814149,GET,chunk_0,9,0,0
1776916149814071,GET,chunk_0,12,0,0
1776916149814163,GET,chunk_4,9,0,0
1776916149814169,GET,chunk_0,11,0,0
1776916149814178,GET,chunk_0,10,0,0
1776916149814186,GET,chunk_0,10,0,0
1776916149814193,GET,chunk_0,10,0,0
1776916149814201,GET,chunk_3,10,0,0
1776916149814208,GET,chunk_0,10,0,0
1776916149814216,GET,chunk_0,10,0,0
1776916149814224,GET,chunk_0,8,0,0
1776916149814119,PUT,chunk_3,10,0,4096
1776916149814230,PUT,chunk_3,8,0,4096
1776916149814236,GET,chunk_0,8,0,0
1776916149814239,GET,chunk_4,11,0,0
1776916149814156,GET,chunk_3,8,0,0
1776916149814255,GET,chunk_0,9,0,0
1776916149814262,GET,chunk_0,11,0,0
1776916149814269,GET,chunk_0,10,0,0
1776916149814278,PUT,chunk_2,10,0,4096
1776916149814285,GET,chunk_2,10,0,0
1776916149814293,GET,chunk_0,11,0,0
1776916149814300,GET,chunk_0,9,0,0
1776916149814243,GET,chunk_0,9,0,0
1776916149814308,GET,chunk_0,8,0,0
1776916149814248,PUT,chunk_1,9,0,4096
1776916149814317,PUT,chunk_0,11,0,4096
1776916149814321,PUT,chunk_0,10,0,4096
1776916149814327,GET,chunk_0,9,0,0
1776916149814314,GET,chunk_0,9,0,0
1776916149814336,GET,chunk_0,11,0,0
1776916149814332,GET,chunk_0,10,0,0
1776916149814346,GET,chunk_0,10,0,0
1776916149814340,PUT,chunk_0,10,0,4096
1776916149814355,PUT,chunk_0,10,0,4096
1776916149814359,GET,chunk_0,10,0,0
1776916149814365,GET,chunk_1,10,0,0
1776916149814350,GET,chunk_0,9,0,0
1776916149814373,PUT,chunk_0,11,0,4096
1776916149814369,GET,chunk_3,10,0,0
1776916149814383,GET,chunk_1,11,0,0
1776916149814378,GET,chunk_0,10,0,0
1776916149814393,PUT,chunk_0,11,0,4096
1776916149814398,GET,chunk_0,10,0,0
1776916149814403,GET,chunk_0,9,0,0
1776916149814388,PUT,chunk_0,10,0,4096
1776916149814408,PUT,chunk_0,10,0,4096
1776916149814422,GET,chunk_0,9,0,0
1776916149814428,PUT,chunk_0,8,0,4096
1776916149814416,GET,chunk_0,9,0,0
1776916149814435,GET,chunk_0,8,0,0
1776916149814441,GET,chunk_0,9,0,0
1776916149814412,GET,chunk_0,11,0,0
1776916149814444,GET,chunk_0,11,0,0
1776916149814453,PUT,chunk_0,10,0,4096
1776916149814448,GET,chunk_4,11,0,0
1776916149814463,GET,chunk_0,10,0,0
1776916149814467,GET,chunk_0,10,0,0
1776916149814473,GET,chunk_0,9,0,0
1776916149814458,GET,chunk_0,11,0,0
1776916149814477,PUT,chunk_0,10,0,4096
1776916149814486,GET,chunk_0,10,0,0
1776916149814491,PUT,chunk_3,10,0,4096
1776916149814497,PUT,chunk_0,10,0,4096
1776916149814499,PUT,chunk_4,12,0,4096
1776916149814505,GET,chunk_4,10,0,0
1776916149814511,GET,chunk_0,9,0,0
1776916149814516,GET,chunk_0,10,0,0
1776916149814481,GET,chunk_0,11,0,0
1776916149814524,GET,chunk_2,9,0,0
1776916149814529,GET,chunk_0,9,0,0
1776916149814534,PUT,chunk_0,10,0,4096
1776916149814518,GET,chunk_0,9,0,0
1776916149814548,GET,chunk_0,9,0,0
1776916149814555,PUT,chunk_0,11,0,4096
1776916149814563,GET,chunk_0,10,0,0
1776916149814571,GET,chunk_0,10,0,0
1776916149814579,GET,chunk_0,10,0,0
1776916149814586,PUT,chunk_0,10,0,4096
1776916149814594,PUT,chunk_0,9,0,4096
1776916149814601,GET,chunk_0,9,0,0
1776916149814608,GET,chunk_0,8,0,0
1776916149814542,PUT,chunk_0,8,0,4096
1776916149814620,PUT,chunk_0,9,0,4096
1776916149814626,GET,chunk_0,11,0,0
1776916149814634,GET,chunk_3,11,0,0
1776916149814642,GET,chunk_0,10,0,0
1776916149814650,GET,chunk_3,11,0,0
1776916149814657,PUT,chunk_0,10,0,4096
1776916149814536,GET,chunk_0,10,0,0
1776916149814614,GET,chunk_0,8,0,0
1776916149814677,GET,chunk_2,9,0,0
1776916149814672,GET,chunk_0,8,0,0
1776916149814692,GET,chunk_0,10,0,0
1776916149814700,GET,chunk_0,11,0,0
1776916149814708,GET,chunk_0,10,0,0
1776916149814666,GET,chunk_0,9,0,0
1776916149814683,GET,chunk_0,11,0,0
1776916149814723,PUT,chunk_2,10,0,4096
1776916149814716,GET,chunk_0,10,0,0
1776916149814735,GET,chunk_0,10,0,0
1776916149814729,GET,chunk_0,11,0,0
1776916149814744,GET,chunk_0,9,0,0
1776916149814738,GET,chunk_0,9,0,0
1776916149814754,GET,chunk_0,10,0,0
1776916149814750,GET,chunk_0,9,0,0
1776916149814764,GET,chunk_0,9,0,0
1776916149814769,GET,chunk_0,9,0,0
1776916149814774,GET,chunk_0,10,0,0
1776916149814776,PUT,chunk_0,9,0,4096
1776916149814788,PUT,chunk_0,9,0,4096
1776916149814794,GET,chunk_0,10,0,0
1776916149814802,GET,chunk_0,10,0,0
1776916149814809,PUT,chunk_1,10,0,4096
1776916149814817,PUT,chunk_0,10,0,4096
1776916149814825,GET,chunk_0,10,0,0
1776916149814832,GET,chunk_0,10,0,0
1776916149814840,GET,chunk_1,9,0,0
1776916149814847,GET,chunk_0,9,0,0
1776916149814757,GET,chunk_0,10,0,0
1776916149814854,GET,chunk_0,10,0,0
1776916149814860,GET,chunk_0,12,0,0
1776916149814864,GET,chunk_0,14,0,0
1776916149814877,GET,chunk_0,10,0,0
1776916149814883,PUT,chunk_0,11,0,4096
1776916149814892,GET,chunk_4,8,0,0
1776916149814899,GET,chunk_0,8,0,0
1776916149814782,GET,chunk_0,8,0,0
1776916149814911,PUT,chunk_0,9,0,4096
1776916149814905,GET,chunk_0,8,0,0
1776916149814925,GET,chunk_4,10,0,0
1776916149814933,GET,chunk_0,11,0,0
1776916149814941,GET,chunk_0,10,0,0
1776916149814869,GET,chunk_0,12,0,0
1776916149814950,PUT,chunk_0,10,0,4096
1776916149814956,GET,chunk_0,10,0,0
1776916149814917,PUT,chunk_4,11,0,4096
1776916149814964,GET,chunk_3,10,0,0
1776916149814969,GET,chunk_0,9,0,0
1776916149814960,GET,chunk_0,11,0,0
1776916149814978,GET,chunk_0,10,0,0
1776916149814974,GET,chunk_3,9,0,0
1776916149814988,GET,chunk_0,10,0,0
1776916149814992,GET,chunk_0,9,0,0
1776916149814998,GET,chunk_0,10,0,0
1776916149815001,PUT,chunk_0,11,0,4096
1776916149815006,GET,chunk_0,9,0,0
1776916149814981,GET,chunk_0,9,0,0
1776916149815016,GET,chunk_0,11,0,0
1776916149815012,PUT,chunk_0,9,0,4096
1776916149815026,PUT,chunk_1,9,0,4096
1776916149815019,GET,chunk_0,10,0,0
1776916149815035,GET,chunk_0,11,0,0
1776916149815031,GET,chunk_0,9,0,0
1776916149815045,GET,chunk_2,9,0,0
1776916149815051,PUT,chunk_0,9,0,4096
1776916149815055,GET,chunk_3,11,0,0
1776916149815058,PUT,chunk_0,9,0,4096
1776916149815070,GET,chunk_0,9,0,0
1776916149815076,GET,chunk_0,10,0,0
1776916149815084,GET,chunk_0,10,0,0
1776916149815091,GET,chunk_0,11,0,0
1776916149815100,GET,chunk_2,10,0,0
1776916149815106,GET,chunk_0,10,0,0
1776916149815115,PUT,chunk_0,10,0,4096
1776916149815122,PUT,chunk_4,8,0,4096
1776916149815038,GET,chunk_0,10,0,0
1776916149815135,GET,chunk_0,8,0,0
1776916149815141,GET,chunk_0,11,0,0
1776916149815149,GET,chunk_0,10,0,0
1776916149815129,PUT,chunk_0,8,0,4096
1776916149815164,GET,chunk_0,11,0,0
1776916149815171,GET,chunk_0,11,0,0
1776916149815180,GET,chunk_0,10,0,0
1776916149815187,GET,chunk_0,9,0,0
1776916149815194,PUT,chunk_0,8,0,4096
1776916149815063,GET,chunk_0,8,0,0
1776916149815200,PUT,chunk_0,8,0,4096
1776916149815206,GET,chunk_0,8,0,0
1776916149815157,GET,chunk_0,10,0,0
1776916149815214,PUT,chunk_0,11,0,4096
1776916149815218,GET,chunk_4,10,0,0
1776916149815224,GET,chunk_0,10,0,0
1776916149815210,GET,chunk_0,10,0,0
1776916149815232,GET,chunk_0,10,0,0
1776916149815238,GET,chunk_0,9,0,0
1776916149815243,PUT,chunk_0,10,0,4096
1776916149815228,PUT,chunk_0,11,0,4096
1776916149815258,GET,chunk_3,10,0,0
1776916149815264,GET,chunk_0,11,0,0
1776916149815273,GET,chunk_0,10,0,0
1776916149815281,GET,chunk_0,10,0,0
1776916149815289,GET,chunk_0,10,0,0
1776916149815296,GET,chunk_0,10,0,0
1776916149815304,GET,chunk_2,10,0,0
1776916149815312,GET,chunk_0,8,0,0
1776916149815246,PUT,chunk_0,10,0,4096
1776916149815324,PUT,chunk_2,9,0,4096
1776916149815330,GET,chunk_0,11,0,0
1776916149815338,GET,chunk_0,10,0,0
1776916149815346,PUT,chunk_0,10,0,4096
1776916149815354,PUT,chunk_0,10,0,4096
1776916149815362,GET,chunk_0,10,0,0
1776916149815370,PUT,chunk_0,10,0,4096
1776916149815377,GET,chunk_0,8,0,0
1776916149815251,PUT,chunk_3,9,0,4096
1776916149815390,GET,chunk_0,8,0,0
1776916149815384,GET,chunk_0,8,0,0
1776916149815404,PUT,chunk_0,10,0,4096
1776916149815396,GET,chunk_3,11,0,0
1776916149815419,PUT,chunk_0,10,0,4096
1776916149815427,GET,chunk_0,11,0,0
1776916149815434,GET,chunk_4,10,0,0
1776916149815411,GET,chunk_0,11,0,0
1776916149815449,GET,chunk_0,9,0,0
1776916149815454,GET,chunk_1,9,0,0
1776916149815461,GET,chunk_0,8,0,0
1776916149815442,GET,chunk_0,9,0,0
1776916149815474,PUT,chunk_0,9,0,4096
1776916149815479,GET,chunk_0,9,0,0
1776916149815486,GET,chunk_4,8,0,0
1776916149815468,PUT,chunk_0,9,0,4096
1776916149815499,GET,chunk_0,8,0,0
1776916149815505,PUT,chunk_0,9,0,4096
1776916149815511,GET,chunk_0,8,0,0
1776916149815318,PUT,chunk_3,8,0,4096
1776916149815518,GET,chunk_0,8,0,0
1776916149815523,GET,chunk_0,9,0,0
1776916149815493,PUT,chunk_0,8,0,4096
1776916149815531,GET,chunk_0,11,0,0
1776916149815535,GET,chunk_0,9,0,0
1776916149815527,GET,chunk_0,10,0,0
1776916149815546,PUT,chunk_0,10,0,4096
1776916149815541,GET,chunk_0,9,0,0
1776916149815556,GET,chunk_0,9,0,0
1776916149815560,GET,chunk_0,9,0,0
1776916149815565,PUT,chunk_0,10,0,4096
1776916149815548,GET,chunk_0,10,0,0
1776916149815579,PUT,chunk_0,9,0,4096
1776916149815584,GET,chunk_0,9,0,0
1776916149815569,GET,chunk_0,9,0,0
1776916149815599,GET,chunk_3,10,0,0
1776916149815592,GET,chunk_0,10,0,0
1776916149815614,GET,chunk_0,10,0,0
1776916149815606,GET,chunk_2,11,0,0
1776916149815629,PUT,chunk_1,10,0,4096
1776916149815637,GET,chunk_3,9,0,0
1776916149815644,GET,chunk_0,8,0,0
1776916149815574,PUT,chunk_2,9,0,4096
1776916149815622,GET,chunk_2,11,0,0
1776916149815657,GET,chunk_0,13,0,0
1776916149815652,GET,chunk_0,11,0,0
1776916149815669,GET,chunk_0,13,0,0
1776916149815662,GET,chunk_0,13,0,0
1776916149815680,PUT,chunk_2,13,0,4096
1776916149815673,PUT,chunk_0,13,0,4096
1776916149815692,PUT,chunk_0,11,0,4096
1776916149815696,GET,chunk_0,10,0,0
1776916149815702,PUT,chunk_1,9,0,4096
1776916149815686,PUT,chunk_4,11,0,4096
1776916149815711,GET,chunk_0,11,0,0
1776916149815707,PUT,chunk_0,10,0,4096
1776916149815721,GET,chunk_0,9,0,0
1776916149815714,GET,chunk_0,10,0,0
1776916149815731,GET,chunk_0,11,0,0
1776916149815726,GET,chunk_0,9,0,0
1776916149815740,PUT,chunk_3,11,0,4096
1776916149815735,PUT,chunk_0,11,0,4096
1776916149815750,GET,chunk_0,12,0,0
1776916149815755,GET,chunk_0,11,0,0
1776916149815760,GET,chunk_1,11,0,0
1776916149815745,GET,chunk_0,10,0,0
1776916149815770,GET,chunk_4,10,0,0
1776916149815774,PUT,chunk_0,10,0,4096
1776916149815780,GET,chunk_0,11,0,0
1776916149815784,GET,chunk_2,11,0,0
1776916149815766,GET,chunk_0,9,0,0
1776916149815799,GET,chunk_3,9,0,0
1776916149815788,GET,chunk_0,9,0,0
1776916149815795,PUT,chunk_0,9,0,4096
1776916149815814,GET,chunk_0,13,0,0
1776916149815819,GET,chunk_0,14,0,0
1776916149815809,GET,chunk_2,12,0,0
1776916149815832,GET,chunk_1,14,0,0
1776916149815837,PUT,chunk_0,13,0,4096
1776916149815844,GET,chunk_3,12,0,0
1776916149815825,GET,chunk_0,14,0,0
1776916149815856,PUT,chunk_0,10,0,4096
1776916149815860,PUT,chunk_0,10,0,4096
1776916149815866,PUT,chunk_0,11,0,4096
1776916149815851,GET,chunk_0,10,0,0
1776916149815881,PUT,chunk_0,9,0,4096
1776916149815887,GET,chunk_0,11,0,0
1776916149815895,GET,chunk_0,10,0,0
1776916149815903,GET,chunk_0,10,0,0
1776916149815911,GET,chunk_0,10,0,0
1776916149815918,GET,chunk_0,10,0,0
1776916149815926,GET,chunk_2,10,0,0
1776916149815934,GET,chunk_0,9,0,0
1776916149815870,GET,chunk_0,9,0,0
1776916149815947,GET,chunk_4,9,0,0
1776916149815953,GET,chunk_0,11,0,0
1776916149815961,GET,chunk_0,10,0,0
1776916149815969,GET,chunk_0,10,0,0
1776916149815976,PUT,chunk_0,10,0,4096
1776916149815984,PUT,chunk_0,10,0,4096
1776916149815992,GET,chunk_0,10,0,0
1776916149816000,GET,chunk_0,8,0,0
1776916149816006,PUT,chunk_0,8,0,4096
1776916149815941,GET,chunk_0,8,0,0
1776916149816019,GET,chunk_0,9,0,0
1776916149816013,PUT,chunk_0,8,0,4096
1776916149816033,GET,chunk_0,10,0,0
1776916149816040,GET,chunk_0,11,0,0
1776916149816048,GET,chunk_4,10,0,0
1776916149816056,GET,chunk_2,10,0,0
1776916149816064,PUT,chunk_0,9,0,4096
1776916149816025,PUT,chunk_0,11,0,4096
1776916149816077,GET,chunk_0,8,0,0
1776916149816083,PUT,chunk_0,11,0,4096
1776916149816090,PUT,chunk_0,10,0,4096
1776916149816099,PUT,chunk_2,10,0,4096
1776916149816106,GET,chunk_2,10,0,0
1776916149816114,PUT,chunk_0,10,0,4096
1776916149816121,GET,chunk_0,10,0,0
1776916149816130,PUT,chunk_0,9,0,4096
1776916149816136,GET,chunk_0,8,0,0
1776916149816143,GET,chunk_0,8,0,0
1776916149815874,PUT,chunk_0,9,0,4096
1776916149816155,GET,chunk_0,8,0,0
1776916149816161,GET,chunk_0,11,0,0
1776916149816169,GET,chunk_0,10,0,0
1776916149816149,GET,chunk_0,8,0,0
1776916149816184,GET,chunk_0,10,0,0
1776916149816177,GET,chunk_0,10,0,0
1776916149816199,GET,chunk_0,10,0,0
1776916149816191,PUT,chunk_0,11,0,4096
1776916149816214,GET,chunk_0,10,0,0
1776916149816206,PUT,chunk_1,11,0,4096
1776916149816230,PUT,chunk_0,9,0,4096
1776916149816222,GET,chunk_0,11,0,0
1776916149816245,GET,chunk_0,10,0,0
1776916149816237,GET,chunk_0,11,0,0
1776916149816260,PUT,chunk_0,10,0,4096
1776916149816252,PUT,chunk_3,11,0,4096
1776916149816275,GET,chunk_0,10,0,0
1776916149816268,GET,chunk_4,10,0,0
1776916149816290,GET,chunk_1,8,0,0
1776916149816282,GET,chunk_0,10,0,0
1776916149816304,GET,chunk_0,10,0,0
1776916149816296,GET,chunk_0,11,0,0
1776916149816319,GET,chunk_0,10,0,0
1776916149816311,PUT,chunk_0,11,0,4096
1776916149816334,GET,chunk_0,10,0,0
1776916149816327,GET,chunk_0,11,0,0
1776916149816350,GET,chunk_0,10,0,0
1776916149816342,GET,chunk_2,11,0,0
1776916149816365,GET,chunk_0,10,0,0
1776916149816357,PUT,chunk_0,11,0,4096
1776916149816380,GET,chunk_0,10,0,0
1776916149816372,GET,chunk_0,10,0,0
1776916149816394,GET,chunk_0,8,0,0
1776916149816388,GET,chunk_0,9,0,0
1776916149816408,GET,chunk_0,10,0,0
1776916149816400,GET,chunk_0,11,0,0
1776916149816071,GET,chunk_0,8,0,0
1776916149816416,PUT,chunk_0,12,0,4096
1776916149816423,GET,chunk_0,11,0,0
1776916149816430,GET,chunk_0,11,0,0
1776916149816437,PUT,chunk_0,10,0,4096
1776916149816443,GET,chunk_0,8,0,0
1776916149816449,PUT,chunk_0,8,0,4096
1776916149816454,GET,chunk_2,8,0,0
1776916149816459,GET,chunk_0,8,0,0
1776916149816465,GET,chunk_0,8,0,0
1776916149816481,PUT,chunk_0,8,0,4096
1776916149816470,PUT,chunk_1,8,0,4096
1776916149816475,GET,chunk_0,8,0,0
1776916149816494,GET,chunk_0,13,0,0
1776916149816489,GET,chunk_0,11,0,0
1776916149816506,GET,chunk_0,15,0,0
1776916149816512,GET,chunk_0,13,0,0
1776916149816518,GET,chunk_0,12,0,0
1776916149816499,GET,chunk_0,14,0,0
1776916149816531,GET,chunk_0,12,0,0
1776916149816526,GET,chunk_0,12,0,0
1776916149816541,GET,chunk_0,9,0,0
1776916149816547,GET,chunk_0,10,0,0
1776916149816551,PUT,chunk_0,11,0,4096
1776916149816535,GET,chunk_2,10,0,0
1776916149816566,PUT,chunk_4,8,0,4096
1776916149816555,PUT,chunk_4,9,0,4096
1776916149816562,PUT,chunk_4,9,0,4096
1776916149816580,GET,chunk_0,14,0,0
1776916149816586,GET,chunk_0,14,0,0
1776916149816592,GET,chunk_0,13,0,0
1776916149816576,GET,chunk_4,11,0,0
1776916149816605,GET,chunk_4,12,0,0
1776916149816599,GET,chunk_1,11,0,0
1776916149816616,PUT,chunk_0,10,0,4096
1776916149816609,GET,chunk_3,11,0,0
1776916149816626,GET,chunk_2,11,0,0
1776916149816621,GET,chunk_0,10,0,0
1776916149816636,GET,chunk_0,10,0,0
1776916149816630,GET,chunk_0,10,0,0
1776916149816645,PUT,chunk_0,11,0,4096
1776916149816640,PUT,chunk_1,10,0,4096
1776916149816655,GET,chunk_2,11,0,0
1776916149816650,PUT,chunk_0,11,0,4096
1776916149816665,GET,chunk_0,11,0,0
1776916149816670,GET,chunk_0,10,0,0
1776916149816675,GET,chunk_0,10,0,0
1776916149816680,GET,chunk_0,9,0,0
1776916149816685,GET,chunk_0,9,0,0
1776916149816660,PUT,chunk_0,11,0,4096
1776916149816690,GET,chunk_3,9,0,0
1776916149816698,GET,chunk_0,10,0,0
1776916149816703,GET,chunk_0,9,0,0
1776916149816708,GET,chunk_0,9,0,0
1776916149816694,PUT,chunk_0,10,0,4096
1776916149816717,PUT,chunk_0,10,0,4096
1776916149816721,PUT,chunk_0,10,0,4096
1776916149816713,PUT,chunk_0,10,0,4096
1776916149816731,GET,chunk_0,11,0,0
1776916149816736,GET,chunk_0,10,0,0
1776916149816728,GET,chunk_0,10,0,0
1776916149816746,GET,chunk_0,10,0,0
1776916149816750,PUT,chunk_0,10,0,4096
1776916149816756,GET,chunk_0,9,0,0
1776916149816742,PUT,chunk_4,10,0,4096
1776916149816764,GET,chunk_4,12,0,0
1776916149816760,GET,chunk_2,11,0,0
1776916149816774,GET,chunk_0,11,0,0
1776916149816769,GET,chunk_0,10,0,0
1776916149816784,GET,chunk_0,11,0,0
1776916149816789,PUT,chunk_0,11,0,4096
1776916149816794,GET,chunk_2,10,0,0
1776916149816779,GET,chunk_0,10,0,0
1776916149816804,GET,chunk_1,10,0,0
1776916149816800,GET,chunk_0,9,0,0
1776916149816814,GET,chunk_0,9,0,0
1776916149816807,PUT,chunk_0,9,0,4096
1776916149816824,GET,chunk_0,10,0,0
1776916149816819,GET,chunk_1,9,0,0
1776916149816833,PUT,chunk_0,9,0,4096
1776916149816838,PUT,chunk_0,9,0,4096
1776916149816843,GET,chunk_0,11,0,0
1776916149816846,GET,chunk_0,9,0,0
1776916149816859,PUT,chunk_0,8,0,4096
1776916149816864,GET,chunk_0,8,0,0
1776916149816871,GET,chunk_0,8,0,0
1776916149816877,GET,chunk_0,9,0,0
1776916149816884,GET,chunk_0,8,0,0
1776916149816890,PUT,chunk_0,8,0,4096
1776916149816896,GET,chunk_4,9,0,0
1776916149816903,GET,chunk_0,10,0,0
1776916149816911,PUT,chunk_1,10,0,4096
1776916149816918,GET,chunk_0,10,0,0
1776916149816927,GET,chunk_0,10,0,0
1776916149816934,GET,chunk_0,10,0,0
1776916149816942,GET,chunk_0,9,0,0
1776916149816949,PUT,chunk_0,8,0,4096
1776916149816851,GET,chunk_0,8,0,0
1776916149816956,GET,chunk_0,8,0,0
1776916149816826,GET,chunk_0,10,0,0
1776916149816965,GET,chunk_0,11,0,0
1776916149816969,GET,chunk_0,10,0,0
1776916149816975,GET,chunk_0,10,0,0
1776916149816962,PUT,chunk_0,8,0,4096
1776916149816983,GET,chunk_0,10,0,0
1776916149816989,GET,chunk_0,9,0,0
1776916149816994,PUT,chunk_0,10,0,4096
1776916149816979,GET,chunk_0,10,0,0
1776916149817008,GET,chunk_0,10,0,0
1776916149817015,GET,chunk_0,11,0,0
1776916149817023,GET,chunk_0,10,0,0
1776916149817031,GET,chunk_2,10,0,0
1776916149817038,GET,chunk_0,10,0,0
1776916149817046,GET,chunk_0,10,0,0
1776916149817054,GET,chunk_0,9,0,0
1776916149817002,GET,chunk_0,9,0,0
1776916149817067,GET,chunk_0,8,0,0
1776916149817073,GET,chunk_2,11,0,0
1776916149817081,GET,chunk_4,10,0,0
1776916149817061,GET,chunk_0,8,0,0
1776916149817096,GET,chunk_0,10,0,0
1776916149817090,GET,chunk_0,10,0,0
1776916149817111,PUT,chunk_0,10,0,4096
1776916149817118,GET,chunk_3,11,0,0
1776916149817126,GET,chunk_3,10,0,0
1776916149817134,GET,chunk_0,10,0,0
1776916149817142,GET,chunk_3,10,0,0
1776916149817150,GET,chunk_3,10,0,0
1776916149817157,GET,chunk_0,9,0,0
1776916149817104,PUT,chunk_0,10,0,4096
1776916149817170,PUT,chunk_0,9,0,4096
1776916149817176,PUT,chunk_0,11,0,4096
1776916149817184,GET,chunk_0,10,0,0
1776916149817165,PUT,chunk_0,8,0,4096
1776916149817199,PUT,chunk_0,10,0,4096
1776916149817206,GET,chunk_0,10,0,0
1776916149817214,GET,chunk_0,8,0,0
1776916149816997,PUT,chunk_0,10,0,4096
1776916149817192,GET,chunk_0,9,0,0
1776916149817221,GET,chunk_0,8,0,0
1776916149817227,GET,chunk_0,9,0,0
1776916149817246,PUT,chunk_0,10,0,4096
1776916149817238,GET,chunk_0,12,0,0
1776916149817232,GET,chunk_0,11,0,0
1776916149817254,GET,chunk_0,8,0,0
1776916149817276,GET,chunk_0,10,0,0
1776916149817261,GET,chunk_0,10,0,0
1776916149817268,GET,chunk_0,11,0,0
1776916149817292,PUT,chunk_0,11,0,4096
1776916149817286,GET,chunk_0,12,0,0
1776916149817303,GET,chunk_0,14,0,0
1776916149817297,GET,chunk_0,11,0,0
1776916149817322,GET,chunk_2,11,0,0
1776916149817331,GET,chunk_0,11,0,0
1776916149817339,GET,chunk_0,10,0,0
1776916149817347,GET,chunk_0,9,0,0
1776916149817354,GET,chunk_0,8,0,0
1776916149817314,PUT,chunk_0,11,0,4096
1776916149817366,PUT,chunk_0,9,0,4096
1776916149817360,GET,chunk_0,8,0,0
1776916149817380,PUT,chunk_0,10,0,4096
1776916149817372,PUT,chunk_0,11,0,4096
1776916149817396,GET,chunk_1,10,0,0
1776916149817388,PUT,chunk_0,11,0,4096
1776916149817411,GET,chunk_1,10,0,0
1776916149817403,PUT,chunk_0,11,0,4096
1776916149817425,GET,chunk_0,9,0,0
1776916149817419,PUT,chunk_0,9,0,4096
1776916149817439,GET,chunk_0,10,0,0
1776916149817431,GET,chunk_0,11,0,0
1776916149817454,PUT,chunk_3,10,0,4096
1776916149817447,GET,chunk_4,11,0,0
1776916149817308,GET,chunk_0,12,0,0
1776916149817476,GET,chunk_0,10,0,0
1776916149817482,PUT,chunk_0,10,0,4096
1776916149817469,GET,chunk_0,9,0,0
1776916149817491,GET,chunk_0,10,0,0
1776916149817497,GET,chunk_0,12,0,0
1776916149817501,GET,chunk_0,14,0,0
1776916149817514,GET,chunk_0,10,0,0
1776916149817520,GET,chunk_0,10,0,0
1776916149817528,GET,chunk_0,10,0,0
1776916149817536,PUT,chunk_0,10,0,4096
1776916149817544,GET,chunk_0,10,0,0
1776916149817552,GET,chunk_0,10,0,0
1776916149817559,GET,chunk_0,10,0,0
1776916149817566,GET,chunk_1,9,0,0
1776916149817462,PUT,chunk_0,12,0,4096
1776916149817506,PUT,chunk_0,12,0,4096
1776916149817586,GET,chunk_0,9,0,0
1776916149817593,GET,chunk_0,10,0,0
1776916149817574,PUT,chunk_0,8,0,4096
1776916149817608,GET,chunk_0,10,0,0
1776916149817616,PUT,chunk_0,11,0,4096
1776916149817624,GET,chunk_0,10,0,0
1776916149817601,GET,chunk_0,11,0,0
1776916149817639,GET,chunk_4,9,0,0
1776916149817645,GET,chunk_0,9,0,0
1776916149817652,GET,chunk_4,8,0,0
1776916149817658,GET,chunk_0,8,0,0
1776916149817665,PUT,chunk_0,8,0,4096
1776916149817670,GET,chunk_0,8,0,0
1776916149817632,PUT,chunk_0,9,0,4096
1776916149817677,GET,chunk_0,9,0,0
1776916149817691,GET,chunk_4,11,0,0
1776916149817700,GET,chunk_2,10,0,0
1776916149817708,GET,chunk_0,9,0,0
1776916149817714,GET,chunk_4,8,0,0
1776916149817580,GET,chunk_0,8,0,0
1776916149817727,GET,chunk_0,9,0,0
1776916149817732,GET,chunk_2,11,0,0
1776916149817741,GET,chunk_4,10,0,0
1776916149817748,PUT,chunk_0,10,0,4096
1776916149817756,GET,chunk_0,10,0,0
1776916149817764,GET,chunk_0,10,0,0
1776916149817771,GET,chunk_0,9,0,0
1776916149817779,PUT,chunk_3,8,0,4096
1776916149817785,GET,chunk_0,8,0,0
1776916149817721,GET,chunk_0,8,0,0
1776916149817797,PUT,chunk_0,8,0,4096
1776916149817803,GET,chunk_0,8,0,0
1776916149817683,GET,chunk_0,10,0,0
1776916149817816,GET,chunk_0,9,0,0
1776916149817821,GET,chunk_0,11,0,0
1776916149817830,GET,chunk_0,10,0,0
1776916149817810,GET,chunk_0,8,0,0
1776916149817845,GET,chunk_3,10,0,0
1776916149817838,GET,chunk_2,10,0,0
1776916149817860,PUT,chunk_2,10,0,4096
1776916149817852,GET,chunk_0,10,0,0
1776916149817875,GET,chunk_1,8,0,0
1776916149817867,GET,chunk_0,10,0,0
1776916149817889,GET,chunk_3,10,0,0
1776916149817881,PUT,chunk_1,11,0,4096
1776916149817904,PUT,chunk_0,9,0,4096
1776916149817896,GET,chunk_0,11,0,0
1776916149817791,PUT,chunk_0,8,0,4096
1776916149817926,GET,chunk_0,9,0,0
1776916149817919,GET,chunk_0,9,0,0
1776916149817940,GET,chunk_0,10,0,0
1776916149817932,GET,chunk_0,10,0,0
1776916149817956,PUT,chunk_0,9,0,4096
1776916149817948,GET,chunk_2,11,0,0
1776916149817971,GET,chunk_0,10,0,0
1776916149817963,GET,chunk_0,10,0,0
1776916149817986,PUT,chunk_0,11,0,4096
1776916149817993,PUT,chunk_0,10,0,4096
1776916149817911,GET,chunk_0,12,0,0
1776916149818009,GET,chunk_0,9,0,0
1776916149818002,GET,chunk_0,10,0,0
1776916149818024,GET,chunk_0,10,0,0
1776916149818017,GET,chunk_0,10,0,0
1776916149818039,GET,chunk_0,10,0,0
1776916149818031,GET,chunk_0,11,0,0
1776916149818055,GET,chunk_0,9,0,0
1776916149818047,PUT,chunk_0,11,0,4096
1776916149818069,GET,chunk_0,8,0,0
1776916149818062,GET,chunk_0,9,0,0
1776916149818083,GET,chunk_0,10,0,0
1776916149818076,GET,chunk_0,11,0,0
1776916149818098,GET,chunk_0,9,0,0
1776916149818090,PUT,chunk_0,10,0,4096
1776916149817978,GET,chunk_0,10,0,0
1776916149818120,GET,chunk_0,9,0,0
1776916149818113,GET,chunk_0,9,0,0
1776916149818134,GET,chunk_1,9,0,0
1776916149818126,GET,chunk_0,10,0,0
1776916149818149,GET,chunk_0,10,0,0
1776916149818142,PUT,chunk_0,11,0,4096
1776916149818164,GET,chunk_1,9,0,0
1776916149818156,GET,chunk_0,10,0,0
1776916149818179,PUT,chunk_0,10,0,4096
1776916149818171,GET,chunk_0,11,0,0
1776916149818106,PUT,chunk_0,11,0,4096
1776916149818202,GET,chunk_0,11,0,0
1776916149818194,GET,chunk_4,10,0,0
1776916149818217,PUT,chunk_0,8,0,4096
1776916149818209,GET,chunk_1,10,0,0
1776916149818231,GET,chunk_0,10,0,0
1776916149818224,GET,chunk_1,10,0,0
1776916149818247,GET,chunk_0,9,0,0
1776916149818238,GET,chunk_0,10,0,0
1776916149818262,GET,chunk_0,10,0,0
1776916149818254,PUT,chunk_2,11,0,4096
1776916149818276,PUT,chunk_0,8,0,4096
1776916149818269,GET,chunk_0,9,0,0
1776916149818290,GET,chunk_0,10,0,0
1776916149818282,PUT,chunk_0,11,0,4096
1776916149818305,GET,chunk_0,10,0,0
1776916149818297,GET,chunk_0,10,0,0
1776916149818320,GET,chunk_0,8,0,0
1776916149818312,PUT,chunk_0,10,0,4096
1776916149818334,GET,chunk_2,10,0,0
1776916149818327,GET,chunk_0,11,0,0
1776916149818350,GET,chunk_0,10,0,0
1776916149818342,GET,chunk_0,12,0,0
1776916149818365,GET,chunk_1,10,0,0
1776916149818357,GET,chunk_0,11,0,0
1776916149818380,GET,chunk_0,10,0,0
1776916149818373,GET,chunk_0,11,0,0
1776916149818395,GET,chunk_0,9,0,0
1776916149818388,GET,chunk_1,10,0,0
1776916149818410,GET,chunk_0,8,0,0
1776916149818403,PUT,chunk_0,10,0,4096
1776916149818424,GET,chunk_0,10,0,0
1776916149818416,GET,chunk_0,10,0,0
1776916149818439,GET,chunk_0,9,0,0
1776916149818431,PUT,chunk_0,10,0,4096
1776916149818454,GET,chunk_0,10,0,0
1776916149818447,GET,chunk_0,10,0,0
1776916149818469,PUT,chunk_0,10,0,4096
1776916149818461,GET,chunk_0,11,0,0
1776916149818484,GET,chunk_0,10,0,0
1776916149818477,GET,chunk_0,11,0,0
1776916149818499,GET,chunk_0,10,0,0
1776916149818492,GET,chunk_0,10,0,0
1776916149818514,GET,chunk_0,8,0,0
1776916149818507,PUT,chunk_1,10,0,4096
1776916149818528,GET,chunk_4,11,0,0
1776916149818520,GET,chunk_0,10,0,0
1776916149818544,GET,chunk_0,9,0,0
1776916149818536,GET,chunk_0,11,0,0
1776916149818558,PUT,chunk_0,9,0,4096
1776916149818551,GET,chunk_0,11,0,0
1776916149818573,GET,chunk_3,10,0,0
1776916149818565,PUT,chunk_0,11,0,4096
1776916149818589,GET,chunk_0,9,0,0
1776916149818580,GET,chunk_0,11,0,0
1776916149818186,GET,chunk_0,11,0,0
1776916149818611,GET,chunk_4,10,0,0
1776916149818617,GET,chunk_0,10,0,0
1776916149818603,GET,chunk_0,10,0,0
1776916149818626,GET,chunk_0,10,0,0
1776916149818633,GET,chunk_1,12,0,0
1776916149818636,GET,chunk_0,14,0,0
1776916149818650,PUT,chunk_0,12,0,4096
1776916149818656,GET,chunk_1,10,0,0
1776916149818596,GET,chunk_0,11,0,0
1776916149818668,PUT,chunk_4,11,0,4096
1776916149818672,GET,chunk_0,11,0,0
1776916149818642,GET,chunk_0,11,0,0
1776916149818683,GET,chunk_0,10,0,0
1776916149818688,GET,chunk_0,9,0,0
1776916149818680,GET,chunk_3,11,0,0
1776916149818695,GET,chunk_0,10,0,0
1776916149818707,GET,chunk_0,10,0,0
1776916149818713,GET,chunk_4,11,0,0
1776916149818723,GET,chunk_0,9,0,0
1776916149818701,GET,chunk_0,10,0,0
1776916149818737,GET,chunk_0,9,0,0
1776916149818744,GET,chunk_0,9,0,0
1776916149818750,PUT,chunk_0,10,0,4096
1776916149818758,PUT,chunk_0,10,0,4096
1776916149818766,GET,chunk_2,11,0,0
1776916149818774,GET,chunk_0,10,0,0
1776916149818783,GET,chunk_3,9,0,0
1776916149818730,GET,chunk_0,9,0,0
1776916149818797,GET,chunk_3,10,0,0
1776916149818806,GET,chunk_0,12,0,0
1776916149818789,GET,chunk_0,10,0,0
1776916149818815,GET,chunk_0,10,0,0
1776916149818698,PUT,chunk_0,10,0,4096
1776916149818838,PUT,chunk_0,12,0,4096
1776916149818824,GET,chunk_0,10,0,0
1776916149818831,PUT,chunk_3,13,0,4096
1776916149818856,GET,chunk_2,11,0,0
1776916149818859,GET,chunk_0,10,0,0
1776916149818866,GET,chunk_2,9,0,0
1776916149818850,GET,chunk_0,12,0,0
1776916149818870,GET,chunk_0,11,0,0
1776916149818879,GET,chunk_0,10,0,0
1776916149818884,GET,chunk_0,10,0,0
1776916149818890,GET,chunk_0,10,0,0
1776916149818899,GET,chunk_3,9,0,0
1776916149818904,PUT,chunk_3,9,0,4096
1776916149818874,PUT,chunk_0,11,0,4096
1776916149818918,PUT,chunk_4,10,0,4096
1776916149818925,PUT,chunk_0,11,0,4096
1776916149818934,GET,chunk_0,10,0,0
1776916149818942,PUT,chunk_0,10,0,4096
1776916149818950,PUT,chunk_0,10,0,4096
1776916149818957,GET,chunk_1,8,0,0
1776916149818964,GET,chunk_0,8,0,0
1776916149818970,PUT,chunk_0,8,0,4096
1776916149818892,GET,chunk_4,9,0,0
1776916149818982,GET,chunk_0,9,0,0
1776916149818976,GET,chunk_0,8,0,0
1776916149818996,GET,chunk_3,9,0,0
1776916149819004,GET,chunk_0,11,0,0
1776916149819011,GET,chunk_0,10,0,0
1776916149818911,GET,chunk_3,10,0,0
1776916149819020,GET,chunk_0,10,0,0
1776916149819026,GET,chunk_0,12,0,0
1776916149819030,PUT,chunk_0,13,0,4096
1776916149819043,GET,chunk_0,8,0,0
1776916149819049,GET,chunk_0,10,0,0
1776916149819057,GET,chunk_0,10,0,0
1776916149819035,GET,chunk_0,11,0,0
1776916149819072,GET,chunk_0,10,0,0
1776916149819079,GET,chunk_2,11,0,0
1776916149819087,GET,chunk_0,10,0,0
1776916149819095,GET,chunk_0,8,0,0
1776916149818988,GET,chunk_0,11,0,0
1776916149819107,PUT,chunk_0,9,0,4096
1776916149819101,PUT,chunk_0,8,0,4096
1776916149819121,GET,chunk_2,10,0,0
1776916149819113,PUT,chunk_0,11,0,4096
1776916149819137,GET,chunk_0,10,0,0
1776916149819144,PUT,chunk_0,11,0,4096
1776916149819152,GET,chunk_4,9,0,0
1776916149819129,PUT,chunk_0,10,0,4096
1776916149819166,GET,chunk_0,8,0,0
1776916149819172,GET,chunk_0,10,0,0
1776916149819180,GET,chunk_0,10,0,0
1776916149819188,PUT,chunk_0,10,0,4096
1776916149819195,GET,chunk_0,10,0,0
1776916149819203,PUT,chunk_2,9,0,4096
1776916149819211,GET,chunk_0,8,0,0
1776916149819160,GET,chunk_0,8,0,0
1776916149819223,GET,chunk_0,8,0,0
1776916149819229,GET,chunk_0,11,0,0
1776916149819237,GET,chunk_0,10,0,0
1776916149819245,GET,chunk_0,10,0,0
1776916149819252,GET,chunk_0,10,0,0
1776916149819260,GET,chunk_0,10,0,0
1776916149819267,GET,chunk_0,10,0,0
1776916149819275,GET,chunk_0,8,0,0
1776916149819065,GET,chunk_0,10,0,0
1776916149819288,PUT,chunk_0,8,0,4096
1776916149819293,GET,chunk_0,11,0,0
1776916149819301,GET,chunk_0,10,0,0
1776916149819282,PUT,chunk_0,8,0,4096
1776916149819217,PUT,chunk_0,8,0,4096
1776916149819309,GET,chunk_0,11,0,0
1776916149819316,GET,chunk_3,10,0,0
1776916149819323,PUT,chunk_0,11,0,4096
1776916149819330,PUT,chunk_0,11,0,4096
1776916149819343,GET,chunk_0,10,0,0
1776916149819348,GET,chunk_0,9,0,0
1776916149819354,PUT,chunk_0,10,0,4096
1776916149819337,PUT,chunk_0,10,0,4096
1776916149819367,PUT,chunk_0,9,0,4096
1776916149819372,PUT,chunk_3,9,0,4096
1776916149819357,GET,chunk_0,9,0,0
1776916149819387,PUT,chunk_0,10,0,4096
1776916149819394,PUT,chunk_3,10,0,4096
1776916149819402,GET,chunk_0,10,0,0
1776916149819410,GET,chunk_4,10,0,0
1776916149819417,PUT,chunk_0,9,0,4096
1776916149819380,GET,chunk_0,10,0,0
1776916149819431,GET,chunk_0,8,0,0
1776916149819425,GET,chunk_0,8,0,0
1776916149819444,PUT,chunk_0,10,0,4096
1776916149819452,GET,chunk_0,10,0,0
1776916149819460,GET,chunk_0,10,0,0
1776916149819468,GET,chunk_0,9,0,0
1776916149819475,GET,chunk_2,8,0,0
1776916149819437,PUT,chunk_1,11,0,4096
1776916149819487,PUT,chunk_0,9,0,4096
1776916149819493,PUT,chunk_0,11,0,4096
1776916149819501,PUT,chunk_3,10,0,4096
1776916149819509,GET,chunk_0,10,0,0
1776916149819517,PUT,chunk_0,10,0,4096
1776916149819525,GET,chunk_0,10,0,0
1776916149819532,GET,chunk_0,9,0,0
1776916149819540,GET,chunk_4,9,0,0
1776916149819546,PUT,chunk_3,8,0,4096
1776916149819362,PUT,chunk_0,8,0,4096
1776916149819481,PUT,chunk_0,8,0,4096
1776916149819558,PUT,chunk_0,9,0,4096
1776916149819563,PUT,chunk_3,9,0,4096
1776916149819568,GET,chunk_0,10,0,0
1776916149819571,PUT,chunk_0,9,0,4096
1776916149819583,PUT,chunk_0,8,0,4096
1776916149819588,GET,chunk_2,8,0,0
1776916149819577,PUT,chunk_0,9,0,4096
1776916149819595,GET,chunk_0,8,0,0
1776916149819553,GET,chunk_0,8,0,0
1776916149819604,GET,chunk_0,11,0,0
1776916149819608,GET,chunk_0,10,0,0
1776916149819614,GET,chunk_0,10,0,0
1776916149819601,GET,chunk_2,9,0,0
1776916149819622,PUT,chunk_0,10,0,4096
1776916149819628,GET,chunk_0,9,0,0
1776916149819633,GET,chunk_0,10,0,0
1776916149819618,GET,chunk_0,10,0,0
1776916149819647,PUT,chunk_0,9,0,4096
1776916149819652,PUT,chunk_0,10,0,4096
1776916149819660,GET,chunk_0,10,0,0
1776916149819667,GET,chunk_0,10,0,0
1776916149819675,PUT,chunk_0,10,0,4096
1776916149819682,PUT,chunk_0,10,0,4096
1776916149819690,PUT,chunk_0,10,0,4096
1776916149819698,PUT,chunk_3,10,0,4096
1776916149819705,PUT,chunk_1,8,0,4096
1776916149819641,PUT,chunk_0,9,0,4096
1776916149819718,PUT,chunk_3,9,0,4096
1776916149819723,GET,chunk_0,11,0,0
1776916149819732,GET,chunk_0,10,0,0
1776916149819740,GET,chunk_0,10,0,0
1776916149819747,GET,chunk_0,10,0,0
1776916149819755,GET,chunk_2,10,0,0
1776916149819762,GET,chunk_0,10,0,0
1776916149819769,GET,chunk_0,9,0,0
1776916149819712,GET,chunk_0,8,0,0
1776916149819636,GET,chunk_0,9,0,0
1776916149819776,GET,chunk_2,8,0,0
1776916149819786,PUT,chunk_0,11,0,4096
1776916149819791,GET,chunk_0,10,0,0
1776916149819796,GET,chunk_4,10,0,0
1776916149819783,GET,chunk_3,9,0,0
1776916149819805,PUT,chunk_0,12,0,4096
1776916149819801,GET,chunk_0,10,0,0
1776916149819816,PUT,chunk_0,11,0,4096
1776916149819820,PUT,chunk_0,9,0,4096
1776916149819826,PUT,chunk_0,10,0,4096
1776916149819810,PUT,chunk_0,11,0,4096
1776916149819835,PUT,chunk_0,10,0,4096
1776916149819840,GET,chunk_0,9,0,0
1776916149819830,GET,chunk_4,11,0,0
1776916149819849,GET,chunk_0,13,0,0
1776916149819857,PUT,chunk_1,10,0,4096
1776916149819849,PUT,chunk_0,13,0,4096
1776916149819853,PUT,chunk_0,10,0,4096
1776916149819867,GET,chunk_0,10,0,0
1776916149819886,GET,chunk_0,11,0,0
1776916149819872,GET,chunk_0,11,0,0
1776916149819897,GET,chunk_0,12,0,0
1776916149819902,GET,chunk_0,12,0,0
1776916149819879,PUT,chunk_0,11,0,4096
1776916149819915,GET,chunk_0,11,0,0
1776916149819925,PUT,chunk_0,9,0,4096
1776916149819932,PUT,chunk_0,8,0,4096
1776916149819910,GET,chunk_0,12,0,0
1776916149819940,GET,chunk_0,10,0,0
1776916149819946,GET,chunk_1,13,0,0
1776916149819950,GET,chunk_0,15,0,0
1776916149819918,GET,chunk_0,10,0,0
1776916149819964,GET,chunk_2,11,0,0
1776916149819956,GET,chunk_4,12,0,0
1776916149819976,GET,chunk_0,13,0,0
1776916149819970,PUT,chunk_0,11,0,4096
1776916149819979,GET,chunk_0,12,0,0
1776916149820001,GET,chunk_0,12,0,0
1776916149820010,PUT,chunk_0,11,0,4096
1776916149820018,GET,chunk_0,11,0,0
1776916149819987,GET,chunk_0,11,0,0
1776916149820028,GET,chunk_3,10,0,0
1776916149820035,PUT,chunk_1,14,0,4096
1776916149820043,GET,chunk_0,12,0,0
1776916149820053,GET,chunk_0,8,0,0
1776916149820039,GET,chunk_0,17,0,0
1776916149820061,GET,chunk_0,11,0,0
1776916149820067,GET,chunk_0,12,0,0
1776916149820072,GET,chunk_1,11,0,0
1776916149819995,GET,chunk_0,11,0,0
1776916149820078,PUT,chunk_0,13,0,4096
1776916149820095,GET,chunk_4,12,0,0
1776916149820102,GET,chunk_0,11,0,0
1776916149820083,GET,chunk_0,13,0,0
1776916149820119,PUT,chunk_0,10,0,4096
1776916149820126,GET,chunk_3,10,0,0
1776916149820134,GET,chunk_2,10,0,0
1776916149820112,PUT,chunk_0,11,0,4096
1776916149820150,GET,chunk_0,9,0,0
1776916149820142,PUT,chunk_0,10,0,4096
1776916149820164,PUT,chunk_0,10,0,4096
1776916149820157,GET,chunk_1,11,0,0
1776916149820180,GET,chunk_0,10,0,0
1776916149820172,GET,chunk_0,11,0,0
1776916149820087,PUT,chunk_0,12,0,4096
1776916149820200,GET,chunk_1,9,0,0
1776916149820188,GET,chunk_0,9,0,0
1776916149820209,GET,chunk_0,14,0,0
1776916149820215,PUT,chunk_0,12,0,4096
1776916149820194,GET,chunk_0,8,0,0
1776916149820229,GET,chunk_0,13,0,0
1776916149820238,GET,chunk_3,12,0,0
1776916149820247,GET,chunk_0,11,0,0
1776916149820255,PUT,chunk_3,10,0,4096
1776916149820232,GET,chunk_0,13,0,0
1776916149820271,GET,chunk_4,8,0,0
1776916149820278,GET,chunk_0,9,0,0
1776916149820285,PUT,chunk_0,8,0,4096
1776916149820292,GET,chunk_1,9,0,0
1776916149820263,GET,chunk_0,10,0,0
1776916149820305,GET,chunk_0,8,0,0
1776916149820221,PUT,chunk_2,12,0,4096
1776916149820313,GET,chunk_0,10,0,0
1776916149820319,GET,chunk_0,10,0,0
1776916149820327,PUT,chunk_0,8,0,4096
1776916149820299,PUT,chunk_2,8,0,4096
1776916149820337,GET,chunk_0,8,0,0
1776916149820342,GET,chunk_3,8,0,0
1776916149820347,GET,chunk_0,11,0,0
1776916149820355,GET,chunk_0,12,0,0
1776916149820364,PUT,chunk_0,11,0,4096
1776916149820372,GET,chunk_0,10,0,0
1776916149820350,GET,chunk_0,11,0,0
1776916149820321,GET,chunk_2,10,0,0
1776916149820395,PUT,chunk_0,11,0,4096
1776916149820402,GET,chunk_0,9,0,0
1776916149820410,PUT,chunk_2,10,0,4096
1776916149820417,PUT,chunk_0,10,0,4096
1776916149820424,GET,chunk_0,10,0,0
1776916149820433,PUT,chunk_0,10,0,4096
1776916149820440,GET,chunk_0,10,0,0
1776916149820387,GET,chunk_0,10,0,0
1776916149820455,GET,chunk_0,9,0,0
1776916149820448,PUT,chunk_0,10,0,4096
1776916149820380,PUT,chunk_4,11,0,4096
1776916149820477,GET,chunk_0,11,0,0
1776916149820483,GET,chunk_0,10,0,0
1776916149820469,GET,chunk_4,10,0,0
1776916149820493,GET,chunk_4,10,0,0
1776916149820499,PUT,chunk_0,11,0,4096
1776916149820503,GET,chunk_0,12,0,0
1776916149820508,PUT,chunk_2,11,0,4096
1776916149820515,GET,chunk_1,9,0,0
1776916149820520,GET,chunk_0,10,0,0
1776916149820523,GET,chunk_0,10,0,0
1776916149820528,GET,chunk_0,9,0,0
1776916149820461,PUT,chunk_2,12,0,4096
1776916149820538,GET,chunk_0,12,0,0
1776916149820541,GET,chunk_0,13,0,0
1776916149820549,GET,chunk_0,12,0,0
1776916149820555,GET,chunk_0,12,0,0
1776916149820559,GET,chunk_0,12,0,0
1776916149820566,GET,chunk_4,11,0,0
1776916149820533,GET,chunk_0,11,0,0
1776916149820572,GET,chunk_0,13,0,0
1776916149820589,GET,chunk_0,12,0,0
1776916149820597,PUT,chunk_0,10,0,4096
1776916149820578,GET,chunk_0,14,0,0
1776916149820613,GET,chunk_0,10,0,0
1776916149820620,GET,chunk_1,11,0,0
1776916149820628,GET,chunk_0,10,0,0
1776916149820582,GET,chunk_0,12,0,0
1776916149820636,GET,chunk_0,10,0,0
1776916149820606,GET,chunk_0,11,0,0
1776916149820648,PUT,chunk_0,14,0,4096
1776916149820644,GET,chunk_0,12,0,0
1776916149820660,GET,chunk_0,11,0,0
1776916149820667,PUT,chunk_0,12,0,4096
1776916149820653,PUT,chunk_0,12,0,4096
1776916149820683,GET,chunk_3,9,0,0
1776916149820689,GET,chunk_1,9,0,0
1776916149820696,PUT,chunk_3,8,0,4096
1776916149820672,GET,chunk_2,12,0,0
1776916149820703,PUT,chunk_0,8,0,4096
1776916149820708,PUT,chunk_0,10,0,4096
1776916149820677,GET,chunk_0,10,0,0
1776916149820711,GET,chunk_0,21,0,0
1776916149820717,PUT,chunk_0,10,0,4096
1776916149820733,GET,chunk_0,13,0,0
1776916149820724,PUT,chunk_0,13,0,4096
1776916149820745,GET,chunk_0,12,0,0
1776916149820749,PUT,chunk_0,13,0,4096
1776916149820754,PUT,chunk_0,13,0,4096
1776916149820739,GET,chunk_0,12,0,0
1776916149820767,GET,chunk_3,13,0,0
1776916149820762,GET,chunk_0,12,0,0
1776916149820786,GET,chunk_0,11,0,0
1776916149820778,GET,chunk_1,12,0,0
1776916149820802,GET,chunk_0,10,0,0
1776916149820794,PUT,chunk_0,11,0,4096
1776916149820772,GET,chunk_0,12,0,0
1776916149820816,GET,chunk_0,12,0,0
1776916149820822,PUT,chunk_0,10,0,4096
1776916149820830,GET,chunk_0,10,0,0
1776916149820833,GET,chunk_0,11,0,0
1776916149820837,GET,chunk_0,9,0,0
1776916149820816,GET,chunk_0,12,0,0
1776916149820845,GET,chunk_3,9,0,0
1776916149820857,GET,chunk_0,9,0,0
1776916149820848,GET,chunk_0,11,0,0
1776916149820851,GET,chunk_0,9,0,0
1776916149820872,GET,chunk_0,11,0,0
1776916149820865,GET,chunk_0,10,0,0
1776916149820886,PUT,chunk_0,13,0,4096
1776916149820888,GET,chunk_0,12,0,0
1776916149820904,PUT,chunk_0,11,0,4096
1776916149820911,PUT,chunk_0,12,0,4096
1776916149820897,GET,chunk_0,11,0,0
1776916149820921,GET,chunk_0,9,0,0
1776916149820879,GET,chunk_0,12,0,0
1776916149820930,GET,chunk_0,12,0,0
1776916149820935,PUT,chunk_0,9,0,4096
1776916149820947,GET,chunk_0,9,0,0
1776916149820953,GET,chunk_0,10,0,0
1776916149820961,PUT,chunk_0,10,0,4096
1776916149820969,GET,chunk_0,10,0,0
1776916149820941,GET,chunk_0,9,0,0
1776916149820977,GET,chunk_3,10,0,0
1776916149820927,GET,chunk_0,9,0,0
1776916149820989,GET,chunk_0,12,0,0
1776916149820994,GET,chunk_0,11,0,0
1776916149821002,PUT,chunk_0,10,0,4096
1776916149821009,GET,chunk_0,9,0,0
1776916149820984,GET,chunk_0,11,0,0
1776916149821017,GET,chunk_0,9,0,0
1776916149821005,GET,chunk_0,9,0,0
1776916149821026,PUT,chunk_3,14,0,4096
1776916149821032,PUT,chunk_0,11,0,4096
1776916149821023,GET,chunk_2,12,0,0
1776916149821044,PUT,chunk_0,8,0,4096
1776916149821078,GET,chunk_0,9,0,0
1776916149821085,GET,chunk_0,8,0,0
1776916149821066,GET,chunk_0,9,0,0
1776916149821094,GET,chunk_0,9,0,0
1776916149821121,GET,chunk_0,9,0,0
1776916149821098,GET,chunk_2,9,0,0
1776916149821136,GET,chunk_0,10,0,0
1776916149821128,PUT,chunk_0,11,0,4096
1776916149821041,PUT,chunk_0,18,0,4096
1776916149821157,PUT,chunk_0,12,0,4096
1776916149821165,PUT,chunk_0,10,0,4096
1776916149821150,GET,chunk_0,10,0,0
1776916149821174,GET,chunk_0,10,0,0
1776916149821181,PUT,chunk_1,12,0,4096
1776916149821184,GET,chunk_1,14,0,0
1776916149821144,GET,chunk_0,10,0,0
1776916149821189,GET,chunk_0,12,0,0
1776916149821198,GET,chunk_0,9,0,0
1776916149821220,PUT,chunk_0,11,0,4096
1776916149821228,GET,chunk_0,11,0,0
1776916149821236,PUT,chunk_0,10,0,4096
1776916149821204,GET,chunk_0,10,0,0
1776916149821212,PUT,chunk_4,11,0,4096
1776916149821252,PUT,chunk_0,10,0,4096
1776916149821257,GET,chunk_0,11,0,0
1776916149821264,GET,chunk_0,12,0,0
1776916149821268,GET,chunk_0,11,0,0
1776916149821273,GET,chunk_0,10,0,0
1776916149821280,PUT,chunk_0,10,0,4096
1776916149821283,GET,chunk_0,11,0,0
1776916149821287,GET,chunk_2,11,0,0
1776916149821245,GET,chunk_0,47,0,0
1776916149821298,PUT,chunk_0,12,0,4096
1776916149821295,GET,chunk_2,10,0,0
1776916149821310,PUT,chunk_0,12,0,4096
1776916149821316,PUT,chunk_0,11,0,4096
1776916149821322,PUT,chunk_0,14,0,4096
1776916149821327,GET,chunk_0,14,0,0
1776916149821332,GET,chunk_0,13,0,0
1776916149821302,GET,chunk_4,11,0,0
1776916149821346,GET,chunk_0,12,0,0
1776916149821351,PUT,chunk_0,10,0,4096
1776916149821342,GET,chunk_0,12,0,0
1776916149821362,GET,chunk_0,11,0,0
1776916149821358,GET,chunk_0,10,0,0
1776916149821371,PUT,chunk_0,9,0,4096
1776916149821364,PUT,chunk_0,10,0,4096
1776916149821381,GET,chunk_0,11,0,0
1776916149821384,GET,chunk_0,12,0,0
1776916149821399,GET,chunk_0,11,0,0
1776916149821391,GET,chunk_2,13,0,0
1776916149821407,GET,chunk_0,10,0,0
1776916149821414,PUT,chunk_4,10,0,4096
1776916149821421,GET,chunk_0,9,0,0
1776916149821427,PUT,chunk_0,8,0,4096
1776916149821432,GET,chunk_0,8,0,0
1776916149821438,GET,chunk_0,9,0,0
1776916149821443,PUT,chunk_0,9,0,4096
1776916149821447,GET,chunk_0,9,0,0
1776916149821450,PUT,chunk_0,9,0,4096
1776916149821455,PUT,chunk_0,8,0,4096
1776916149821461,GET,chunk_0,8,0,0
1776916149821473,GET,chunk_0,9,0,0
1776916149821467,PUT,chunk_0,8,0,4096
1776916149821487,PUT,chunk_0,10,0,4096
1776916149821494,GET,chunk_0,11,0,0
1776916149821479,GET,chunk_0,11,0,0
1776916149821510,GET,chunk_0,10,0,0
1776916149821503,GET,chunk_0,10,0,0
1776916149821525,GET,chunk_0,9,0,0
1776916149821517,PUT,chunk_3,10,0,4096
1776916149821532,PUT,chunk_0,11,0,4096
1776916149821547,PUT,chunk_0,10,0,4096
1776916149821540,GET,chunk_4,10,0,0
1776916149821562,PUT,chunk_0,9,0,4096
1776916149821554,PUT,chunk_1,10,0,4096
1776916149821570,GET,chunk_2,10,0,0
1776916149821583,GET,chunk_0,9,0,0
1776916149821589,PUT,chunk_0,10,0,4096
1776916149821577,PUT,chunk_0,8,0,4096
1776916149821605,PUT,chunk_0,10,0,4096
1776916149821598,GET,chunk_0,10,0,0
1776916149821620,GET,chunk_0,10,0,0
1776916149821612,GET,chunk_4,10,0,0
1776916149821628,GET,chunk_3,11,0,0
1776916149821643,GET,chunk_0,11,0,0
1776916149821649,GET,chunk_2,10,0,0
1776916149821635,GET,chunk_0,10,0,0
1776916149821659,GET,chunk_0,9,0,0
1776916149821670,GET,chunk_0,9,0,0
1776916149821676,GET,chunk_0,10,0,0
1776916149821664,GET,chunk_0,9,0,0
1776916149821685,GET,chunk_0,11,0,0
1776916149821690,PUT,chunk_0,11,0,4096
1776916149821695,PUT,chunk_0,13,0,4096
1776916149821700,GET,chunk_0,13,0,0
1776916149821706,GET,chunk_0,11,0,0
1776916149821719,GET,chunk_0,8,0,0
1776916149821723,GET,chunk_2,8,0,0
1776916149821731,GET,chunk_0,8,0,0
1776916149821735,PUT,chunk_0,8,0,4096
1776916149821742,GET,chunk_4,8,0,0
1776916149821747,GET,chunk_0,7,0,0
1776916149821753,PUT,chunk_0,7,0,4096
1776916149821757,GET,chunk_0,7,0,0
1776916149821763,GET,chunk_2,7,0,0
1776916149821767,PUT,chunk_0,7,0,4096
1776916149821773,GET,chunk_4,7,0,0
1776916149821778,GET,chunk_0,7,0,0
1776916149821784,GET,chunk_0,7,0,0
1776916149821788,GET,chunk_0,7,0,0
1776916149821794,PUT,chunk_0,7,0,4096
1776916149821798,GET,chunk_1,7,0,0
1776916149821804,GET,chunk_0,7,0,0
1776916149821809,GET,chunk_2,7,0,0
1776916149821814,GET,chunk_0,9,0,0
1776916149821819,GET,chunk_0,10,0,0
1776916149821827,GET,chunk_0,10,0,0
1776916149821833,GET,chunk_0,10,0,0
1776916149821841,GET,chunk_0,8,0,0
1776916149821846,PUT,chunk_0,10,0,4096
1776916149821853,PUT,chunk_0,11,0,4096
1776916149821861,PUT,chunk_4,10,0,4096
1776916149821868,PUT,chunk_0,9,0,4096
1776916149821874,GET,chunk_0,8,0,0
1776916149821881,GET,chunk_0,8,0,0
1776916149821886,PUT,chunk_0,8,0,4096
1776916149821893,PUT,chunk_0,8,0,4096
1776916149821897,GET,chunk_3,8,0,0
1776916149821904,GET,chunk_4,7,0,0
1776916149821909,GET,chunk_3,7,0,0
1776916149821914,GET,chunk_0,7,0,0
1776916149821919,PUT,chunk_4,7,0,4096
1776916149821924,PUT,chunk_0,7,0,4096
1776916149821929,GET,chunk_0,7,0,0
1776916149821935,GET,chunk_0,7,0,0
1776916149821939,GET,chunk_0,7,0,0
1776916149821945,GET,chunk_0,7,0,0
1776916149821950,GET,chunk_0,7,0,0
1776916149821955,PUT,chunk_4,9,0,4096
1776916149821961,PUT,chunk_0,10,0,4096
1776916149821969,GET,chunk_0,9,0,0
1776916149821975,GET,chunk_0,8,0,0
1776916149821987,GET,chunk_4,8,0,0
1776916149821998,PUT,chunk_3,7,0,4096
1776916149822008,GET,chunk_4,7,0,0
1776916149822018,GET,chunk_0,6,0,0
1776916149822028,PUT,chunk_0,8,0,4096
1776916149822039,GET,chunk_0,8,0,0
1776916149822050,PUT,chunk_0,8,0,4096
1776916149822062,GET,chunk_0,8,0,0
1776916149822073,GET,chunk_0,8,0,0
1776916149822084,GET,chunk_0,8,0,0
1776916149822095,GET,chunk_0,8,0,0
1776916149822106,GET,chunk_0,7,0,0
1776916149822116,GET,chunk_2,6,0,0
1776916149822124,GET,chunk_0,6,0,0
1776916149822134,GET,chunk_0,6,0,0
1776916149822142,GET,chunk_0,6,0,0
1776916149822151,PUT,chunk_0,7,0,4096
1776916149822161,GET,chunk_0,9,0,0
1776916149822173,PUT,chunk_0,8,0,4096
1776916149822184,PUT,chunk_0,6,0,4096
1776916149822194,GET,chunk_0,6,0,0
1776916149822204,PUT,chunk_0,7,0,4096
1776916149822213,PUT,chunk_4,7,0,4096
1776916149822223,GET,chunk_0,7,0,0
1776916149822234,GET,chunk_2,8,0,0
1776916149822245,GET,chunk_3,6,0,0
1776916149822254,GET,chunk_0,8,0,0
1776916149822265,GET,chunk_0,8,0,0
1776916149822276,PUT,chunk_0,6,0,4096
1776916149822285,GET,chunk_0,6,0,0
1776916149822294,GET,chunk_0,7,0,0
1776916149822303,GET,chunk_0,6,0,0
1776916149822312,PUT,chunk_0,8,0,4096
1776916149822324,GET,chunk_0,8,0,0
1776916149822335,PUT,chunk_4,8,0,4096
1776916149822347,GET,chunk_0,7,0,0
1776916149822356,GET,chunk_0,6,0,0
1776916149822365,GET,chunk_0,6,0,0
1776916149822374,PUT,chunk_0,6,0,4096
1776916149822382,GET,chunk_0,5,0,0
1776916149822390,PUT,chunk_0,6,0,4096
1776916149822398,GET,chunk_0,5,0,0
1776916149822406,GET,chunk_0,6,0,0
1776916149822414,GET,chunk_0,5,0,0
1776916149822422,GET,chunk_1,5,0,0
1776916149822430,PUT,chunk_4,7,0,4096
1776916149822440,GET,chunk_4,7,0,0
1776916149822450,PUT,chunk_0,10,0,4096
1776916149822464,GET,chunk_0,8,0,0
1776916149822475,PUT,chunk_0,8,0,4096
1776916149822486,GET,chunk_0,8,0,0
1776916149822497,GET,chunk_0,6,0,0
1776916149822506,GET,chunk_0,6,0,0
1776916149822515,PUT,chunk_0,6,0,4096
1776916149822523,GET,chunk_0,6,0,0
1776916149822532,PUT,chunk_0,7,0,4096
1776916149822542,GET,chunk_0,6,0,0
1776916149822554,PUT,chunk_0,8,0,4096
1776916149822565,GET,chunk_3,8,0,0
1776916149822577,GET,chunk_0,7,0,0
1776916149822587,GET,chunk_0,6,0,0
1776916149822596,GET,chunk_0,6,0,0
1776916149822605,GET,chunk_0,7,0,0
1776916149822614,PUT,chunk_0,7,0,4096
1776916149822625,GET,chunk_1,7,0,0
1776916149822636,PUT,chunk_0,8,0,4096
1776916149822647,GET,chunk_0,7,0,0
1776916149822658,PUT,chunk_0,8,0,4096
1776916149822668,GET,chunk_4,6,0,0
1776916149822677,GET,chunk_4,6,0,0
1776916149822686,PUT,chunk_0,6,0,4096
1776916149822695,PUT,chunk_2,6,0,4096
